source,target,weight
1,194,0.32274434707107474
1,196,0.3232740838177524
1,201,0.19664892145724783
1,204,0.1287750066704433
1,205,0.11565175548798343
1,811,0.3943723906086828
1,813,0.7259406265978511
1,819,0.4507016242241878
1,841,0.39746081452755816
1,1396,0.2536738979724793
1,1397,0.21136990055594929
1,1440,0.3653901586274097
1,1484,0.26288314930175105
1,1491,0.3150204667284928
1,2362,0.3566155621483984
1,2395,0.466385670290511
1,2591,0.35718306257223176
1,2595,0.2209908260241004
1,2596,0.3294583600890586
1,2597,0.6815267374394675
1,2607,0.24380740032009274
1,2648,0.6024494132084796
1,2881,0.3640108904185312
2,195,0.5450263748365928
2,204,0.7670380753671664
2,370,0.28499142516349524
2,818,0.47315140896972574
2,1405,0.2814748486940753
2,1483,0.4410847529341544
2,1936,0.42851000460100014
2,2124,0.20691905616054265
2,2395,0.11448999312146016
2,2591,0.31002758977964523
2,2596,0.258886221699182
2,2598,0.3617392184581012
3,1120,0.3758513905640829
3,1125,0.30285447241071783
3,1494,0.39516315552633197
3,1520,0.6650395000792114
3,1522,0.4818826835875201
3,1595,0.399997935719837
3,1701,0.35264993673699047
3,1710,0.3007769090440067
3,1731,0.8596303391772905
3,1886,0.27714423078504297
3,2073,0.2963614680164667
3,2174,0.477313526405611
3,2176,0.3818586231005729
3,2180,0.5379845957647151
3,2327,0.7172987456274669
4,6,0.2660191641472614
4,13,0.319919529449041
4,16,0.33355879000005567
4,17,0.36582358874231735
4,59,0.35014328823191904
4,351,0.5097404215934482
4,821,0.4164116576809141
4,830,0.7996353482984838
4,1010,0.46624696326231096
4,1315,0.3774782234023659
4,1477,0.4264759605508453
4,1489,0.21872138268858923
4,1495,0.30010124225805435
4,1563,0.406365148365957
4,1740,0.3733415985773273
4,2601,0.2541704363908033
4,2607,0.36189834402394333
4,2619,0.18506633239646722
5,9,0.6121006137376332
5,14,0.5033526591496529
5,15,0.11114182499177169
5,17,0.26407997090430657
5,18,0.42767393889562444
5,185,0.2318335726928114
5,708,0.37403954767593345
5,817,0.2640943885949328
5,825,0.30598788999896664
5,838,0.26723972736144175
5,840,0.42902977504763024
5,1031,0.4744902303388482
5,1037,0.2970889175126828
5,1040,0.9146390458688352
5,1166,0.370058014737852
5,1555,0.41689555224224945
5,1774,0.27714117587276377
5,1888,0.4669816284301673
5,1937,0.5600853576023258
5,1942,0.27074726841662405
5,2122,0.25767159608157936
6,15,0.2619317477838319
6,370,0.2640839685639128
6,818,0.2705826883100082
6,1405,0.510052531068108
6,1477,0.14550735260379236
6,1486,0.48642661119349534
6,1936,0.5025978777188987
6,2591,0.48995201105991393
6,2596,0.46487647169743285
6,2598,0.6722211295866565
6,2601,0.5645177992564548
6,2607,0.5771621069456995
7,379,0.7137421937170323
7,1402,0.6066750678248901
7,1445,0.7363329982482367
7,1468,0.7471751095435852
7,1472,0.3085079601160528
7,1500,0.36919417638704705
7,2410,0.4158321347281887
7,2422,0.35906879370161454
7,2478,0.3261591986153371
7,2504,0.3728595436308294
7,2571,0.347230590583821
7,2588,0.35493223085552017
7,2649,0.31323967158039284
7,2814,0.40687933372474155
7,3013,0.4111197136126699
8,11,0.34636975532046954
8,205,0.21174621760799173
8,371,0.5177972061899772
8,388,0.7492754872151008
8,402,0.15777391158911636
8,811,0.33199675936571016
8,927,0.2752802661263154
8,928,0.4576305000216514
8,1440,0.6008983824272736
8,1484,0.1865225720675405
8,1491,0.18024814963655078
8,2063,0.21086499315719792
8,2119,0.5843418971877667
8,2395,0.3296820345622387
8,2648,0.26544524414112824
9,15,0.3484641612275622
9,16,0.3566901047305887
9,17,0.5312658538709056
9,18,0.24833107500985963
9,173,0.2677850945221127
9,185,0.6044815762592138
9,198,0.3282597206219893
9,817,0.5719411189788637
9,825,0.3929500359412938
9,834,0.28963900492240446
9,840,0.5394016742305372
9,1040,0.5214981488762032
9,1774,0.4587111862211992
9,1888,0.21341947607595152
9,1937,0.18645712554917962
9,2122,0.39846748220349204
10,12,0.482748442069422
10,448,0.3252407187755047
10,1117,0.270197257831663
10,1484,0.3395435848841155
10,1488,0.2807537202849706
10,1492,0.5970736410575043
10,1496,0.29462008880380647
10,1500,0.2766639300064399
10,1501,0.33434188939479254
10,2312,0.364104058519155
10,2337,0.4004159364380076
10,2644,0.2928139789748997
10,2649,0.20211646556461474
10,2808,0.2691964093666719
10,3013,0.3171083330417197
11,12,0.2049873517715572
11,13,0.3138061667132292
11,388,0.10545882430554725
11,402,0.7016227204039434
11,410,0.37547929773598976
11,414,0.40849786484122214
11,416,0.3951788764343602
11,927,0.09206510470138593
11,928,0.23396794918654187
11,1440,0.09241629396160268
11,1484,0.05660224041058981
11,2119,0.10763451811915928
12,402,0.13692033461966574
12,507,0.35731066573894205
12,676,0.3282856897606298
12,693,0.517297643936767
12,841,0.18090759398952347
12,927,0.36078934819960623
12,928,0.36110306653714264
12,1484,0.2328384261097971
12,1491,0.17448510813440987
12,1492,0.4022924182047593
12,1905,0.3215645366149811
12,2063,0.2504893614315958
13,15,0.32458448323418343
13,16,0.9603595777484739
13,17,0.8586359171777701
13,20,0.47193694316795426
13,402,0.41770965324064324
13,403,0.486112262060183
13,455,0.1997601666661818
13,515,0.3785516137553617
13,517,0.1427479495832872
13,1153,0.2314090581555587
13,1171,0.4289932964497481
13,1172,0.12734674714631214
13,1250,0.182155487667723
14,18,0.48657571616132456
14,695,0.32939975704353036
14,705,0.3289372597510766
14,708,0.6719023497515269
14,1020,0.3274817733444996
14,1031,0.33915176361861304
14,1040,0.46747143536868013
14,1166,0.36815035985365946
14,1555,0.30742961796587587
14,1942,0.35127854711387246
14,2187,0.46549416775692615
15,16,0.3920991473686463
15,17,0.432599842673098
15,18,0.08680852908429579
15,185,0.4780280865706457
15,403,0.3630394645514302
15,840,0.16140638065963842
15,2598,0.208664848422554
15,2607,0.12959246200321015
16,17,0.9153017622381903
16,18,0.21707355078472063
16,20,0.4804869568086798
16,402,0.35341775995399505
16,403,0.45227209931167767
16,458,0.29105045240070093
16,515,0.2877646495974858
16,1163,0.1965304131414002
16,1250,0.15352478951471954
16,2231,0.1561785010696459
17,18,0.3556205453705058
17,20,0.6012781292029437
17,403,0.41468315806789047
17,460,0.23391017801464098
17,515,0.24926228874702858
17,1040,0.21698708796404767
17,1250,0.14861731049679835
17,2231,0.21063337013056527
18,20,0.5983782848094504
18,272,0.5361671228723859
18,404,0.3291024616298341
18,458,0.3806872298119808
18,695,0.32574621673646
18,708,0.3343976302827092
18,899,0.3282098220714266
18,920,0.2234811832931018
18,1031,0.4788564795899104
18,1037,0.357789001659306
18,2177,0.3765964446053567
18,2231,0.6149983634308941
19,360,0.28333297303277766
19,377,0.3628530812787728
19,449,0.31200675863630445
19,705,0.3746659085674535
19,715,0.5119330583670828
19,764,0.27619434608590265
19,1144,0.3314684360871709
19,1587,0.20327341086890888
19,2050,0.3655768753538136
19,2066,0.4857433242879082
19,2198,0.5948340605887116
19,2204,0.7421697499636216
20,272,0.4533395202219854
20,403,0.2974205774554664
20,453,0.4047878494235969
20,455,0.47179483269600614
20,458,0.36819140186138694
20,460,0.44357117725251893
20,515,0.33252209136430133
20,695,0.20794956179660593
20,722,0.3311248278884744
20,1170,0.325816821733073
20,1250,0.32216483569229415
20,2231,0.3765495749791394
21,1134,0.5326084429159363
21,1176,0.11715623017983008
21,1186,0.13736553622801853
21,1188,0.22423789990242252
21,1190,0.46824715580084886
21,1597,0.36910534033749626
21,1971,0.541207513403266
21,2190,0.5371145865116818
21,2367,0.21702725954763732
21,2390,0.20914193488412702
21,2401,0.45401850561520357
21,2404,0.23896066606748623
21,2435,0.2993562827859582
21,2453,0.3046306310122389
21,2455,0.34177455262144896
21,2463,0.37598582852630275
21,2575,0.2644164520294173
22,227,0.1874616621180524
22,236,0.4438154598165185
22,1180,0.4552766096786505
22,1270,0.2910135493441613
22,1669,0.2871821897855715
22,1670,0.4249011462727167
22,1676,0.21502274967596177
22,1682,0.23761008902795772
22,1973,0.4544091431466872
22,1991,0.26332741508181245
22,1992,0.8443100126669787
22,1996,0.5393165259379507
22,2001,0.39235794999648604
22,2009,0.5647788616644166
22,2070,0.4238277411071987
22,2148,0.38208497698877364
22,2278,0.7975831910136195
22,2297,0.42971647629010273
23,38,0.7105120990348642
23,50,0.24577924663447928
23,51,0.3820152986562301
23,57,0.40964075745396256
23,77,0.41419711686684746
23,224,0.31658379124022124
23,1140,0.4801897238189013
23,1169,0.31337759103845364
23,1527,0.5182894783764195
23,1668,0.4015010752138688
23,2000,0.2414649199471554
23,2279,0.5717506778115043
23,3011,0.23653144719501826
25,27,0.36753885664894
25,28,0.7500596318951765
25,29,0.8167624024451551
25,73,0.2597191187709043
25,418,0.4003316695490973
25,504,0.6862805264495425
25,666,0.38659284631598706
25,727,0.48718315399361417
25,1224,0.8237256345976669
25,1233,0.38601096434201126
25,1632,0.5361501373569514
25,1665,0.3527242058425246
25,1979,0.3928714441411966
25,2144,0.7333929938039969
25,2161,0.3410536480903397
25,2221,0.14915503628575952
25,2275,0.7040745796093476
25,2281,0.3581550073597638
26,28,0.3176464986284626
26,42,0.5062358345247152
26,66,0.3507620430791733
26,75,0.3610356391030973
26,77,0.38770298300788625
26,224,0.3169092934602983
26,420,0.2867907296230299
26,422,0.4127260341009462
26,430,0.26629905706878065
26,448,0.4257313124948995
26,757,0.37025231334265024
26,1008,0.2821941790463199
26,1135,0.7552939446011115
26,1233,0.7022829042754
26,1243,0.4077630767103422
26,1258,0.3516038317168386
26,1575,0.4428561432244629
26,1764,0.4451644451940108
26,1977,0.4008516357429717
26,2000,0.518390095574584
26,2193,0.41813447860568903
26,2237,0.1229877716043345
26,2281,0.40680117871293375
26,2318,0.36553464257955576
27,29,0.39478657515955223
27,206,0.37663310490506136
27,269,0.3415198653496405
27,504,0.49026049546675643
27,896,0.32540101750169614
27,1258,0.4527254030061558
27,1506,0.46266982450896416
27,1665,0.4884572465419522
27,1979,0.3695202247749573
27,2193,0.35876773602238743
27,2220,0.24523611723632754
27,2221,0.20405994238709407
27,2226,0.26220270688087755
27,2275,0.4111174498210477
27,2281,0.327004165421223
27,2513,0.43375920342560326
27,2582,0.33340445474898384
28,29,0.5288065133262652
28,57,0.4192139878308188
28,504,0.3663720015566196
28,843,0.2951915946960822
28,860,0.3450990924152028
28,890,0.4372480112782428
28,1224,0.5817949579506699
28,1233,0.5369062920741556
28,1632,0.35907919084276985
28,2000,0.3856405855179025
28,2144,0.5556039160534493
28,2220,0.27065310810785026
28,2221,0.2827498225975865
28,2238,0.23448694730431796
28,2275,0.3943395346841666
28,2281,0.3674751068062926
29,66,0.3265607161033926
29,73,0.4456261255305149
29,418,0.3617963687315139
29,430,0.31937358869603033
29,504,0.8035814778147763
29,666,0.5320396986248498
29,727,0.4561618528810329
29,1224,0.5826371580700597
29,1258,0.3420661581744797
29,1632,0.4558051770417816
29,1665,0.41975156306733014
29,2144,0.5480674231539876
29,2161,0.464740360638975
29,2275,0.6219645576017587
30,35,0.5196314068910698
30,40,0.2627451629792858
30,401,0.39516259953950306
30,416,0.32381477776395573
30,459,0.34411806207927226
30,581,0.38712505188697377
30,601,0.7899140767778545
30,607,0.5176599060608497
30,1051,0.19793550094745616
30,1059,0.2245351577157983
30,1175,0.2663274448361739
30,1230,0.25036086654041845
30,2620,0.2984117615563894
30,2809,0.19745213857516078
31,41,0.34544684896858474
31,45,0.43456601175755044
31,56,0.8292716455460997
31,60,0.34281994486524675
31,61,0.3975525134281409
31,71,0.5420308993614327
31,364,0.40590103921586584
31,378,0.7429563354375059
31,387,0.5738764578936894
31,443,0.5724434013811908
31,490,0.3381108864372666
31,593,0.4253894445593929
31,735,0.314676376271715
31,1256,0.35282772293349807
31,1603,0.40718353224169235
31,2203,0.6017066529779611
32,242,0.32375045002231206
32,521,0.37783718472141653
32,534,0.5936582826658379
32,668,0.5982311113623804
32,704,0.3197192091095124
32,717,0.5003759629348398
32,744,0.3643493647293856
32,749,0.31211720400674015
32,1356,0.3398921045149953
32,1357,0.603281371859679
32,1533,0.5857010834753854
32,1642,0.3446892350337681
32,1653,0.40585850449218286
32,1663,0.7565779146185104
32,1693,0.42892786696216395
32,2030,0.4524526916930573
32,2155,0.655865503533413
32,2299,0.40954740452481303
32,2317,0.6175660583543393
33,48,0.34419544397987
33,56,0.3505990813785226
33,72,0.28476100381589287
33,78,0.2761935446849204
33,366,0.28862883439788944
33,490,0.38532700504547157
33,499,0.6773815742396861
33,535,0.3652585567930486
33,554,0.4721143191508055
33,725,0.4384665141698833
33,735,0.4474250085293797
33,1137,0.38036041950642296
33,1139,0.6780947350275202
33,1249,0.4184223323279012
33,1609,0.4624078056345986
33,2191,0.4641455801528964
33,2203,0.40337382887113876
34,37,0.25186792506231503
34,48,0.3661560727487491
34,56,0.19294025099520784
34,65,0.35598102329843545
34,69,0.5899167856738812
34,72,0.42430048432826667
34,80,0.6343085826570771
34,484,0.4201487679199721
34,552,0.4499433786425686
34,578,0.4152021158440593
34,779,0.2472661507323558
34,1565,0.25823286413035984
35,40,0.5055768238909629
35,42,0.21609387326871643
35,51,0.23586378076543354
35,53,0.4275421065297211
35,83,0.3694750557023599
35,510,0.21252599106199369
35,601,0.5610579663925114
35,607,0.33545683326466563
35,676,0.33079238733020155
35,686,0.23284966519315642
35,693,0.4288692430453848
35,1230,0.33635779488747003
36,68,0.3241607786337825
36,361,0.5702221794793194
36,367,0.23473565222826265
36,372,0.49429567260715945
36,381,0.4059867676657613
36,384,0.49955530898850675
36,441,0.6223429664915383
36,502,0.08784144872042529
36,529,0.6842300460290774
36,547,0.5545809967961588
36,571,0.631715494526723
36,1246,0.3570808459515516
36,1572,0.4106401080241898
36,1621,0.4770999900784284
37,41,0.3888056717924136
37,45,0.5264163824002787
37,48,0.4556293741729548
37,56,0.35378160820029886
37,61,0.5314296802934161
37,68,0.23940267915542401
37,74,0.43697064601804936
37,80,0.3673093639436769
37,82,0.32534337528873464
37,484,0.38725127564777595
37,578,0.872927044705697
37,586,0.6486792844935358
37,606,0.08314913300719189
37,789,0.4697523603302128
37,790,0.3290965940639489
38,44,0.3012691092396897
38,51,0.38881955837691384
38,77,0.37633549597303634
38,679,0.3384138734494557
38,1140,0.7822675911984804
38,1169,0.5375489728884059
38,1238,0.4229940936968832
38,1333,0.3835443568330094
38,1668,0.4984417266931034
38,2279,0.38276644275293037
38,3011,0.41338597814663863
39,50,0.3971091370818045
39,63,0.7003779779611838
39,67,0.4738955312848965
39,72,0.3903101821161306
39,78,0.3732996139813851
39,491,0.8847945433349763
39,546,0.2827469532705816
39,587,0.5217802896327042
39,1153,0.304381228348371
39,1155,0.2902615396601539
39,1638,0.17754956735150737
39,1645,0.13461607649485158
39,2202,0.19046600596109883
40,81,0.48074646933796394
40,83,0.347423973880609
40,421,0.6144446580838072
40,509,0.2857598935707105
40,510,0.4328826066094337
40,601,0.4378895178367365
40,679,0.22624287592060302
40,686,0.4617498299798739
40,1140,0.28664670607015735
40,1230,0.8010272626108985
40,1333,0.3908016947591641
40,2620,0.5174253436906985
40,2809,0.6999542599667005
41,43,0.30460794149454
41,45,0.6231717517165063
41,56,0.4220420211602199
41,359,0.336783233457903
41,369,0.4815474629116271
41,387,0.4832322083109164
41,431,0.7159051312866829
41,438,0.38938254363639896
41,443,0.34096788215801366
41,1228,0.350998386475149
42,75,0.3780514288117446
42,422,0.5030999849860782
42,448,0.49521090793781597
42,507,0.42134918667036725
42,676,0.31489269023383326
42,693,0.34727707097483346
42,757,0.866416536443562
42,986,0.5180976452206092
42,1008,0.2562880675602249
42,1135,0.4173054828179187
42,1243,0.4323114283835766
42,1575,0.24550612695229423
42,1600,0.37868800986744444
42,1764,0.2867303931809844
42,2237,0.23629532775703285
42,2621,0.29304901451786375
43,58,0.33352922374180144
43,68,0.34558875851362086
43,82,0.4568551467292077
43,381,0.4982131174220796
43,391,0.5732211262025668
43,431,0.49954683120084853
43,435,0.5077916563986224
43,438,0.6163736080792405
43,501,0.34635049492324094
43,530,0.6122467891321183
43,543,0.636263999313184
43,571,0.33382263072922336
43,738,0.2795051551256748
43,756,0.5708055129148477
43,1228,0.5691474727362519
43,1302,0.3145015593337446
44,368,0.2885812324729988
44,380,0.4344373341879326
44,679,0.6137367222423721
44,1226,0.39221411104654563
44,1238,0.45666089218221323
44,1260,0.5977890257535181
44,1599,0.3199210656087676
44,1919,0.4969289332034286
44,1986,0.4404623670450965
44,2005,0.4929983042526869
44,2006,0.615187249129948
44,2252,0.3562354367808505
44,2288,0.4518604986688812
44,2320,0.6480528484017674
44,3011,0.46516986192231474
45,46,0.4582567144956298
45,56,0.5529945802830685
45,61,0.5824046917621036
45,68,0.38157632211728965
45,74,0.21145953423129954
45,82,0.3044999143677965
45,359,0.6458404085778762
45,369,0.5077696490425477
45,431,0.49363434037359466
45,443,0.3469418181535544
45,578,0.35992423790311656
45,586,0.21746055579174706
45,1246,0.3935865510573849
45,2203,0.33394255767694464
45,2885,0.17578842613522436
46,68,0.5771580384958672
46,359,0.4401645946730564
46,367,0.2900342527452934
46,369,0.41400389671803906
46,381,0.2302456887385969
46,390,0.3764805749167782
46,401,0.19816399211037852
46,529,0.48575364919666136
46,535,0.5224881921124365
46,554,0.5364985313737185
46,1246,0.7419547951364046
46,1249,0.5645989232682131
46,1609,0.4458832600033884
46,2203,0.24450762812708093
47,48,0.32413287194188933
47,53,0.529790661295284
47,71,0.3200537813167901
47,74,0.78300554668334
47,301,0.6220439638432935
47,378,0.4384690376756166
47,401,0.19043952959161065
47,485,0.41362659494096604
47,517,0.3894572155442685
47,554,0.3635276004835837
47,586,0.441700207511396
47,593,0.6150675702217038
47,1139,0.2903823068441953
47,1142,0.386945371219066
47,1171,0.24374212533428594
47,1175,0.3782537650819318
48,61,0.22935402212381875
48,63,0.34395710982165173
48,72,0.3252448636817162
48,74,0.4691380187152404
48,80,0.4996580567614087
48,484,0.4954498935157964
48,535,0.2734225166736553
48,578,0.5594836976596322
48,586,0.5269737410455415
48,589,0.28708425685188077
48,592,0.3244499257572166
48,779,0.2747208147185264
48,790,0.5771848040693104
49,303,0.38121256564761613
49,450,0.6592501734367974
49,675,0.3451644981695295
49,677,0.4243809094111883
49,767,0.44505314269141033
49,998,0.5118166912708884
49,1138,0.4249764345975617
49,1161,0.27950669139469975
49,1232,0.8533122335863577
49,1256,0.40472452714158075
49,1608,0.36787944117144233
49,1978,0.6569904838909917
49,1985,0.5762118393551025
49,1987,0.45748053367746966
49,2008,0.31166148829374596
49,2011,0.33427080284822663
49,2280,0.38291332389368565
49,2311,0.8132972486505187
50,53,0.4519859650005409
50,63,0.30580128178029303
50,67,0.5661877825185204
50,79,0.24369975627406368
50,301,0.24401884219914713
50,491,0.3593644717166914
50,587,0.22040536235087357
50,676,0.2474755906460248
50,693,0.2802787890665279
50,1142,0.18514720628140027
50,1175,0.2115099221414196
50,1527,0.18543103622865983
50,2024,0.2944110349357189
50,2192,0.16276515155324225
51,75,0.6902421551797846
51,77,0.6147347698197415
51,83,0.6346301573170011
51,224,0.5222511445083916
51,763,0.4356992296355757
51,794,0.19098655696836941
51,1136,0.3781509492748389
51,1140,0.5951007212795958
51,1169,0.4247919728671806
51,1236,0.43063070680814375
51,1333,0.41398312441114526
51,2279,0.4541092129811147
51,2338,0.1436712812923702
52,308,0.3132536838508336
52,391,0.3881069510555135
52,446,0.49107997262667624
52,482,0.3861943219504457
52,530,0.2531292713239613
52,540,0.31690000176417554
52,559,0.26181794875339753
52,1012,0.30989751627417117
52,1562,0.4759841222981193
52,1565,0.39711866455644984
52,1693,0.5605916753086322
52,1880,0.4079115971199307
52,2153,0.2006754710845524
52,2299,0.2754925393748009
53,62,0.38783858001504384
53,63,0.3701575135585861
53,67,0.49859975084564007
53,69,0.41239223723911606
53,74,0.5461837567620077
53,79,0.21623057672005086
53,301,0.5477627725246863
53,766,0.1842102374713405
53,1142,0.3342373414052356
53,1175,0.5066480401207578
54,367,0.7565010614029055
54,390,0.30854205685415076
54,455,0.41720457703836317
54,485,0.44786984781550904
54,490,0.3597193633763791
54,499,0.22831362136086158
54,517,0.4823626992360047
54,554,0.26330929836755823
54,1011,0.3070272709491844
54,1170,0.37604917727353093
54,1171,0.327321571210282
54,1609,0.4800621582742536
54,1630,0.24962574034359306
55,71,0.40659653014807934
55,357,0.4474498211294512
55,452,0.5377918135551186
55,459,0.29643314153467315
55,505,0.25631383409620984
55,515,0.35957877444663316
55,667,0.42400570816099314
55,1054,0.4310045128971068
55,1059,0.6409361753895612
55,1071,0.2701574685759614
55,1147,0.5073495511247498
55,1250,0.385125501684648
55,1275,0.434821375556087
55,1615,0.450980698902343
55,1995,0.2710456868756455
55,2192,0.3550785176182951
56,61,0.6858314668498242
56,65,0.3307139089867469
56,71,0.3894704194976618
56,378,0.5137019951562701
56,387,0.38492647379841366
56,443,0.4327863546236631
56,490,0.2623586011182541
56,578,0.3551078106927684
56,756,0.3341901147320319
56,1174,0.3402375718355875
56,1256,0.33982144630897815
56,1603,0.38229474351974746
56,2203,0.6309354156217696
57,66,0.38187956547891727
57,77,0.3728971528785546
57,224,0.3987129395479955
57,778,0.24449295371005958
57,860,0.30348522326823413
57,890,0.31547157788387253
57,1523,0.42384254536592136
57,1527,0.329273687215527
57,2000,0.49203085746231473
57,2144,0.3010372262505914
57,2220,0.3338362553536678
57,2238,0.323992333452502
57,2279,0.5037215632057561
57,2281,0.30853172612919016
58,435,0.3506692411875884
58,496,0.36074215266210374
58,751,0.3406149268927817
58,756,0.3153076261891487
58,1063,0.29960142302092607
58,1185,0.3189758013119143
58,1356,0.380671124152943
58,1624,0.536898678833216
58,2030,0.287184790497407
58,2034,0.30990222787971106
58,2149,0.47674819190282225
58,2276,0.4614515588243967
58,3012,0.38842807769389365
59,485,0.24899495584017586
59,506,0.32783689172357294
59,515,0.31507863727829477
59,830,0.2414160027220527
59,1010,0.784268544176846
59,1011,0.30672068328915064
59,1109,0.4276849739117435
59,1212,0.27985426498707533
59,1250,0.31629906370218136
59,1315,0.43911745872701646
59,1526,0.3574298524829279
59,1540,0.6471182885371068
59,1740,0.8575641971839553
59,1760,0.2745376990669131
59,1863,0.5238545396384889
59,2074,0.36064126216198567
59,2167,0.29610567940276467
59,2619,0.4462096969881332
59,3005,0.4537352862420269
60,366,0.3931090110388904
60,378,0.32309128972981493
60,505,0.590917905575027
60,511,0.37234916047915684
60,677,0.3513654344043494
60,725,0.4926629940365125
60,735,0.3477257878314936
60,992,0.4668419385179807
60,1174,0.44505480544568676
60,1256,0.7651196750154342
60,1275,0.3089134374801521
60,1603,0.4350517047739855
60,1604,0.3936165471303907
60,1659,0.6476472339836037
60,1675,0.5480420785104564
60,1985,0.4082797523152946
60,2060,0.39779005384991795
60,2191,0.6224144345021841
60,2203,0.5258163261574026
61,65,0.3945504171463548
61,74,0.23424631962572898
61,359,0.4467054918566218
61,435,0.3787609433567206
61,484,0.3373766723918145
61,578,0.5003994517816399
61,586,0.27693810238074323
61,754,0.48073912398817287
61,756,0.4405782230924765
61,789,0.24096415191327433
61,1174,0.5044719124282117
61,1603,0.4677422817868275
61,2203,0.5790710417270115
62,67,0.3919606156825358
62,69,0.545419159509217
62,79,0.32033124242162436
62,80,0.3594215567204536
62,83,0.43323749177407045
62,579,0.5412617100842921
62,581,0.32119789319099157
62,586,0.33151403274098923
62,766,0.48986856048184585
62,776,0.29527604348107184
62,780,0.5594900934403858
62,781,0.3143772296067163
62,784,0.4603860869570665
62,789,0.5538225787941992
62,794,0.3388909620889212
62,871,0.35742237615206524
62,1051,0.280106041546863
62,1175,0.6328594750331448
62,1333,0.17831083701911113
63,67,0.5006098768501003
63,69,0.36065057214790847
63,72,0.6308949777813064
63,78,0.3936816634283783
63,491,0.5168756269854738
63,524,0.1759055959360829
63,587,0.2721901718591789
63,1153,0.3743446216696615
63,1155,0.2898160380615334
65,435,0.3980281365946929
65,484,0.4008636107932524
65,552,0.6802375681915326
65,574,0.5651263061894888
65,578,0.34313660420346564
65,754,0.8195775771793977
65,756,0.32866381141513623
65,779,0.3839683877661098
65,783,0.3543123247887078
65,1138,0.3037133006695199
65,1302,0.4416746762658333
65,1972,0.40780298708482016
66,73,0.33629040791504144
66,77,0.5656538588912834
66,504,0.3359853501470846
66,1243,0.621836298572507
66,1523,0.64244026865242
66,1527,0.3486881797940325
66,1598,0.3634126455426715
66,1665,0.38994323572742023
66,2144,0.41927566499766034
66,2161,0.5614099151449671
66,2275,0.268044725616978
66,2281,0.38088309517480917
67,69,0.6202662949874398
67,79,0.16402853809124598
67,491,0.48445509357512967
67,587,0.23059776316677227
67,766,0.16285182725449565
67,780,0.5894443889936345
67,871,0.46974456447476337
67,1175,0.29067333627680897
67,2194,0.17305092510948433
68,82,0.6306095474717031
68,359,0.4306273289347738
68,381,0.4965408679826132
68,435,0.6119514449986116
68,438,0.4872880733318111
68,441,0.4944569431800841
68,529,0.34092327744352313
68,530,0.5302324402404783
68,535,0.2723248626233762
68,578,0.25685228479005057
68,738,0.4021385154130932
68,756,0.48251688213219546
68,1048,0.2656094550434571
68,1246,0.7086032128993769
68,1249,0.5861713635882886
69,74,0.2815335396770848
69,80,0.6041151056354255
69,83,0.238848867534438
69,766,0.16878248529532108
69,780,0.36913253427525894
69,789,0.3183496148739493
69,1175,0.25838317495088403
69,2194,0.15188619321666644
70,214,0.42726529241929645
70,271,0.5945269469495047
70,833,0.3576641715618353
70,920,0.2821181156131861
70,1020,0.2978177133509344
70,1116,0.41410698022001263
70,1125,0.3573363920267126
70,1157,0.5366501832459333
70,1316,0.3694899754744309
70,1557,0.3818037432270402
70,1578,0.631383355593386
70,1583,0.5336144284498128
70,1595,0.2612255365433762
70,1694,0.4784755148191606
70,1699,0.32126411488741025
70,1770,0.4115461242178247
70,1780,0.5979382722038548
70,1904,0.41281074579026406
70,1948,0.443321440601066
70,1950,0.4521220573180055
70,2158,0.3083862363859204
70,2274,0.3731616212452298
71,301,0.47761127909557866
71,357,0.4910124346543485
71,364,0.43918137487963677
71,378,0.7533337312553798
71,452,0.6059999264375723
71,480,0.3024560541465927
71,485,0.23624884272275143
71,505,0.3291148110154022
71,517,0.3299103084514
71,593,0.6007912777586139
71,1059,0.3222634975340953
71,1142,0.5502469912444167
71,1147,0.28413442001970235
71,1175,0.29238637672477347
71,1603,0.35675604548549916
71,1615,0.31546855477720925
71,2203,0.3186256395644356
71,2286,0.4031459460261453
71,3005,0.5452337765976064
72,78,0.6052767142526211
72,490,0.4008393079975149
72,499,0.16361186926760315
72,524,0.31711134093674387
72,735,0.2710628919205903
72,1153,0.343191266755284
72,1351,0.25833626559944917
72,1642,0.17125370752060756
73,405,0.19117658822191871
73,504,0.2977176139458253
73,604,0.20813905659131024
73,666,0.7757743906307042
73,727,0.22236876766601582
73,785,0.17414049578412577
73,1134,0.40263840183895255
73,1150,0.5369945058589066
73,1632,0.3660400006021823
73,1665,0.22104623858989347
73,2161,0.3558443227064636
73,2238,0.35136850676045756
73,2275,0.2035036371060372
74,301,0.4432262577736116
74,578,0.3047066096650259
74,586,0.751350340118871
74,593,0.2688064213878507
74,607,0.2164479681645306
74,789,0.39329213361484144
74,1175,0.2933712527306252
75,77,0.48833461190718913
75,83,0.37309709938335245
75,224,0.5053051852043756
75,422,0.31572003619345035
75,763,0.5509504311664869
75,860,0.2486455631181482
75,1135,0.5243238858863116
75,1136,0.3195564922802434
75,1233,0.6280660099109672
75,1236,0.46329583169358857
75,2000,0.2975418294982876
75,2338,0.20530227789029062
76,269,0.4645312872299155
76,278,0.38266235405036314
76,362,0.32025940908222883
76,373,0.5134287224522909
76,414,0.04420110794751258
76,430,0.5659562413557726
76,478,0.3518593705573535
76,918,0.35768895095778475
76,1150,0.27591229920391463
76,1258,0.46956946294384005
76,1488,0.4211414027636845
76,1620,0.372940780859994
76,2210,0.3586634097924931
76,2392,0.452860143941862
76,2408,0.3433579841788789
76,2547,0.4951097259232643
76,2571,0.3368983600112166
76,2887,0.5246799510205179
77,1008,0.23506441251661983
77,1243,0.7395872102773796
77,1523,0.35612978949826923
77,1527,0.33728339913170435
77,1575,0.29744089274822855
77,1598,0.3529901535604216
77,2000,0.46118117197014363
77,2144,0.3526374928569314
77,2279,0.3666565778654689
78,366,0.24218393021372184
78,491,0.4652925783229664
78,512,0.374176547712044
78,671,0.3561425142343024
78,735,0.3957008037150763
78,742,0.4224579479345727
78,1153,0.4371101812903976
78,1257,0.34416559122610113
78,1645,0.4591112163110867
78,2191,0.2751368115401026
78,2194,0.3004627336055986
79,83,0.3536701693483483
79,452,0.3170254637310023
79,581,0.46545195946300194
79,674,0.3542052697376581
79,676,0.3785323822668216
79,686,0.46334732857307437
79,766,0.5914786841069485
79,1140,0.3613882401796759
79,1141,0.34327217238120206
79,1142,0.37242866206321723
79,1175,0.5050893953157014
79,1333,0.4457595544487605
79,1993,0.3542010869136747
79,1995,0.307848727919511
79,2024,0.5818294635642125
79,2192,0.623242247941972
80,484,0.3419017423185776
80,578,0.48626055699772885
80,586,0.4255690272132901
80,589,0.2660894463960432
80,592,0.28002514145755425
80,779,0.3316077801856239
80,783,0.40801796832144316
80,784,0.33096676559199806
80,789,0.48237674026112853
81,368,0.6581266002682534
81,380,0.5039248016856013
81,421,0.7147796588479859
81,498,0.3693070672355895
81,508,0.2450023142207992
81,509,0.40787994013615714
81,679,0.4919059531321283
81,731,0.4146997915325059
81,748,0.3543497172262035
81,1226,0.4460318965123288
81,1229,0.6744788000647248
81,1230,0.44839965744322846
81,1234,0.2705306037593008
81,1599,0.36390408862163565
81,1919,0.40488243382182815
81,2620,0.3004932092422292
81,2809,0.5518515063864504
82,359,0.3630002746179507
82,381,0.40324524214936164
82,431,0.4055668905033123
82,434,0.37551634321101146
82,435,0.5513449670322683
82,441,0.5347773626765161
82,442,0.2139132959141685
82,501,0.25898334770663595
82,502,0.11702405011449647
82,530,0.30625141208053563
82,578,0.33862178492377487
82,591,0.38905889987836495
82,738,0.7498985522038427
82,756,0.45760644454978733
82,806,0.3621861126763729
83,509,0.2618977373410727
83,581,0.36619027052384534
83,601,0.2659757970913578
83,763,0.4086085605977662
83,776,0.3349835385686946
83,794,0.49530400931102775
83,1140,0.4759512085235994
83,1169,0.3933130892633678
83,1236,0.2174212312432355
83,1333,0.559966707705874
83,2338,0.31054414921777346
167,168,0.24934045177961203
167,345,0.7932513705351326
167,346,0.2976410651303023
167,352,0.4323260666061329
167,812,0.18547201279388004
167,824,0.3388272552954466
167,1493,0.1826763351282199
167,2371,0.13152393504768964
167,2416,0.10445523046673841
167,2592,0.11841892761059031
167,2602,0.2599626393256207
167,2604,0.10905045595759752
167,2606,0.17734473958823924
167,2876,0.23929551319772022
168,169,0.2782319605180421
168,196,0.2221991271308762
168,201,0.21794772234391463
168,346,0.5481586808609495
168,347,0.9108439800101099
168,348,0.7586671113772057
168,352,0.8165823498050734
168,813,0.10844263942648116
168,834,0.4504634698710796
168,2602,0.09284840138864658
168,2881,0.15629454944026314
169,173,0.40847363751835475
169,195,0.43069310176683334
169,198,0.699227110390404
169,347,0.45579449261108473
169,348,0.5282322744543518
169,349,0.37437364523447425
169,817,0.3133005049844576
169,825,0.29906103303260245
169,834,0.5912762257392504
169,2122,0.2801653788340027
169,2596,0.21872345144631317
169,2598,0.39540087708196003
169,2601,0.46296573516713607
169,2607,0.23065187322704597
173,185,0.603960359175333
173,191,0.4070201410002591
173,198,0.6772441643279546
173,203,0.5990289977933593
173,348,0.303174308848993
173,349,0.40924175194293905
173,834,0.3334161943986719
173,835,0.20802106430738632
173,836,0.20031302392797898
173,838,0.5263147422062108
173,840,0.4928164447078177
173,1742,0.2730420740241956
173,2122,0.29911507379999175
181,687,0.421922834729752
181,930,0.5937497466729689
181,1579,0.21352918883013922
181,1678,0.27581310097600037
181,1717,0.7541106216068331
181,1739,0.3563369986684098
181,1751,0.3673140108710518
181,1889,0.42142894029675687
181,1894,0.28356473655726594
181,1903,0.2736517897488836
181,1943,0.34429017891880304
181,2150,0.3882075311403281
181,2176,0.3318816303049837
181,2181,0.512322126286206
184,239,0.41952655758346863
184,282,0.2923116259425801
184,723,0.6072771376873266
184,993,0.6485477695436287
184,1004,0.2831624597446177
184,1108,0.312026638282467
184,1530,0.3135586183678179
184,1730,0.6451948466714799
184,1895,0.31909120625445747
184,1901,0.85382222785942
184,2028,0.3469536509396998
184,2315,0.3405107642682165
185,198,0.590044182546279
185,203,0.23789712999070514
185,348,0.2657135719705249
185,349,0.4210061111411676
185,825,0.23291504824074222
185,834,0.5357837852629146
185,838,0.3804134563297454
185,840,0.6797951015775493
185,1040,0.18108753131385308
185,1774,0.2967069421315179
188,209,0.3882152937804832
188,294,0.760095397735673
188,570,0.35060453805432634
188,922,0.36156703768060566
188,929,0.439237296657506
188,1030,0.37115182750122555
188,1038,0.5202050232956601
188,1178,0.40191153206167307
188,1787,0.2540008821204477
188,2068,0.41200788680141226
188,2072,0.45759845623378065
188,2080,0.29727960815443233
188,2093,0.3242490820486555
188,2117,0.581279815804359
188,2142,0.5914477153270484
191,203,0.4099928755080889
191,306,0.2554568751882763
191,836,0.3156893344522224
191,838,0.35567586415695734
191,840,0.34779453522788567
191,930,0.2875790124103184
191,1013,0.308796628621297
191,2110,0.12366515216947356
191,2133,0.16099315754505394
191,2137,0.20932757268392488
191,2172,0.16941131424719164
191,2265,0.19322027811634201
194,196,0.44556772405420914
194,204,0.25881376785312327
194,812,0.2103573637164552
194,813,0.5239185156227765
194,1409,0.3083364522115073
194,1446,0.18464945789828033
194,1453,0.28553103724339496
194,1481,0.15504694026993016
194,2362,0.3595953020748679
194,2411,0.3491235090882345
194,2597,0.1809071043498207
194,2876,0.1969858798953871
195,198,0.31704150276634707
195,201,0.3541284821029951
195,204,0.5481559632399097
195,347,0.4242243223938931
195,348,0.4308998785540654
195,813,0.147262900061628
195,818,0.11738599206118397
195,2591,0.21574837708855574
195,2596,0.16440457315822138
195,2598,0.37408517508490646
195,2601,0.22926702293434426
195,2607,0.18642951931350527
196,201,0.5436236356168789
196,205,0.46282931208852734
196,347,0.1405541630271529
196,352,0.35534402456219855
196,813,0.5527998722484567
196,1402,0.15660005620720038
196,1453,0.21115331365182896
196,2362,0.28226319032347225
196,2411,0.33500077784552723
196,2597,0.17160617460656558
196,2606,0.16618137326765225
196,2876,0.19178737450712216
196,2881,0.45121567652723865
198,203,0.26207024794501627
198,347,0.41209633684215435
198,348,0.5811492647304698
198,349,0.736206630449248
198,825,0.33730756019700836
198,834,0.5871211050786374
198,840,0.3266528156504853
198,1742,0.2736577038559312
198,2598,0.49144491549217806
198,2601,0.28329996798711177
201,204,0.3794370798440005
201,205,0.8292244299231377
201,347,0.19879411884795128
201,348,0.19661779475271535
201,349,0.2516220675548868
201,351,0.47063091312270017
201,811,0.4533235697465003
201,813,0.2727103011213219
201,818,0.27241731131002156
201,2119,0.17931532099881528
201,2591,0.37280484326367563
201,2596,0.31347572059929546
201,2607,0.44422485254328004
201,2881,0.22739670078707655
203,836,0.10346933069458158
203,838,0.32078417298652134
203,840,0.15726294741622499
203,1589,0.089337043863129
203,1742,0.20411323404492024
203,2122,0.17393136225967015
203,2172,0.047102552606083634
203,2598,0.19955789373357075
204,351,0.24275331461966004
204,813,0.20047522405100296
204,818,0.4207486897168747
204,1405,0.18003222215632622
204,1483,0.5129609428406511
204,1936,0.40306997176618437
204,2591,0.23786853684717307
205,351,0.3519381954773096
205,371,0.07055970418319298
205,811,0.374324824514143
205,2119,0.2106489447414473
205,2395,0.08507280137839053
205,2591,0.20603721342068074
205,2607,0.28174728350582634
205,2881,0.18552239355310138
206,269,0.3151881509131108
206,890,0.4140567410331448
206,896,0.2720473685274437
206,1107,0.45194795082483585
206,1488,0.3454582256286837
206,1506,0.8297659090671374
206,1665,0.5059058824035972
206,2000,0.3654485747435358
206,2004,0.6126414702566085
206,2193,0.7866946087212521
206,2217,0.19558943828996156
206,2220,0.3341491396835368
206,2243,0.3702526348435625
206,2281,0.6898819936574205
206,2318,0.4250762222372703
207,370,0.3672923239047966
207,1001,0.4387044307286773
207,1179,0.3673139820314025
207,1394,0.30024974667927545
207,1401,0.3244610010755375
207,1403,0.2518062238748452
207,1511,0.35171061094065037
207,1518,0.3671525609620104
207,1875,0.28347527295202957
207,1980,0.24411439767202703
207,2047,0.20169661616422918
207,2813,0.2267260323088971
208,398,0.8612639932883241
208,694,0.378146916142543
208,903,0.6077056969761011
208,1058,0.3284159905014399
208,1164,0.18850446236491208
208,1588,0.6007135556725698
208,1633,0.3746429690449327
208,1641,0.34061343016850326
208,1650,0.2645685455203133
208,1658,0.39369263143049626
208,1686,0.26551442078367876
208,1975,0.44548953138149217
208,1988,0.5747977677105118
208,2302,0.37288950957594497
208,2304,0.37935245645271537
208,2314,0.5990024515541499
209,273,0.40092250945848484
209,294,0.3171642429898155
209,386,0.5355493035760914
209,408,0.4103101371428805
209,1159,0.28511979182666825
209,1178,0.25483515737734486
209,1558,0.238054959401071
209,1602,0.3324553665628668
209,1616,0.23278708336657244
209,2117,0.2511182625605315
209,2136,0.3281910218485638
209,2142,0.21358015331001673
209,2200,0.360289741791782
210,214,0.28293389341776976
210,216,0.3871767797082649
210,221,0.42910104151929995
210,241,0.5308038782626154
210,995,0.6199724134121596
210,1154,0.3723311598681286
210,1304,0.34912344600873
210,1321,0.34589668168268817
210,1989,0.38408506114422286
210,1997,0.3789988628492831
210,2007,0.3004934088200639
210,2304,0.30261366054384675
210,2316,0.5896208824860023
211,236,0.5530276506742537
211,283,0.43205968173517256
211,494,0.4307931480186464
211,1180,0.5315306201002631
211,1185,0.45667248430554347
211,1709,0.3338510842022021
211,1981,0.5048455969642686
211,2001,0.5656750918693697
211,2011,0.4091663920812661
211,2070,0.25925224908704114
211,2278,0.4633773269226168
211,2886,0.6318486164951032
212,708,0.3649575975413563
212,1020,0.1949396412329094
212,1200,0.3550182993596508
212,1206,0.30278341265855896
212,1316,0.2642208387104707
212,1494,0.4040689781191235
212,1589,0.556115433161013
212,1742,0.3527211852458546
212,2120,0.2849851033803429
212,2171,0.30765414527624374
212,2187,0.27870994297976937
212,2189,0.3819001459470074
212,2327,0.25183915795806516
213,214,0.43656592546433276
213,216,0.4532727050524508
213,360,0.4650347551113133
213,451,0.5408562209867089
213,1020,0.3501245708307976
213,1125,0.5262346685217698
213,1203,0.3684548634585403
213,1316,0.3327684622597252
213,1520,0.23511887835189432
213,1522,0.39075451096383257
213,1612,0.41759628862602366
213,2027,0.3752928891471418
213,2158,0.6332583646642406
213,2183,0.5277550934070023
213,2211,0.7120421237333705
214,215,0.4635146732946214
214,216,0.5341730378217728
214,217,0.2980900024434959
214,271,0.6549207688154177
214,360,0.6561653482615588
214,1003,0.34058686663284343
214,1020,0.32149385547921155
214,1157,0.7491206508407715
214,1535,0.394410492621497
214,1583,0.38547465679150295
214,1770,0.38683945340219705
214,2041,0.4942975185380031
214,2158,0.5010856822091339
214,2234,0.3235195585653201
214,2316,0.43226359711182444
215,216,0.3899385184380969
215,220,0.30346734036123596
215,271,0.3597504574206347
215,360,0.4582328558549571
215,449,0.37195855711422904
215,489,0.4178626978276785
215,739,0.5057627989066871
215,1003,0.447814025813908
215,1157,0.5429293743459245
215,1168,0.8069798836523925
215,1189,0.6185468552315609
215,1308,0.6597399626841902
215,1535,0.5756701331428133
215,1612,0.44147869670394746
215,1770,0.33561749786699624
215,1948,0.4706024232176147
215,2021,0.33511080209143385
215,2041,0.6152404291089484
215,2305,0.3546576354657905
216,489,0.3011244009275911
216,739,0.43531884236184065
216,1003,0.6826268543417956
216,1157,0.35659155222882416
216,1304,0.3131662681955541
216,1535,0.4194197299786524
216,1612,0.38431207475812496
216,1770,0.48554156398427417
216,2027,0.3759138390400422
216,2158,0.7212526262235064
216,2211,0.34044421065169106
217,221,0.6895483752158624
217,1066,0.37769981197236685
217,1111,0.5687660534039145
217,1154,0.39002494735183757
217,1157,0.40259304381864974
217,1392,0.5310940314128554
217,1406,0.41422725541723426
217,1699,0.3987929674415143
217,1770,0.6269509720542422
217,1997,0.3704022938658219
217,2234,0.822894578128478
217,2316,0.5583067762892862
218,222,0.37208537059425756
218,458,0.21815280766062978
218,991,0.22867274341264476
218,1315,0.33429430359099743
218,1411,0.33044609741125347
218,1463,0.5361146210957374
218,1489,0.38436234237381806
218,1495,0.5167924261922654
218,1521,0.3786966872375354
218,1906,0.6062948777195672
218,2167,0.31380221193454766
218,2334,0.5009109417885147
218,2619,0.27469840140980134
218,2813,0.6256749355546238
219,223,0.3452224548191603
219,451,0.22676283974876585
219,994,0.3816006793892362
219,1113,0.28339632646133955
219,1121,0.32923831208694443
219,1122,0.318975067137337
219,1127,0.3344614180159765
219,1128,0.4350186659064368
219,1132,0.2898409792795406
219,1321,0.22011699543031077
219,1520,0.3673152607160546
219,2031,0.5543889186048252
219,2131,0.34778556962094004
219,2211,0.24294558832167018
220,230,0.6181141358503845
220,240,0.40041690316029904
220,242,0.3909787700248349
220,449,0.4986638406207783
220,722,0.2684424132177782
220,1047,0.2998836074057745
220,1062,0.27675587495370013
220,1168,0.4120071324714524
220,1535,0.3414197895791859
220,1687,0.624838367055261
220,2030,0.3676709985877993
220,2041,0.364394729517086
220,2155,0.6785201432526361
220,2215,0.42523044183358777
220,2305,0.311701603518793
221,231,0.3668598943635505
221,1066,0.48235184738288206
221,1111,0.377323842648322
221,1146,0.4339425453648585
221,1154,0.599886523923927
221,1157,0.394386872454609
221,1392,0.3595540794206767
221,1406,0.3046671598818398
221,1770,0.33085757534324
221,1988,0.4147741875118396
221,1997,0.2846354970695005
221,2148,0.3703767664967522
221,2234,0.6021893976855055
221,2316,0.6199061477797991
222,1163,0.40164396181498213
222,1394,0.3525686936669943
222,1473,0.4141945406387747
222,1474,0.27429203033572175
222,1511,0.4021300442680693
222,1518,0.45106269149708683
222,1521,0.6630409257685788
222,1549,0.3644054947629419
222,1704,0.47733952453697703
222,1876,0.2775123323437434
222,2165,0.30824529857834954
222,2223,0.49961400983454884
222,2232,0.409952168346318
222,2334,0.6573853922604357
222,2813,0.2944446556242092
223,734,0.31159131313331345
223,1002,0.29829433017299256
223,1108,0.38761894529018326
223,1119,0.5554478956391741
223,1129,0.4780837070444062
223,1132,0.4283837075925384
223,1304,0.4696830583284898
223,1321,0.7052516414388832
223,1776,0.3348388989766483
223,1989,0.5229671475556942
223,2007,0.3786714771643168
223,2035,0.3482396192387595
223,2055,0.5539468825404809
223,2158,0.40397795339082976
224,229,0.29057322493501964
224,312,0.4310247518497415
224,763,0.48749966766541136
224,788,0.2521346588636728
224,860,0.25376373385782774
224,890,0.3905803251880737
224,1135,0.38226110728389123
224,1136,0.6891242269791138
224,1231,0.4258340843532799
224,1233,0.41211037280024954
224,1236,0.6101938420134029
224,2000,0.5811681059172983
224,2279,0.835211938252713
224,2338,0.16797755840518186
224,2621,0.3371573722818636
225,228,0.5302784668065588
225,327,0.33146537940929655
225,582,0.3781679587957409
225,716,0.3279853125120269
225,844,0.31808381683641107
225,884,0.380875681906864
225,916,0.4172255538896003
225,1673,0.28565975562770834
225,2218,0.3378548101005237
225,2219,0.1945421121023191
225,2229,0.21543121042305374
225,2236,0.19901263256820445
225,2245,0.42360330222454945
226,270,0.2891394211236583
226,891,0.5839574251791148
226,1110,0.30061607292268316
226,1510,0.5802135960755006
226,1512,0.7656873474795509
226,1519,0.4673477653512142
226,1669,0.2975297567608902
226,1676,0.6357217322572235
226,2223,0.28489921213181024
226,2225,0.3614835521602977
226,2233,0.5022811798217167
226,2241,0.3398460165172999
226,2248,0.5897331955587015
227,236,0.18015178876429164
227,844,0.5205694736039462
227,884,0.43042472456952213
227,1431,0.3702996434097663
227,1643,0.20044520220710413
227,1669,0.6785135038169551
227,1676,0.5416796894072246
227,1682,0.6337327396373438
227,1991,0.3405898567080884
227,1992,0.18379447154506637
227,2297,0.3413073268792817
228,229,0.360913238286793
228,716,0.11323829605351594
228,844,0.3181554517876088
228,884,0.320266233138301
228,1165,0.26445970627623444
228,1509,0.3349604716990089
228,1672,0.4808342580718769
228,1673,0.7294241942039621
228,1999,0.4543705184589213
228,2146,0.4356138031105187
228,2218,0.5626739527520654
228,2229,0.6382511060030788
228,2236,0.3894391625637333
228,2245,0.3633128557257843
228,2880,0.3097508917651903
229,312,0.7933811137314946
229,325,0.42091158639371845
229,327,0.33668414476108716
229,788,0.31234827513864183
229,883,0.2543175378674952
229,890,0.26980994101018124
229,916,0.22829798264432888
229,1184,0.4133840203310814
229,1231,0.31825582439171185
229,1672,0.48656419111467747
229,2010,0.2423471143478326
229,2146,0.40254912665837994
229,2219,0.4099234733191302
229,2222,0.3841839149703308
229,2229,0.5169478633281529
229,2279,0.3685502999624255
229,2880,0.5826494530563889
230,240,0.5398582944098523
230,280,0.3278398728356886
230,449,0.2857676012241443
230,697,0.4440003553699775
230,859,0.396343540096346
230,902,0.5843579769589548
230,1047,0.4794675699061277
230,1052,0.332079092819644
230,1057,0.4745832722580848
230,1276,0.32934394594419736
230,2155,0.30252712536240767
230,2215,0.5334518135441108
231,241,0.574387986516272
231,284,0.3729754186172312
231,697,0.33192868345043697
231,739,0.389057392132459
231,895,0.26783508970665193
231,903,0.3107602401910873
231,908,0.42824054623833535
231,1003,0.3384057795198214
231,1066,0.6420541036545218
231,1072,0.3993216846757794
231,1146,0.9870173811895464
231,1988,0.3460982717388976
231,2314,0.3464391460791461
232,235,0.49663722060634596
232,277,0.43352815233556724
232,537,0.36000595471892877
232,736,0.44429683735404796
232,752,0.27771510587461334
232,753,0.5087822792146821
232,771,0.3275901165558655
232,787,0.5179247028890468
232,1052,0.5060062429816012
232,1149,0.4516406447883598
232,1290,0.43212265038175174
232,1339,0.3963177910531403
232,1646,0.40928602043575485
232,2212,0.3897240615182753
233,280,0.3144765946857659
233,281,0.277042006695768
233,745,0.20760013178308764
233,859,0.32767171172932213
233,1052,0.24346353825101755
233,1057,0.6304268555629478
233,1287,0.3274651175609568
233,1310,0.27996189893861606
233,1312,0.3240204159445922
233,2018,0.4625345458182819
233,2039,0.24514920720494218
233,2151,0.7921988623940974
234,236,0.37392185975576064
234,844,0.33968417001486256
234,891,0.6608743749600572
234,1110,0.34147109242206775
234,1165,0.32229656056212996
234,1180,0.3729666190308047
234,1184,0.314970653053937
234,1512,0.3754153382142169
234,1519,0.3746419629771082
234,1669,0.26417672201940356
234,1672,0.5946892147428319
234,1676,0.2690578399169785
234,1981,0.5434336935194437
234,1990,0.4337156789200245
234,2011,0.3378196253140532
234,2146,0.7461647610895297
234,2225,0.528214621182208
235,279,0.3695213934792542
235,548,0.39724922122955597
235,746,0.5617659589668768
235,747,0.5450774957752147
235,752,0.35679142667878005
235,770,0.28491805870132814
235,787,0.3024437865376608
235,808,0.5013383091674898
235,1052,0.6563773511910672
235,1053,0.34752248841717986
235,1055,0.4637146806393339
235,1610,0.3848577474401431
235,1646,0.5381864613296078
235,2017,0.55360823713094
235,2023,0.36590523418752385
236,895,0.3634070151287952
236,1180,0.3411926455205915
236,1676,0.23368835508620783
236,1973,0.29962009713627075
236,1981,0.3804590698395631
236,1992,0.41580671983535233
236,1996,0.4504869746923032
236,2001,0.3689259189139428
236,2011,0.5597971249004938
236,2070,0.3529468629887785
236,2148,0.3599789945731541
236,2278,0.6712473148747231
236,2886,0.453758910830056
237,283,0.5309955175027524
237,383,0.5563835215164079
237,505,0.4716273681272528
237,767,0.7182393873340959
237,1174,0.4009246802068795
237,1191,0.7954435595652494
237,1232,0.33286364554385584
237,1256,0.28197666091845064
237,1603,0.41504551865822653
237,1659,0.28178643737619047
237,1985,0.3821825935084191
237,2025,0.6214396879805866
237,2340,0.3892600774161701
238,437,0.35439246050029183
238,445,0.31778772890282847
238,493,0.3916102791526757
238,532,0.4942911030879539
238,761,0.46561276609689245
238,773,0.7621552352724297
238,774,0.4014179713400922
238,907,0.3869632144999377
238,1069,0.42381759361557425
238,1268,0.3390341767156658
238,1279,0.7142612141976741
238,1297,0.2647706233185192
238,1299,0.7289108519036702
238,2023,0.4859310674860004
238,2159,0.2122325375967798
239,281,0.39483593989253646
239,282,0.6572726366215216
239,723,0.32829821746866883
239,734,0.6560496498123114
239,743,0.49621453315864833
239,898,0.3928480823867183
239,993,0.49306017725704565
239,1119,0.5240385795491292
239,1129,0.5624172284813734
239,1304,0.3655019813043426
239,1312,0.25101242849301025
239,1664,0.46967733110842697
239,1730,0.23596257069416696
239,1901,0.24275735690763442
239,1989,0.30653949815279175
239,2018,0.392436871019685
239,2039,0.40294859700474417
239,2055,0.42769007911123763
239,2304,0.5346408908188609
239,2332,0.34735833927025234
240,276,0.4438202377026137
240,280,0.581816253062461
240,282,0.5080445696732775
240,489,0.5125085962346946
240,697,0.7448590246171513
240,745,0.36067770492540785
240,755,0.5607393196225627
240,859,0.6173850594585312
240,902,0.3190816687250965
240,1052,0.4214457922944772
240,1057,0.479496075056965
240,1146,0.2624096230787578
240,1285,0.34909334043856444
240,1310,0.35386198346839143
240,1644,0.4991378404453604
240,1782,0.37389718932861865
240,2039,0.4089206479449792
241,276,0.27551321038146
241,697,0.23647039680232257
241,734,0.20098920723443497
241,859,0.3152081833817727
241,895,0.48108394770203405
241,995,0.3079284961266224
241,1066,0.2785017183644447
241,1146,0.6147615086827539
241,1304,0.19517451385008586
241,2018,0.2555720024491256
242,534,0.42722518243798363
242,668,0.312687349144153
242,704,0.5781698940639438
242,714,0.657147959696755
242,717,0.4221367489289396
242,722,0.4347914240980822
242,903,0.26857085871002245
242,1062,0.47485345487010244
242,1167,0.4441008733783214
242,1647,0.2904556772311704
242,1651,0.36486959784648665
242,2155,0.3828956654186776
242,2199,0.42795954844444634
243,591,0.4381019665900904
243,594,0.36713252889200026
243,595,0.33053299924066537
243,600,0.36122909353568683
243,603,0.6333719505411438
243,738,0.43924795132177713
243,771,0.45804451786137224
243,793,0.25454167467172223
243,797,0.39062340038837795
243,800,0.4092366609079024
243,802,0.5784574686137858
243,803,0.36547602498531495
243,806,0.697155038326086
243,877,0.32778616921863235
243,879,0.2553427517007329
243,880,0.31210691779982624
243,881,0.35317043247083274
243,882,0.34053324675650637
243,885,0.4503814151499207
243,1960,0.3894012839623465
243,1965,0.20621695786968403
243,1966,0.15089797596302304
243,2149,0.46763981183036835
243,2249,0.6344919830582995
269,373,0.29618706830987007
269,385,0.17890453058019534
269,478,0.3257138944130815
269,1007,0.44648885301239827
269,1258,0.44529425516247845
269,1488,0.42579657188957587
269,1506,0.2667692017621141
269,1665,0.39887758300771153
269,1783,0.4062675755900632
269,1874,0.33422456023292124
269,1977,0.373674416179207
269,1979,0.4195225272857013
269,2392,0.7386504995625455
269,2408,0.43091601050053613
269,2582,0.4374800566777493
269,2887,0.5382565087309227
270,891,0.35565753113157256
270,1112,0.3145775151857955
270,1392,0.38981031201901434
270,1394,0.4092394907889954
270,1401,0.323115073883209
270,1474,0.33422101935191023
270,1510,0.4162215449200505
270,1512,0.28593337478262393
270,1519,0.3816699408299179
270,1549,0.2682363584171084
270,1709,0.286870125350698
270,1885,0.3651503828545389
270,1982,0.3385883119247833
270,2062,0.3614456151435268
270,2070,0.27061461136127124
270,2148,0.446749047093013
270,2186,0.28785736476622914
270,2593,0.45091687265324965
271,1154,0.3361545335509634
271,1157,0.8570247311389383
271,1557,0.3501720428995054
271,1583,0.6659497699906428
271,1694,0.47671801560295196
271,1696,0.3616703788656485
271,1770,0.38465814486309763
271,1780,0.520012688704546
271,1904,0.3093980122554548
271,1950,0.6020451732228992
271,1988,0.36682201275654347
271,2041,0.48166023128582425
271,2234,0.28719994351764266
271,2296,0.5063126811330064
271,2310,0.36830707896639264
271,2314,0.3953976777970969
271,2316,0.3129100236078081
272,453,0.35706414105540935
272,545,0.28761842800059795
272,695,0.529422240403022
272,722,0.4057463734030291
272,899,0.38389681661110064
272,905,0.34358574000098896
272,1240,0.32697977099747594
272,1404,0.35890976830106425
272,1628,0.25462188826922294
272,2019,0.3665640866699228
272,2041,0.25365271806937206
272,2231,0.48061953126506046
273,363,0.208928744818402
273,384,0.26344481626151783
273,386,0.6388691513174337
273,395,0.5249653810183358
273,444,0.3323789767658341
273,523,0.3092556733395526
273,737,0.23477323792755253
273,1055,0.3363339630475063
273,1159,0.19600959705915452
273,1242,0.254453179320093
273,1571,0.3660254238833541
273,1602,0.391115143349838
273,1614,0.2282451583427764
273,2200,0.8857488910786738
274,365,0.5385950531135022
274,486,0.7341919573307719
274,518,0.3788562957504716
274,559,0.3916256679457624
274,992,0.5462510586196433
274,1211,0.3030385311855122
274,1240,0.2937086773841989
274,1404,0.4224578445447169
274,1532,0.33171448006608184
274,1611,0.33882722591117626
274,1618,0.3208745639279098
274,1628,0.41602601294504893
274,1629,0.8290193077225412
274,1666,0.3109960715674833
274,1675,0.3335657595618109
274,1703,0.41371622973085553
274,1846,0.3351589520640761
274,1880,0.37578077837463575
274,2287,0.34743975742259514
274,2295,0.39843192939375865
274,2301,0.6429571938952102
274,2333,0.5108363500745832
275,572,0.34111395062540417
275,706,0.4015534208628623
275,764,0.32260194879988885
275,1067,0.36787944117144233
275,1288,0.2798815453642102
275,1593,0.42659682138417054
275,1712,0.3951325916756613
275,2053,0.21743022274147952
275,2058,0.341965186940352
275,2064,0.4667652266047799
275,2066,0.3945898766633077
275,2130,0.0337335832919444
275,2205,0.6994500982748114
275,2618,0.3342636535223399
276,277,0.33733508467516626
276,697,0.7268512119128763
276,751,0.7114996958375597
276,859,0.6798649841355461
276,1056,0.42248143917046493
276,1276,0.4369292480454902
276,1284,0.3897481142989862
276,1533,0.32776691268758484
276,1644,0.44109912697290765
276,1664,0.37634960672771917
276,2018,0.3879406205377687
277,534,0.45046922117214017
277,537,0.5552547231360047
277,697,0.35900545222587044
277,717,0.46359254902461844
277,736,0.23065669421691176
277,753,0.46765501264056436
277,787,0.31898959047231734
277,1276,0.365183601881324
277,1278,0.3392550627038095
277,1280,0.3235019852362561
277,1290,0.45937693109687716
277,1296,0.3027339651866538
277,1298,0.2608837566271524
277,1337,0.2294091187711875
277,1339,0.3868064044428722
277,1343,0.2478893032977124
277,1357,0.41816378998819226
277,1533,0.40581752404335614
277,1644,0.5752899974207798
277,1653,0.5019615528041488
277,1654,0.43427800207586514
277,1664,0.37889184190622677
277,2212,0.35802629158434124
278,373,0.44148641830150004
278,375,0.390672147779724
278,448,0.3154266259663416
278,918,0.543746437529579
278,927,0.4027506281135666
278,1007,0.38070603409125847
278,1410,0.35432978545644056
278,1472,0.4915774306584751
278,1492,0.3830417124221905
278,1496,0.37292632969392403
278,1600,0.4991636853209301
278,1726,0.3594979483568901
278,1758,0.5198065450423948
278,1952,0.35133564337032375
278,2044,0.2746746209696956
278,2422,0.34543612104856236
278,2547,0.3309568060270432
278,2644,0.6869404056548544
278,2808,0.34326428048520524
279,280,0.4876585772028259
279,538,0.3202901671288696
279,745,0.6334165450479037
279,747,0.3480747292936279
279,808,0.307597828272478
279,852,0.37544283297718056
279,909,0.5468088666584899
279,1052,0.41905472349010897
279,1056,0.710701001793246
279,1277,0.19885861125155324
279,1285,0.6160599259412433
279,1287,0.28723164208428853
279,1326,0.703450209194331
279,1610,0.3852827216395959
279,2015,0.9226262887396588
279,2151,0.23684909302089796
280,489,0.33504876539412
280,745,0.6953455968289818
280,755,0.41152967955015235
280,859,0.373417094156664
280,902,0.4143256403264023
280,915,0.34049880142302696
280,1052,0.6500337939426695
280,1057,0.5835092089332757
280,1285,0.5384399388813378
280,1310,0.582984376966625
280,1610,0.3946122579063639
280,2015,0.3692780257907364
280,2039,0.35703282263165254
280,2151,0.2874471441874467
281,282,0.3290016813766963
281,734,0.5758176029847988
281,745,0.3584502240026987
281,898,0.6758966610791138
281,1006,0.4577239827850418
281,1277,0.18144749279136588
281,1292,0.49374577957661525
281,1295,0.1558500390717642
281,1304,0.44090206763011935
281,2018,0.5470581537944496
281,2039,0.36917631910592985
281,2055,0.5900008114625155
281,2325,0.4281792173074742
281,2326,0.5093472539701632
281,2332,0.3464595743560727
282,489,0.5209984690151611
282,668,0.34370808780264994
282,697,0.4814942456884898
282,723,0.479230055904385
282,734,0.6304347577617031
282,743,0.5846228108234074
282,755,0.47153550144158213
282,859,0.31243459431376186
282,993,0.40813798773041743
282,1006,0.3507474757440205
282,1119,0.44345873610278513
282,1129,0.3842051384213944
282,1304,0.3664064127273117
282,1535,0.54215967906116
282,1588,0.3604684091381209
282,1644,0.48391071212353653
282,1664,0.3893264335678191
282,2018,0.29743642630803707
282,2039,0.5557044481832775
282,2304,0.4636603983910576
282,2332,0.29283707826133093
283,284,0.46768602209614235
283,383,0.5480595340420267
283,494,0.6502805190727907
283,767,0.3621150787239813
283,1063,0.319611565318743
283,1066,0.36247869076069483
283,1072,0.6198625306153449
283,1185,0.33397570451403
283,1193,0.38972761178425164
283,1237,0.33453307149479816
283,1406,0.34410420531055597
283,1985,0.30358443908149396
283,2886,0.7555230449108561
284,494,0.30521323505080256
284,902,0.3712520212891208
284,908,0.7345701763621475
284,911,0.7556676266644277
284,1047,0.34189681179133713
284,1066,0.6312045153022864
284,1072,0.7951297271722103
284,1158,0.3090445756961015
284,1185,0.32064285128387837
284,1193,0.7140195267969093
284,1237,0.398670295903621
284,2340,0.395510541466205
284,2886,0.3856673051436029
285,1208,0.35832907838140216
285,1215,0.2225575858653066
285,1220,0.7265595713022809
285,1222,0.5046834876739488
285,1309,0.7212031120646935
285,1322,0.4669324038993962
285,1328,0.8253754467007505
285,1584,0.6013007169222705
285,1864,0.36440488781866404
285,1865,0.35981500485915724
285,2116,0.19045855643212464
285,2125,0.6394158026814752
287,289,0.31092101008785933
287,293,0.43482689855997647
287,295,0.41363475368442726
287,1559,0.499570606290666
287,1569,0.5704846610348584
287,1689,0.30230138369815535
287,1690,0.43589134911384897
287,1747,0.5706045341899272
287,1749,0.27246044342666714
287,1896,0.44389369919420424
287,1929,0.4925572908733225
287,1935,0.2911936082767279
287,1949,0.42381709873124995
287,2087,0.37159753874426976
287,2096,0.37120716156229
287,2255,0.5676439829654397
287,2256,0.44745325646535156
287,2259,0.35617244530291386
288,305,0.8047500907063949
288,721,0.49179811913270155
288,1027,0.249998741237317
288,1044,0.40592202526912463
288,1311,0.27514290281934234
288,1551,0.26690287235425053
288,1613,0.2889181601507478
288,1622,0.552188468449609
288,1626,0.6830881049764687
288,1727,0.47424675451424003
288,1771,0.5069161563905308
288,2254,0.621445345359007
288,2258,0.32342882453702504
289,293,0.35019973605633753
289,479,0.3646965751293694
289,539,0.42088169790043195
289,566,0.3618861767722109
289,1253,0.34935179338596056
289,1564,0.3053591232433167
289,1690,0.5396528919757974
289,1897,0.24399382455352764
289,1909,0.5349688070552208
289,1929,0.3887694032221036
289,1944,0.3553954009094573
289,2259,0.49021950852347873
290,536,0.2690941339038389
290,549,0.5606647071146748
290,563,0.5379314493114822
290,1271,0.8133680079025175
290,1273,0.4302306135466146
290,1336,0.34890161690581334
290,1345,0.47103946632480437
290,1346,0.42021836039958677
290,1350,0.8893923867434086
290,1552,0.38343396817667225
290,2159,0.2178942731644577
290,2260,0.32171884097109466
290,2268,0.6037398938706626
290,2271,0.3259530891702202
292,293,0.24347462213911106
292,297,0.46785089502461513
292,520,0.26992030465215305
292,1028,0.20964119817703275
292,1548,0.31008230432352374
292,1564,0.3120256986173299
292,1730,0.38047483409159766
292,1887,0.5182928467268549
292,1926,0.5017711040680473
292,1938,0.4915501006220962
292,2078,0.4136693639135794
292,2091,0.5825137336453086
293,520,0.45350672408364134
293,566,0.34568847788545315
293,1028,0.6716140875538972
293,1353,0.4043686481131283
293,1429,0.3341317898651961
293,1564,0.8018312150940431
293,1690,0.4580965881523539
293,1747,0.5916017378639384
293,1896,0.32836733172720034
293,1935,0.41200061863441373
293,2056,0.4824249160863545
293,2077,0.42976003620760594
293,2078,0.41940634197197013
293,2091,0.2847670467919942
294,305,0.41133991885468985
294,922,0.41209980898681137
294,1014,0.33117536162785194
294,1027,0.4491624851082161
294,1038,0.3432477512985333
294,1044,0.37344552649747575
294,1924,0.34205013598539513
294,2068,0.43796935295444056
294,2072,0.43237908266702213
294,2080,0.29044523515847986
294,2142,0.33173763200645745
294,2258,0.3587530741960503
295,560,0.35358276210130263
295,1014,0.38026662008590933
295,1223,0.5023377248433586
295,1415,0.33820746128705087
295,1420,0.3671658353272004
295,1423,0.43037560921962875
295,1559,0.2222856298296505
295,1569,0.5728523999471553
295,1680,0.3011115435107735
295,1681,0.37314317241633804
295,1702,0.40431873491463677
295,1747,0.4268399020333172
295,1761,0.4457124178398573
295,1773,0.7234712439630565
295,1848,0.47555519940146784
295,1856,0.7007276780162034
295,1896,0.3696478219653933
295,1916,0.325192980132571
295,1928,0.48943546511356495
295,2080,0.3894239578025767
295,2087,0.6105492406843983
295,2255,0.5916097628692213
295,2256,0.37954799844769727
295,2258,0.22190922507664962
296,516,0.33433973078160406
296,556,0.25871530485712874
296,1323,0.3762801571362632
296,1336,0.2952039310334054
296,1344,0.41391813327127785
296,1348,0.37631550108845435
296,1420,0.28486984599752213
296,1552,0.49001010240487175
296,1722,0.3261670897467809
296,1732,0.39849793000416883
296,1741,0.3656789714934767
296,1746,0.5530686804732373
296,1753,0.4114736786565815
296,1892,0.31916055572582186
296,1918,0.566480989590846
296,2054,0.3342475103935454
296,2067,0.3324995880448588
296,2094,0.35122187119173603
296,2260,0.3747945770275751
296,2271,0.6048498641466038
297,520,0.5483516521010656
297,558,0.4258093624923729
297,1353,0.31032250297970654
297,1548,0.5842336395030606
297,1561,0.7598785185276962
297,1564,0.3478401525051738
297,1648,0.44168465537493834
297,1745,0.31176276566835925
297,1926,0.43010049565157066
297,2077,0.2967893746848876
297,2091,0.3864510270467862
298,300,0.8371474552661335
298,436,0.46890422625628153
298,479,0.35830103630356736
298,487,0.44264100888436597
298,523,0.2898904963309944
298,1026,0.5593573074873588
298,1207,0.32013927624385285
298,1422,0.46955492259151826
298,1618,0.3525942329108662
298,1703,0.27582221348274344
298,1769,0.265225894288554
298,1912,0.38201941530833383
298,1925,0.36588595344285313
298,1932,0.3442260865115678
298,1939,0.35509851199038134
298,2257,0.43118328372755366
300,365,0.2643359146739999
300,436,0.5846715816442157
300,1026,0.5065910903710165
300,1207,0.25194694316586413
300,1211,0.27625673001843853
300,1422,0.2505624472675479
300,1618,0.29518904862369244
300,1752,0.28103383115223607
300,1912,0.2626299231279211
300,1917,0.2656794593928427
300,1939,0.32338714032313703
301,378,0.4045112903833245
301,485,0.6505334974911644
301,517,0.3372255170510788
301,593,0.42358689509347436
301,989,0.27172321241257424
301,1142,0.4785263397166544
301,1171,0.167915794507241
301,1175,0.34651570527587083
301,3005,0.4025511793170214
302,307,0.38792464220768275
302,562,0.3798122202367848
302,1416,0.6825446376498596
302,1537,0.30530033138233986
302,1569,0.35929451720777755
302,1593,0.36000394554534865
302,1690,0.4792459304559613
302,1702,0.2503595479885041
302,1849,0.34783422370407596
302,1917,0.6318357068213333
302,1925,0.4300146534291814
302,2088,0.18723761341426023
302,2121,0.3157105006552607
302,2256,0.3511550340549641
302,2259,0.3876649428251145
303,382,0.5963563463400068
303,450,0.3629149711932145
303,998,0.7405812776630649
303,1112,0.39457479017790675
303,1449,0.33752096200853665
303,1562,0.46824001347645566
303,1592,0.36200117781841235
303,1608,0.7334803744083054
303,1670,0.29242260874475023
303,1679,0.3169273583104004
303,1700,0.8690497819977616
303,1879,0.5693975259503353
303,1973,0.3895403726132112
303,2008,0.3175582880623861
303,2009,0.37374687402978807
303,2062,0.4971152377254379
303,2070,0.6335526893688752
303,2303,0.3877837367730805
303,2311,0.33543205291936945
304,556,0.4857142175369564
304,566,0.4094715998339901
304,1214,0.3052430106280323
304,1347,0.2938844949695926
304,1546,0.4762566863268616
304,1594,0.29050385854103766
304,1715,0.41594602730736463
304,1733,0.3517649478590564
304,1750,0.44196388293706057
304,1908,0.3452403582394538
304,2056,0.3741942787689612
304,2078,0.5651973733893177
304,2269,0.4442245466932666
305,721,0.5425711728854236
305,1014,0.2146125101568997
305,1027,0.5324362290704283
305,1033,0.4104283417535033
305,1044,0.7252023354250609
305,1417,0.29175810284478015
305,1551,0.3029910263344029
305,1622,0.32492606738170227
305,1626,0.47402847769650575
305,1771,0.33468653736938897
305,1872,0.31125369696041133
305,2254,0.7287022285647645
305,2258,0.5279568841774349
306,1412,0.2436269241311922
306,1426,0.3049831013919662
306,1617,0.3630925107887934
306,1714,0.3723835186733232
306,1739,0.3013159204114733
306,1870,0.5366902319267368
306,1933,0.3786497839672093
306,1945,0.4242144800609188
306,2079,0.6162101007771378
306,2082,0.7429035910571156
306,2089,0.3711055021099387
306,2137,0.2856153488879173
306,2265,0.5044636129465806
307,560,0.6318147207292021
307,562,0.590577474172468
307,565,0.49507949745626006
307,570,0.2942246132199596
307,1195,0.38050225088995043
307,1217,0.30947117890242437
307,1218,0.5822744127705061
307,1223,0.38941918369392203
307,1416,0.3686802794978405
307,1422,0.31076370709066825
307,1429,0.5750165161311288
307,1581,0.582656470481641
307,1591,0.4371900922290006
307,1856,0.4251816587702082
307,1916,0.3837400868610343
307,1917,0.3661909461369073
307,1929,0.32126278875113495
307,2043,0.5832643444465371
307,2053,0.4104869602855359
307,2072,0.38323095435716237
307,2121,0.36157621216914426
307,2255,0.43532460524606886
307,2259,0.3901123776993155
307,2270,0.3978146207041898
308,482,0.40806181637548905
308,531,0.2956111099988633
308,559,0.3828455292114558
308,833,0.30279189078279173
308,1026,0.38410330397531095
308,1557,0.5026721428918175
308,1611,0.2859310593583677
308,1904,0.48856233525678433
308,1939,0.4831918386798231
308,1944,0.6573642134350082
308,2069,0.5645056490279976
308,2272,0.419649721637971
308,2293,0.33614282561690945
308,2299,0.3886863644056832
308,2301,0.38831208962184216
308,2310,0.42644717630873835
309,320,0.16774181642202687
309,323,0.27498183156528866
309,326,0.2614411872926901
309,329,0.46327005553911893
309,331,0.37023510451320824
309,580,0.21866946832325648
309,608,0.4055481945283658
309,612,0.15167327486816887
309,775,0.3460573578396595
309,785,0.1401684664319635
309,842,0.22388327118779022
309,872,0.17435242266879425
309,1176,0.11133425763772639
312,325,0.5385532888165475
312,333,0.5779276319508129
312,778,0.24949458831107071
312,788,0.5938365046939469
312,883,0.1889243936730189
312,917,0.25007098816184425
312,1136,0.3314764604072512
312,1231,0.5290056805318449
312,1236,0.17869120946812023
312,1961,0.31828052931758793
312,2024,0.3484892066803411
312,2279,0.45185233372021427
312,2880,0.712923869561051
312,3011,0.15306587400637583
314,317,0.43046689142921096
314,320,0.4205553440040961
314,321,0.4440384197613883
314,324,0.4098693678441768
314,326,0.6949769637244032
314,329,0.38273597042578905
314,334,0.23062370909417487
314,335,0.17717803353422204
314,337,0.3253002187877329
314,339,0.9064055245003686
314,343,0.6011911134970798
314,580,0.4728994560001473
314,614,0.42272121595296497
314,1955,0.39347880339130537
314,1958,0.4049261884217309
316,323,0.5410285345625732
316,331,0.7196675051708099
316,332,0.33014429828824887
316,334,0.4931510184177536
316,341,0.6348926229678076
316,618,0.2867033286260652
316,619,0.3927032495938035
316,720,0.38967558708898953
316,726,0.5603198271997919
316,1152,0.1737868422188088
316,2345,0.464534389622524
316,2349,0.257692240918913
317,320,0.3702267918514065
317,321,0.887069389400232
317,324,0.5954813712039492
317,326,0.2605731543823241
317,336,0.3378624617324088
317,338,0.5565854094333065
317,339,0.3361837552466082
317,342,0.8032989265439636
317,343,0.21380007151025338
317,614,0.4854965485965235
317,1955,0.871180976303162
317,1957,0.5398113946800885
317,1958,0.3612835865919045
317,1961,0.24848850745529544
317,1963,0.28551854178903746
317,1969,0.4447663770286909
318,319,0.5902764384023418
318,335,0.6277319718047041
318,340,0.3318212025841239
318,614,0.28514710802175025
318,615,0.26192249641187837
318,618,0.4413892293423248
318,619,0.5902065096082504
318,621,0.3227305195680387
318,854,0.42946501168808754
318,855,0.43949568743132367
318,1152,0.31895312348084764
318,1958,0.36713390312914373
318,2345,0.43819602282608133
319,335,0.4405211842314706
319,338,0.5144977374456846
319,340,0.33174210319568387
319,614,0.4931015531923392
319,615,0.6652586158912124
319,618,0.5190606097167132
319,619,0.40831795301276474
319,621,0.36031992943784064
319,854,0.5858142278664289
319,855,0.8329150927970098
319,1958,0.3606417136117027
319,1962,0.19365732973291913
319,1963,0.2358583696896324
319,1969,0.4822072501566381
320,323,0.29084707298178014
320,324,0.7632609946782125
320,326,0.4443192498508259
320,329,0.7192856823042286
320,332,0.33090519505206
320,337,0.5980731429961584
320,339,0.5270339292976346
320,342,0.3182468329343546
320,343,0.5043855189520212
320,580,0.3194003834545568
320,605,0.35547576107131695
320,612,0.3287597708724274
320,875,0.34115757391258794
320,1152,0.3737856616277968
320,1955,0.4353568115873936
320,1957,0.5849823327326265
320,1958,0.45124505410037863
321,324,0.5358389054504978
321,336,0.2915151594381563
321,337,0.21870706786316954
321,338,0.4413215281620876
321,339,0.38480954265982825
321,340,0.41750358497815315
321,342,0.6174376257465573
321,343,0.2860194384461428
321,614,0.4266576604148169
321,1955,0.661032595662159
321,1957,0.35343222462463875
321,1958,0.40509033126354005
321,1969,0.4026566518078616
323,329,0.30814749359597243
323,331,0.734874204516266
323,332,0.3423337084771146
323,334,0.7940402233724888
323,335,0.28277970288049914
323,337,0.3552323205877616
323,339,0.29007765422153403
323,341,0.4785129585468767
323,614,0.30394941536077913
323,726,0.4122692011332604
323,1152,0.35390953682873605
323,1958,0.4109526993197749
323,2345,0.5663076214843027
324,326,0.3234489450918943
324,329,0.37345648020393085
324,332,0.38951140482825336
324,337,0.3415124480864771
324,339,0.4399616458951984
324,340,0.3130957066363073
324,342,0.5253978145384467
324,343,0.33842962332622356
324,580,0.4003763567552796
324,605,0.36823531491646005
324,614,0.3779900212988299
324,777,0.41572548063818965
324,778,0.30793537855633907
324,1152,0.49439721923016744
324,1955,0.6488067096311197
324,1957,0.7745529531433797
324,1958,0.6154338827374934
325,327,0.35826293392368275
325,330,0.5071703705356225
325,333,0.5919953335866068
325,678,0.4255535115365076
325,778,0.36148241386976504
325,788,0.4234252913302306
325,875,0.353540346355336
325,883,0.3113299461989463
325,888,0.5109492266177216
325,916,0.5134376692846532
325,917,0.7642087424424774
325,1430,0.3615435020033631
325,1961,0.4259526661515833
325,1970,0.37706477857541554
325,2348,0.34075529647819197
325,2880,0.5778004504613029
326,329,0.6039033912451354
326,337,0.42124126738150836
326,339,0.8005877675559286
326,343,0.742881521699307
326,580,0.47483610549675276
326,604,0.28230223979012553
326,612,0.224136453945201
326,1955,0.3410567803541279
327,330,0.592515978858902
327,582,0.7508281858169641
327,678,0.40501958301562474
327,883,0.5548289396344501
327,916,0.7284020982250804
327,1970,0.38958547796435417
327,2218,0.31597707606776604
327,2219,0.5580993869379378
327,2220,0.24829832689783182
327,2229,0.2659310213335022
327,2245,0.40115794227143703
329,331,0.1841017305779904
329,334,0.23083887107006312
329,337,0.5332840237629375
329,339,0.492412280065129
329,343,0.5298788998344786
329,580,0.3256490098992537
329,608,0.5482372303805165
329,612,0.40906495418636435
329,785,0.27992890770240253
329,872,0.3158436588580682
329,1957,0.29739029218114993
330,582,0.7005524625441241
330,678,0.8548744407193796
330,720,0.32630767536719146
330,778,0.3343738783087456
330,843,0.4371092453143163
330,875,0.43642792820477866
330,883,0.4581849117254423
330,888,0.37489080112273965
330,916,0.7702349432074398
330,1430,0.7662075290469049
330,1970,0.4195828569890526
330,2348,0.5228899588269851
330,2349,0.2386867238586874
331,332,0.19169805802102227
331,334,0.8912742129838293
331,341,0.6299902079671615
331,614,0.13143313171141802
331,619,0.31065149096776346
331,726,0.2905189155173838
331,1958,0.13737878108770404
331,2345,0.34450277346739977
332,338,0.3897043612515842
332,342,0.3197214758292645
332,614,0.6107758647204671
332,618,0.4166213813352728
332,619,0.2663775610167971
332,720,0.3580032003029125
332,726,0.3634765159570902
332,875,0.36468374006109644
332,1152,0.45135019447941466
332,1957,0.5767608277108686
332,1958,0.42302923134105364
332,1961,0.21298711488954009
332,1969,0.25965569798251903
332,2250,0.4654107124899665
332,2345,0.37523718109159954
333,579,0.3889610140707432
333,581,0.33772861231364104
333,588,0.4069896622956783
333,781,0.5730006987046236
333,788,0.3869443505772876
333,847,0.3779238753506535
333,878,0.37144314425312
333,917,0.49766066442316415
333,1231,0.30887710428273923
333,1961,0.49588933428299636
333,2024,0.5185461720210729
333,2339,0.3456970495194451
333,2880,0.7103297970101263
334,337,0.31030030070647585
334,339,0.23072177138111835
334,341,0.5601562151116414
334,343,0.30402253838510185
334,614,0.1581795130446528
334,1958,0.1863498614596605
334,2345,0.32913587447521375
335,614,0.2532391462005118
335,615,0.18044815193697522
335,618,0.3841137201304177
335,619,0.6167732667942232
335,621,0.37194369563116053
335,854,0.44070758154253464
335,855,0.27004263822451063
335,1958,0.1636059135717472
336,342,0.35233207807496025
336,579,0.3618318915559836
336,600,0.3516015218748455
336,607,0.295383833033779
336,613,0.5184012999591683
336,784,0.31808483981298513
336,800,0.4890229092890268
336,805,0.35018681927726086
336,846,0.37667635201287886
336,876,0.4455903923673551
336,879,0.4739366711657132
336,1962,0.3649849051423192
336,1963,0.6266437500920997
336,1967,0.3097469039881612
336,1968,0.3639970986066556
336,1969,0.38202258751701595
337,339,0.49434312015077025
337,343,0.7888151540900357
337,605,0.34381846877160877
337,1152,0.29541218306106765
337,1958,0.33184166446351515
338,340,0.3568727453873051
338,342,0.5110752650354773
338,614,0.5614177172771851
338,615,0.7582595799431758
338,618,0.28816829255303
338,619,0.1358994802607583
338,621,0.17961690326880939
338,855,0.4678979379016273
338,1955,0.3433759986675275
338,1962,0.41952654391680005
338,1963,0.5680881169779506
338,1969,0.766540632638311
338,2250,0.38545543475584815
338,2339,0.30727433815027605
339,343,0.808701232720272
339,580,0.4926891420857185
339,1955,0.33200738755981357
339,1958,0.39366304976921934
340,341,0.1360315787427023
340,614,0.4322530323695248
340,615,0.418835699555805
340,619,0.21401351160885557
340,855,0.3784549568953306
340,875,0.28088069332600835
340,889,0.41902299619158356
340,1152,0.6824805874340047
340,1958,0.6197161882405304
340,1969,0.4372712407019508
340,2345,0.4769298819303609
341,619,0.2969537012809845
341,720,0.24919239620254996
341,726,0.44499932803877923
341,1152,0.16514878212315778
341,1958,0.11526049478114665
341,2345,0.5204945219848683
341,2349,0.2745746765258608
342,579,0.2350156638535723
342,1955,0.7803426264479312
342,1957,0.6363889474633299
342,1961,0.5558910451842499
342,1963,0.3450793302044322
342,1969,0.44658810434148993
342,2339,0.43462225582595204
343,580,0.4050071700185322
343,605,0.3222897250404564
343,1958,0.3159181178846109
345,346,0.40042249441287536
345,352,0.35196042751685447
345,812,0.11523541000187335
345,824,0.29460601200167935
345,1493,0.20207779361254202
345,2370,0.33999064197059875
345,2371,0.10891702990295012
345,2412,0.13743665784222225
345,2447,0.07823984883950885
345,2524,0.11371543726865357
345,2592,0.13809074434568477
345,2602,0.30581623219869786
345,2876,0.14045185887955142
346,347,0.47827251712491614
346,352,0.5201232665885462
346,812,0.021390844001470403
346,824,0.02361287243644918
346,2362,0.043868688181733256
346,2370,0.13460048028542315
346,2411,0.03468230871798336
346,2602,0.12547422550158402
346,2876,0.02495169456602144
347,348,0.9398331235893004
347,349,0.40273835169465394
347,352,0.6123269479607695
347,834,0.5896686720939154
347,2881,0.08914471372093949
348,349,0.5328099499963221
348,352,0.4134376305406431
348,834,0.6547811025165235
348,2601,0.15479361252129745
349,351,0.20716770697021664
349,825,0.24626683625119833
349,834,0.4347797947882817
349,835,0.15615539670988593
349,840,0.22341096457132456
349,2598,0.26711499603943284
351,811,0.7173197890442417
351,818,0.3895617244781193
351,830,0.7503634871329226
351,841,0.14247039585816765
351,1477,0.2756385976042889
351,1936,0.3526569294185765
351,2591,0.5616817957181459
351,2596,0.6449471801614064
351,2601,0.4163563353040179
351,2607,0.751488127706937
352,812,0.09042256072318441
352,813,0.2388098148898626
352,2362,0.15965574157970874
352,2411,0.15664208838969218
352,2602,0.2846335064559325
352,2876,0.10571860054112425
352,2881,0.3200424137915019
354,2367,0.4511802375874296
354,2383,0.4849172343221857
354,2384,0.2995673075539541
354,2386,0.7112477412660178
354,2398,0.46440118554955273
354,2401,0.3304594460798817
354,2406,0.6584952859370639
354,2433,0.2457358678482827
354,2435,0.3225192971671571
354,2452,0.23299826490079684
354,2453,0.31594105438713604
354,2455,0.3124156939659213
355,362,0.4768385977798047
355,385,0.5440461906969793
355,418,0.40566102085298866
355,478,0.6660741129515076
355,727,0.3220071473961971
355,1258,0.3857137487406583
355,1597,0.2771976219998665
355,2386,0.18394115334033603
355,2408,0.22046360939489545
355,2511,0.2475694554659002
355,2554,0.2219774736315622
355,2582,0.22893067049002414
356,574,0.34662773014977627
356,588,0.5708205029217366
356,675,0.350556215290031
356,844,0.27888041745462444
356,847,0.3884833314576757
356,884,0.2240349197877479
356,1165,0.32252931532728324
356,1990,0.27005213423683955
356,1999,0.4485653103476143
356,2008,0.352508721132758
356,2011,0.34729916899701246
356,2024,0.3673445484971282
356,2146,0.4892689778740303
356,2303,0.506928265230729
356,2880,0.37661202167117236
357,440,0.3910054482027626
357,452,0.6391376598892068
357,480,0.3152297849229572
357,679,0.28047462551204094
357,766,0.3263576931829338
357,989,0.31891213768767074
357,1054,0.4536894066773932
357,1059,0.28665881117921993
357,1141,0.37996078036299613
357,1225,0.3422577206095994
357,1226,0.3652689702288748
357,1229,0.43490389803283885
357,1230,0.5087707793872366
357,1234,0.278018655342556
357,1235,0.6654302655793688
357,1599,0.40809231062427076
357,1995,0.6914631747533908
357,2192,0.36056286507216173
357,2286,0.2972604220973871
358,361,0.3845020207855455
358,372,0.2977639697853514
358,376,0.7723327810756153
358,550,0.4942479060042799
358,564,0.38150420190555845
358,749,0.376346079814891
358,1061,0.35294156962139894
358,1137,0.3759648086185502
358,1148,0.4399507718031186
358,1173,0.26712202009370534
358,1566,0.34510195370396446
358,1570,0.43094654502824914
358,1572,0.4671815960782887
358,1621,0.5487903415316934
358,1630,0.6291877837791009
358,1687,0.394170962431894
358,2195,0.3934788205487255
358,2201,0.31884975754476347
358,2208,0.43402262933320196
358,2212,0.4784896069952655
359,369,0.4346244930529615
359,390,0.25416573350127775
359,401,0.09817874605914277
359,431,0.45778042064024316
359,443,0.40703615306047597
359,738,0.3393008611497406
359,756,0.471953420988951
359,1228,0.6240018086449943
359,1246,0.5035125023337297
359,1249,0.424280962375466
359,1603,0.5218192703376441
359,2025,0.24614339601953117
359,2203,0.3554498821132059
359,2340,0.23465303270609866
359,2885,0.23055589148829275
360,705,0.5529922631757065
360,993,0.4015297908237637
360,1157,0.38312269183279785
360,1308,0.33373725399437215
360,1535,0.5883793176767818
360,1696,0.3345967099889561
360,2028,0.3760774359338337
360,2041,0.5796427342795818
360,2158,0.34596623079015953
361,376,0.34998995854071285
361,441,0.4988634113447949
361,530,0.4097629239045496
361,540,0.5411944762220725
361,547,0.6534617572303265
361,550,0.6391544782693372
361,564,0.3898606217200149
361,571,0.5077813207344897
361,744,0.3910517002946758
361,1137,0.3730746331037231
361,1566,0.66156326310103
361,1621,0.7536292476811254
362,373,0.38941576814707524
362,385,0.5566324558418759
362,418,0.2979248908026071
362,430,0.747743026752121
362,478,0.5481586791204783
362,504,0.2373930289236364
362,1224,0.2801988854928688
362,1258,0.6206702393786161
362,1977,0.3082394877841572
362,2887,0.4921295644878612
363,386,0.2232684889088626
363,395,0.14939275075422817
363,425,0.25075270376295605
363,444,0.4291308888297228
363,487,0.4743818502989937
363,518,0.5346747096363426
363,547,0.4181778702690611
363,568,0.5101926443607637
363,1196,0.46769794291796674
363,1300,0.4881738810380523
363,1572,0.46198171157885043
363,1611,0.36395664458183474
363,1631,0.42893614108318157
363,1634,0.2594516374482381
363,1703,0.5119915542961258
363,2200,0.3442173879927581
363,2295,0.38955138938306505
363,2301,0.3898181561121202
364,367,0.23562370082726494
364,369,0.4219282503560376
364,378,0.6092407736248343
364,387,0.47250825604256175
364,390,0.4218196118323727
364,480,0.5744764830209209
364,485,0.36819132632045903
364,517,0.47474014385825186
364,593,0.35911569497806195
364,1147,0.6104969386088105
364,1225,0.36863779039089395
364,1615,0.7030246177071665
365,436,0.17082125320803118
365,1211,0.7445922888211576
365,1404,0.3539762384588273
365,1413,0.36822407572851884
365,1578,0.3550860246479623
365,1618,0.5946046352533824
365,1629,0.44845813506274457
365,1666,0.33203615632988387
365,1706,0.2765182415259989
365,1778,0.4879245248054342
365,1846,0.4969027562191569
365,1880,0.38336292219259105
365,1934,0.5854262480007989
365,1939,0.40002580893020206
365,2045,0.39313121986724114
365,2287,0.5681424587886885
365,2333,0.6256377919856277
366,512,0.442525480082305
366,552,0.2641335777709782
366,671,0.649512232632955
366,677,0.5214754689969961
366,725,0.4364690202465947
366,735,0.2994441060605364
366,742,0.28107606658409623
366,1138,0.36685030034498894
366,1139,0.2939348140886343
366,1161,0.4416442398019635
366,1174,0.4476973775458458
366,1256,0.5608779615968664
366,1604,0.38507344928119686
366,1659,0.38444684463562634
366,1987,0.6347814980148959
366,2012,0.6016514524072498
366,2191,0.6696763099737476
366,2194,0.3825803617993464
367,369,0.255449221887461
367,372,0.5240728806449393
367,390,0.4562115293135387
367,517,0.24510391458263223
367,529,0.4259866520543429
367,1246,0.19461195848088794
367,1572,0.20633004970280366
367,1609,0.32930021738563764
368,380,0.6425985441830818
368,421,0.44481336330304183
368,498,0.45692091007372015
368,508,0.24877551528242206
368,679,0.3342913637958536
368,748,0.5261630445101368
368,1226,0.6422290298034463
368,1229,0.4310642157576719
368,1919,0.5462745825001163
368,2006,0.3572644927153543
368,2621,0.36192790007396036
368,2809,0.46185051976375363
369,387,0.43845577209810455
369,390,0.7937532840460673
369,423,0.3794737628731723
369,443,0.28782146424946764
369,529,0.41896522491336985
369,1071,0.2654924728511633
369,1225,0.34045061156229645
369,1228,0.34318461896161057
369,1246,0.3979130836736687
370,818,0.37913839481224904
370,1001,0.319430287050255
370,1039,0.2802947297080689
370,1394,0.5077257235949868
370,1401,0.3297997841140951
370,1405,0.654226342791267
370,1473,0.31191913867185594
370,1489,0.23916117656906746
370,1511,0.39225886749589495
370,1518,0.34109173289548095
370,1936,0.46350451767047957
370,2334,0.3913561084921839
370,2593,0.28173374310866883
371,388,0.8055041776073513
371,820,0.361904972291644
371,1400,0.36434624003955196
371,1403,0.38363426334346873
371,1440,0.6370214057383455
371,1447,0.3683954991682349
371,1480,0.25409703963041896
371,2119,0.7769392387075639
371,2395,0.7057155663460727
371,2595,0.43393239615235213
371,2648,0.3693674108473529
372,376,0.23321287726844409
372,395,0.5133347838689887
372,529,0.46108505464652383
372,550,0.308296581922131
372,1148,0.568670670459601
372,1173,0.3831628980615963
372,1572,0.3787605996184779
372,1621,0.1918109518093659
372,1630,0.3369399966480697
373,375,0.32626451387826394
373,385,0.32138141114840824
373,414,0.09448464939129676
373,430,0.394548158420114
373,478,0.41671291910583247
373,1258,0.38253860525723776
373,1472,0.25876101547973634
373,2392,0.4270170505116931
373,2422,0.3461152381498949
373,2547,0.3487516629565619
373,2571,0.4527445047034558
373,2887,0.4254996939488686
374,397,0.647214114595017
374,440,0.4719606462974693
374,480,0.5375099350709518
374,498,0.4359391578927506
374,599,0.3193609811202713
374,1147,0.5554479316618249
374,1225,0.39166228182124674
374,1615,0.5098570858503432
374,1623,0.33527247412791805
374,1667,0.36787944117144233
374,1985,0.3293638318180827
374,2047,0.32828241689133403
374,2252,0.39604540630545465
374,3007,0.3244779931557579
375,481,0.39640184372034376
375,1049,0.005413713328831794
375,1198,0.37751130133722133
375,1408,0.40725343614227627
375,1410,0.45597723779891686
375,1600,0.556887900808041
375,1652,0.3102558767288838
375,1726,0.42099546663652077
375,1758,0.46920543855013136
375,1764,0.4230291398422799
375,1890,0.3503661906073284
375,1952,0.24616597312067837
375,2044,0.4151090834381499
375,2101,0.4364982931034883
376,521,0.39780115001188393
376,550,0.4632190651387945
376,558,0.37737846639633815
376,564,0.6735660681890934
376,749,0.40519872645218324
376,752,0.3620164406568242
376,760,0.44896329359774495
376,1148,0.2803453458268632
376,1566,0.4022728470790152
376,1570,0.3908372792471817
376,1621,0.6474364064372197
376,1630,0.34892601371850357
376,1637,0.4690006054269629
376,1654,0.27272052495113525
376,2195,0.40904397964586015
376,2201,0.33318132173583487
376,2208,0.342449412620568
376,2212,0.7147481821921343
377,572,0.428031632947182
377,710,0.48905295261605736
377,715,0.463950573201846
377,764,0.5175554874830643
377,1024,0.29167119845516276
377,1144,0.6761708284447767
377,1204,0.3289311437964281
377,1312,0.34506491164256603
377,1544,0.6623485430629584
377,2050,0.43277387807952244
377,2056,0.5507995297203188
377,2157,0.38625545294674335
377,2198,0.29460146721347824
377,2204,0.3762296304172129
377,2213,0.39992157770322173
377,2618,0.43862899575276515
378,387,0.3818449028173043
378,443,0.3504875758523565
378,485,0.31634620083491644
378,490,0.3965824145422164
378,505,0.2864923062040085
378,517,0.5062106710385406
378,554,0.36266047537282936
378,593,0.8148735397196123
378,735,0.36580740327448535
378,1142,0.3614754285726152
378,1603,0.39830068628454346
378,2203,0.48167521159421184
379,414,0.10018046886471867
379,1402,0.9428820203139845
379,1445,0.5069404702567208
379,1468,0.5288898580847838
379,1472,0.3856901912168365
379,2393,0.3352732916870386
379,2403,0.3713226010749806
379,2410,0.4698346308974819
379,2422,0.6497245460880433
379,2571,0.47144288573384757
379,2649,0.20061234609277137
379,3013,0.44799076341125477
380,419,0.47526061560240657
380,420,0.2937424873384404
380,421,0.28010712868536153
380,422,0.5369440800939135
380,481,0.3093713438073566
380,679,0.32874259286672625
380,748,0.517141894858778
380,1238,0.329224877132486
380,1303,0.47986567378810324
380,1707,0.5692818210917625
380,1919,0.4168602186704419
380,1986,0.3446099868879331
381,384,0.33165506023932756
381,390,0.22785673134168305
381,438,0.5181226004960321
381,441,0.48585069137464665
381,529,0.41402536978223353
381,530,0.5191105404446347
381,543,0.43633484944652656
381,568,0.4624411189252946
381,571,0.6384115455537983
381,1048,0.2478665986485741
381,1196,0.44182974240218553
381,1228,0.5309690512677644
381,1246,0.4764618994385643
381,1625,0.39182760419316
382,494,0.5311584858027386
382,545,0.31147967907985297
382,987,0.5108298378909006
382,998,0.5191939911543374
382,1063,0.3637438556730524
382,1112,0.3862424758377643
382,1413,0.5159457468447003
382,1562,0.3841492195518349
382,1592,0.4244833492953533
382,1608,0.7749685314526663
382,1679,0.28972785832944237
382,1700,0.6003265396258357
382,1709,0.43849270832637555
382,1778,0.3691545286160431
382,2070,0.34991163477158205
382,2287,0.3435618896897972
382,2311,0.37941746426375317
383,443,0.3572054106600565
383,494,0.4031389765317318
383,505,0.3561972335828651
383,599,0.3284776034685071
383,767,0.462847689752186
383,1191,0.37808898498399357
383,1237,0.35707988804945096
383,1241,0.50805785594166
383,1262,0.6587763788416505
383,1275,0.3036758034005756
383,1623,0.25998535910616943
383,1675,0.37981003858244944
383,1985,0.6461202764450927
383,2025,0.20605572477126496
383,2060,0.5897949526055449
383,2311,0.4161097433802961
383,2886,0.3272859860742421
384,441,0.4584762520493048
384,529,0.40910232903729965
384,568,0.3165835860349115
384,571,0.3763487178127472
384,598,0.4362065808102853
384,752,0.2997584854930782
384,770,0.32016754808637676
384,796,0.2497288565477552
384,1048,0.5777596717700634
384,1055,0.6804283375284472
384,1061,0.3885450309224031
384,1065,0.3496762275331472
384,1173,0.4814331086021615
384,1625,0.33527417802338805
384,1646,0.4043038101317322
385,418,0.21640648796271428
385,420,0.32345932011709566
385,478,0.4287476402133545
385,481,0.48265225461829986
385,1049,0.06138010723983639
385,1224,0.18345907895573832
385,1258,0.44415199944976963
385,1977,0.15169287620211266
385,2887,0.2751077787670522
386,395,0.6908213204426817
386,408,0.3491097347785792
386,487,0.4259420838816996
386,1159,0.15284053710229686
386,1558,0.34497168251310684
386,1602,0.40576044560906993
386,1614,0.24861285290582333
386,1616,0.4446798176165277
386,1631,0.2781057551472468
386,1769,0.3324106699166196
386,2200,0.6788513381744821
387,390,0.30342438414942513
387,391,0.4092101560442603
387,423,0.45232606352116445
387,431,0.3927968958953884
387,443,0.8241940769451646
387,480,0.3187598185744965
387,1147,0.3500827335820209
387,1225,0.46195837456800537
387,1228,0.4429523005682405
387,1241,0.4969256797398628
387,1615,0.32623308664777784
388,1400,0.2517664788168745
388,1440,0.9162389662707837
388,1447,0.3673645266744774
388,1490,0.3008604757700952
388,1491,0.31182527451446934
388,2063,0.2948219152494321
388,2119,0.6955861597565921
388,2395,0.6765113496723919
388,2595,0.31721071799769324
388,2648,0.49749815406573344
390,423,0.5276704147972379
390,529,0.5877242419447665
390,1147,0.33954626473843147
390,1159,0.17692020599465283
390,1228,0.2627082839152588
390,1246,0.4079572140860446
390,1254,0.4680116274135391
391,431,0.38552092007505245
391,438,0.5434241931286394
391,443,0.4149958508332077
391,482,0.3497956738708028
391,530,0.4009474937893892
391,756,0.3770624284519004
391,987,0.2920219491196621
391,1228,0.40305493625813044
391,1241,0.4309092271508709
391,1262,0.4856231595113282
391,1334,0.3292695937037581
391,1675,0.31968239782624436
392,831,0.5257133314790281
392,839,0.790245841055008
392,1020,0.3836335942214186
392,1555,0.36990053827431013
392,1583,0.288659236999372
392,1698,0.4671390318500643
392,1705,0.9017254319088226
392,1710,0.34763537772629305
392,1744,0.2148719347642575
392,1888,0.3243310175736218
392,1931,0.45276495927380983
392,2046,0.36222731561197097
392,2174,0.36248437700081254
392,2179,0.8606589013386831
392,2180,0.41842097770723424
392,2307,0.570261907427047
393,460,0.361208088653556
393,512,0.3975657419740475
393,524,0.363459505794188
393,546,0.3653447981053013
393,711,0.31135957419811877
393,714,0.4439805662603119
393,722,0.3946176092045134
393,801,0.40741018871432216
393,1167,0.41006163731797673
393,1257,0.677915749948094
393,1351,0.44898935561695774
393,1633,0.37592805737323387
393,1636,0.3238450792806756
393,1638,0.4245557178520156
393,1645,0.4645100028464884
393,1651,0.28120406835840267
393,1663,0.48504561550605313
393,2199,0.389131101804144
395,487,0.362709618262048
395,692,0.24955263622573934
395,701,0.21301715291314333
395,1159,0.2389131878514268
395,1264,0.09261263506509845
395,1602,0.46496943090247234
395,1614,0.1855647743338075
395,1616,0.380933778676164
395,1637,0.24572829515063113
395,2200,0.43355521399156494
396,404,0.303531751534587
396,408,0.46330543000562885
396,413,0.15310013356010327
396,423,0.43157520676110844
396,436,0.3718210243307714
396,487,0.30434825181551417
396,685,0.35076479751831235
396,814,0.31740927259476825
396,1159,0.35122158856342833
396,1221,0.4290732841063758
396,1240,0.5118820570949222
396,1254,0.4304067872282586
396,1666,0.44001803808776263
396,1922,0.3058977867088156
396,2048,0.4941071775708882
396,2710,0.41448037414337296
396,2884,0.4382069342515064
397,404,0.22742490358226647
397,1001,0.3758083004881675
397,1147,0.5260621631296971
397,1411,0.4942695112732263
397,1489,0.3519605240893089
397,1615,0.5054320716211822
397,1683,0.3133904376176427
397,1863,0.32514754205784674
397,1922,0.3853936536097763
397,2047,0.7129654672131095
397,2619,0.2932080903866586
397,2884,0.4175928054477992
397,3007,0.5094299260695948
398,689,0.35857007170179306
398,903,0.4210548904161275
398,1058,0.3868958682615001
398,1154,0.3414852631600324
398,1588,0.49277812734485354
398,1633,0.6422519585301016
398,1636,0.33466518367975395
398,1641,0.4111583507513325
398,1650,0.2773600457534921
398,1658,0.6109288534773527
398,1686,0.23804355972658492
398,1975,0.36943959323471115
398,1988,0.6921184448152754
398,2294,0.19988328674694167
398,2296,0.3373817157705562
398,2302,0.4444616316204736
398,2314,0.5865938848819258
401,416,0.39484617794950255
401,459,0.3170197919020241
401,554,0.11948843449880443
401,601,0.20789796933339985
401,606,0.32863547201839216
401,607,0.37135641536559827
401,790,0.25332914399656037
401,1059,0.12122913038742342
401,1071,0.34439704900234147
401,2025,0.3226221134487593
401,2340,0.2051025680715566
402,403,0.6030789635177339
402,410,0.4265396051737085
402,414,0.27349125380637007
402,416,0.7244397812314838
402,515,0.08802628188580879
402,928,0.06896857351822167
402,1171,0.6181234085751091
403,404,0.34474639724047723
403,413,0.4458491848272698
403,416,0.38512838881771794
403,455,0.21470819555171775
403,458,0.4982390692660576
403,515,0.1506612951649542
403,1171,0.4887821272883556
404,408,0.44744732371682816
404,413,0.587202075359866
404,458,0.8657058557917215
404,1159,0.32998456077382526
404,1221,0.250720440427949
404,1240,0.24432505736667842
404,1250,0.4597854549213754
404,1254,0.31058265842038296
404,1275,0.2671560101237181
404,1411,0.21294352298050404
405,410,0.5072538728497263
405,414,0.5421748790172595
405,430,0.07224769682296098
405,604,0.39481382637780327
405,666,0.0596308837160989
405,872,0.3191628270656874
405,1134,0.05697215642556039
405,1150,0.2497292543326778
405,1186,0.1905676235664749
405,2526,0.02455957183967487
405,2600,0.166326371410112
408,413,0.35349367079718386
408,458,0.30270550218670705
408,1159,0.41987692379376984
408,1221,0.2388166718343968
408,1240,0.6218232389770293
408,1254,0.3191052812217876
408,1572,0.3250285571778242
408,1616,0.3094278485311378
408,1631,0.21575638844842374
408,1703,0.1678184710519638
408,2021,0.23747463989672843
408,2200,0.3238477746543641
410,414,0.7056891176510847
410,416,0.529765341657979
410,430,0.04138087933422172
410,927,0.04457591525640048
410,928,0.05338426672422829
410,1150,0.0728709632490656
410,2237,0.25396836401087713
410,2547,0.029470710349914216
410,2571,0.04289901651225002
413,458,0.6617147130985751
413,685,0.26346505688943844
413,897,0.12184587851674873
413,1159,0.5436303041260109
413,1221,0.12530821453883503
413,1254,0.10023166952849784
413,1619,0.2064572227084312
413,1623,0.13226329251397934
414,430,0.13401031049404882
414,928,0.1715226301211462
414,1150,0.2872485675759895
414,1402,0.09963075982977389
414,1445,0.06032193658369572
414,2547,0.1978186999587237
414,2571,0.21876856058134606
416,459,0.14507515298814086
416,693,0.1098520197825654
416,927,0.08804595912346559
416,1071,0.20278317238737664
416,1171,0.5003574018605679
416,2237,0.32960799739064883
418,478,0.3650865555844563
418,504,0.4896681079049254
418,727,0.8122622900136981
418,1134,0.43346455795350686
418,1190,0.4658725376031678
418,1224,0.37501410332099805
418,1597,0.8526587868822985
418,1632,0.41995158579732444
418,1874,0.3555871703812333
418,1971,0.3191207446838237
418,1979,0.6427325506065009
418,2190,0.4122450326289484
418,2275,0.521750240863844
419,420,0.6744968229666966
419,422,0.6835695799754217
419,481,0.647253565251667
419,1008,0.25129783887406365
419,1135,0.43302773762719077
419,1303,0.3478361141697139
419,1575,0.2902420525835654
419,1707,0.4022989555417792
419,1764,0.41398959813684993
419,2004,0.35289842769970936
419,2282,0.43797854336980163
419,2318,0.49802513467970255
420,422,0.44640498082776814
420,481,0.5787710231528763
420,748,0.23752249439129558
420,890,0.30920103703173013
420,896,0.30805541580803364
420,1049,0.015800180877984675
420,1135,0.6307396256299805
420,1233,0.4587216251584102
420,1236,0.2157550794734835
420,2000,0.24622803320816963
420,2318,0.27368416971844906
421,480,0.4405885621743204
421,498,0.6200704586587754
421,989,0.36494075984526825
421,1071,0.31459190548499827
421,1225,0.4166162601584339
421,1229,0.33488116962994013
421,1230,0.6013860426603356
421,1599,0.3289288593865932
421,2809,0.4514260914387656
421,2885,0.24823557006384245
422,481,0.39836978516152977
422,748,0.36132875358596217
422,757,0.303994487790387
422,986,0.2979471493864111
422,1008,0.30741207689043065
422,1135,0.5575196988998129
422,1233,0.33181763557084987
422,1236,0.41873891488352355
422,1575,0.3269434021082987
422,1707,0.48126856752852665
422,1764,0.40880773437753803
422,2282,0.37882445537985304
422,2318,0.3830061520661226
422,2621,0.23395152315757783
423,436,0.5715189571999931
423,438,0.3217609280432946
423,1196,0.4685563583166918
423,1228,0.31116352109345
423,1241,0.3041635062114188
423,1675,0.3382994117401373
423,1922,0.3052646729799724
423,2060,0.2586446745741547
424,425,0.3164853469083936
424,429,0.7025726871309224
424,434,0.5723288662513584
424,445,0.413434151447725
424,447,0.4632050126344227
424,501,0.6548906749759359
424,527,0.48609745315198666
424,852,0.47787701624040513
424,1261,0.4938391204746622
424,1265,0.4238128991098369
424,1289,0.6307818035905746
424,1294,0.5263055261477804
424,2017,0.21864691078112317
425,429,0.46500178767252776
425,434,0.2696630988458785
425,444,0.694037636647716
425,447,0.23401254494502435
425,527,0.42485628878005827
425,538,0.3084704089151682
425,543,0.4031197481889273
425,568,0.5786678461735545
425,571,0.29037740513626825
425,1196,0.30787560112838025
425,1261,0.6150378628751831
425,1294,0.392181701380557
425,1300,0.3943260388218775
425,1606,0.361799892361202
425,1634,0.8650733313281176
428,437,0.3457519052585699
428,533,0.537955213986091
428,536,0.6585905483252454
428,541,0.8928438470784871
428,569,0.36787944117144233
428,737,0.47698846977200715
428,1242,0.7344261720899671
428,1291,0.35916515059686005
428,1355,0.5455877545920711
428,1606,0.7092242827054116
428,1607,0.4117028311445908
428,1777,0.5273279959767571
428,1909,0.4148843215703097
428,2257,0.48225575087705475
429,434,0.6246312935878428
429,437,0.6556987226200726
429,445,0.5489002599894781
429,447,0.6555783005038694
429,502,0.2611916165193611
429,770,0.5456124677556239
429,1261,0.43858774153984015
429,1289,0.6143621531839915
429,1294,0.4854291946059108
429,1634,0.2877306857384203
429,2017,0.27467584652963684
430,478,0.3667564904671023
430,504,0.32750165197068964
430,1150,0.45264375746047714
430,1258,0.5727469642341062
430,1977,0.31151272274060776
430,2161,0.35601485755591566
430,2887,0.4620912449611939
431,438,0.34255226378882725
431,443,0.4221834682056381
431,501,0.3284936104540018
431,756,0.49838044019883637
431,1228,0.5538442786796237
431,1241,0.36556095617627965
431,1302,0.4793262979939381
431,2885,0.22099469244807415
432,447,0.35846564182038204
432,497,0.4788734963238106
432,527,0.462881733001475
432,538,0.23175381213011972
432,561,0.32237466878400584
432,909,0.3660539287787846
432,1261,0.25803974529904194
432,1265,0.3280835362341082
432,1284,0.22572186548766304
432,1293,0.34629959150361284
432,1294,0.7740333575301588
432,1634,0.32959780815713613
432,1766,0.24888809465469275
433,493,0.24103750396058474
433,495,0.6223456299207016
433,533,0.2990638113287986
433,541,0.4264544971480187
433,567,0.27200958723557406
433,683,0.37229547626712073
433,761,0.419620517262085
433,900,0.7419964571206399
433,1242,0.27660034483395485
433,1266,0.26672617733511556
433,1279,0.3730846773346154
433,1291,0.38936742722596346
433,1301,0.35166490454504623
433,1327,0.1858386345661855
433,1355,0.3750570183921504
433,1775,0.39480991069468774
433,1781,0.3670175984727647
433,2057,0.4361238680451447
433,2152,0.41776716364564404
434,441,0.36143701895261116
434,442,0.6810372691954159
434,445,0.403010315924276
434,447,0.3471059680988116
434,502,0.5303836672874959
434,583,0.16039666975348785
434,591,0.27207836951977893
434,598,0.3939047436732231
434,602,0.12457590769661972
434,770,0.42437598248933106
434,796,0.33003374225524984
434,1261,0.22615916508396003
434,1289,0.5829994116353516
434,2017,0.22573188827273918
435,438,0.46446981452125224
435,441,0.3572516416564844
435,484,0.5728924994131293
435,530,0.5808999568804635
435,552,0.4597445951741459
435,578,0.4106430008316327
435,690,0.3300969767165807
435,738,0.45122835939391204
435,754,0.3255346092021526
435,756,0.7116166701417027
435,1249,0.31719575328203947
435,1565,0.48235279252612107
436,497,0.3117367345994246
436,814,0.26995206217561074
436,1196,0.2357413547910476
436,1618,0.1767184681823716
436,1634,0.3306955612154462
436,1666,0.2684884627923967
436,2710,0.3472267177955056
437,445,0.46117662482843064
437,447,0.7374717501973609
437,493,0.3638391941776065
437,533,0.38108358011677984
437,541,0.36773154490939336
437,761,0.42719266610265744
437,770,0.35911508227747024
437,1279,0.37378809303684685
437,1294,0.3078647179595474
437,1299,0.3758101685229287
437,1355,0.3460025488703709
437,1606,0.33160242067550977
438,529,0.2804220321393301
438,530,0.7669094205176661
438,571,0.3632450311264144
438,756,0.39376183101097906
438,1196,0.4855890190142202
438,1228,0.48503218738408266
438,1246,0.45835414987914114
438,1249,0.3632138379231586
440,443,0.2721379183427535
440,599,0.33848532437747264
440,767,0.4373291849166494
440,1071,0.3761329315336719
440,1181,0.38137792623471456
440,1191,0.38703928745392385
440,1225,0.5816858774821572
440,1229,0.349299956816577
440,1235,0.457379028410128
440,1241,0.38177490221697885
440,1252,0.4000814961962484
440,1985,0.27693525652067563
440,2885,0.4401871400216733
441,442,0.2342391886399393
441,496,0.36549195218088626
441,502,0.12513202195322104
441,529,0.36733598543088786
441,530,0.43349944525585676
441,547,0.50969870574496
441,571,0.7601585712436156
441,591,0.3689304468711286
441,598,0.3138951954952128
441,1621,0.40814231604352535
441,1625,0.4362219147338401
442,445,0.39753344530878626
442,502,0.4314851911037251
442,583,0.3218388298270591
442,591,0.3747705991081701
442,595,0.5732101004079189
442,598,0.6120737534714825
442,602,0.28898332051440534
442,770,0.41273363773901206
442,771,0.5230343372001613
442,796,0.6331478050544391
442,882,0.508705183809061
442,1274,0.3600802883084342
442,1289,0.5916419881841746
442,1296,0.2874300402988054
443,505,0.3927988310342733
443,1225,0.3795920490596518
443,1228,0.5294992406420395
443,1235,0.4334357402628693
443,1241,0.5138539811501841
443,1252,0.3204669098731566
443,1256,0.3531117103263747
443,1275,0.29551774535667663
443,1603,0.5386928831999718
443,2203,0.37832893944018303
444,518,0.30950456564101947
444,568,0.6806221347419504
444,901,0.5882286365145951
444,1055,0.3799054677200734
444,1261,0.4205084737293059
444,1300,0.48892135590915864
444,1610,0.4399214821291302
444,1634,0.6938382515478305
444,1656,0.3076175696749004
444,1766,0.48209407093878975
444,2200,0.49218594751678424
445,447,0.6130215557392165
445,770,0.29087114799767805
445,808,0.211492211717414
445,907,0.4056634402914861
445,1289,0.7148831264104262
445,1299,0.4329306586484159
446,499,0.4599380159651816
446,540,0.5037770905431015
446,1012,0.7504424594245873
446,1257,0.4845457982159978
446,1351,0.572362409958896
446,1562,0.34656354471589607
446,1565,0.3300959144723276
446,1566,0.4256207510990724
446,1642,0.46177886387881656
446,1663,0.3572003891176201
446,1693,0.4658988503970975
446,1941,0.3992496280059673
446,2076,0.3211861284788339
446,2295,0.3748205728544336
446,2299,0.34157300945736846
447,1261,0.15716362611961995
447,1289,0.35201057012563863
447,1294,0.46029806410243884
447,1355,0.1676144311296288
447,1606,0.24193021436754852
448,693,0.4193259264297549
448,757,0.5722172259806897
448,1107,0.2751328451518051
448,1492,0.3256435431243813
448,1575,0.20718989758001077
448,1600,0.614379810797245
448,1764,0.3448710552903309
448,2193,0.38129217110795854
448,2237,0.4440435833462966
449,489,0.42599319945083475
449,755,0.438237066748261
449,760,0.3417241029578872
449,1168,0.43815702447233423
449,1189,0.5885269568935646
449,1308,0.5237331953963626
449,1310,0.4479796231829605
449,1535,0.46576127869800854
449,1570,0.36432473970210427
449,1631,0.4349387765908433
449,1687,0.5444727860645224
449,2204,0.2576931454348866
450,511,0.5909215382090118
450,677,0.7673157242591258
450,680,0.457357054573299
450,1109,0.4816865715175648
450,1131,0.3618898259538437
450,1160,0.4693197146480054
450,1161,0.37180740336834445
450,1232,0.548947488959898
450,1449,0.5461130138908108
450,1604,0.713481425280561
450,1674,0.38922324496496113
450,1879,0.4056053995595589
450,1987,0.5847610837550108
450,2235,0.3679750185593099
450,2311,0.4520370253861204
450,3007,0.3598643719049924
451,691,0.22438642695323807
451,1203,0.6790588969889066
451,1520,0.36234274977241493
451,1522,0.3301227443387112
451,1554,0.3210189261246843
451,1596,0.6420655493151841
451,1852,0.3253263547927048
451,2027,0.42504480202507744
451,2064,0.3411949846761675
451,2111,0.5767574263047429
451,2120,0.3564894518162623
451,2131,0.670207594982795
451,2183,0.5587471264569374
451,2211,0.7615112256835758
452,459,0.25736594523387146
452,505,0.5040278235456496
452,766,0.48794786542793966
452,1051,0.5246271827446598
452,1059,0.640043635695706
452,1141,0.3685086900104818
452,1142,0.5412544672121272
452,1175,0.34687588718631235
452,1232,0.444527980110729
452,1235,0.3339100994347019
452,1603,0.38842274250776765
452,1995,0.4614782179689281
452,2192,0.5724124280479813
452,2194,0.368038018485017
453,455,0.5125428964392496
453,459,0.40554067372276287
453,511,0.46463380584045694
453,515,0.43556481468931624
453,725,0.3605386486068912
453,1139,0.3250797670498325
453,1170,0.4248948746202249
453,1172,0.5866052584154224
453,1250,0.5039576131471002
453,1604,0.39245685703377925
453,1659,0.29569726230523996
455,499,0.2638839328986531
455,515,0.35495276768956147
455,517,0.3252744759341484
455,554,0.4262785962494793
455,725,0.25324367619764776
455,1139,0.31982495558604596
455,1170,0.898921770717055
455,1171,0.2112528340996546
455,1172,0.46099370617330654
455,1609,0.49137274626207766
456,457,0.7104135796012288
456,544,0.2985175098541246
456,553,0.3289983100847184
456,710,0.4384126308835029
456,713,0.5753295715327886
456,1067,0.8153767232708276
456,1144,0.2601311252628541
456,1288,0.29252480102132256
456,1349,0.3964083572647849
456,1605,0.3428097415798361
456,1660,0.36809259303493636
456,1892,0.3641451519470991
456,2205,0.38827129468271165
457,544,0.5091176970467785
457,713,0.39739897387498696
457,1064,0.42223824129530313
457,1067,0.5700384480309746
457,1346,0.3791266190200629
457,1547,0.38325223005618425
457,1573,0.38282399380835314
457,1605,0.6610026197348734
457,1657,0.3738433791164761
457,1660,0.47876444946878
457,1892,0.4216040979527972
457,2152,0.3548357055917977
458,515,0.2359652197191428
458,1250,0.3674043159263948
458,1411,0.1768683534606448
458,1489,0.12378964799231612
458,2231,0.2973139439439499
459,505,0.2039942868623325
459,593,0.3158390958934704
459,1051,0.42922997930938483
459,1059,0.7246300922791816
459,1142,0.3247218970522855
459,1172,0.40538778559912236
459,1175,0.32599834969258945
459,1603,0.24683267832703026
459,2025,0.3909326834957481
460,546,0.4215827639334937
460,695,0.27261388935047975
460,698,0.7328146529350256
460,711,0.5921997484475561
460,722,0.6271751971325885
460,1153,0.388118450836568
460,1155,0.5211969113083887
460,1166,0.47590990903229285
460,1167,0.32740176937085674
460,2202,0.3108298085587707
478,1258,0.42572835338520293
478,1979,0.30297872958368344
478,2392,0.3799392473499605
478,2408,0.44044924542425207
478,2582,0.31280708689113346
478,2887,0.3996571583563875
479,487,0.2938309454975012
479,1559,0.28438801308383427
479,1606,0.4222001353335183
479,1691,0.3823716678783544
479,1777,0.256442491665348
479,1909,0.37827936877631124
479,1917,0.28138294206105896
479,1929,0.4390692657255276
479,2088,0.2912091855988341
479,2257,0.5076127320041426
479,2259,0.2539757079287294
480,492,0.24762038350873292
480,498,0.6373589222857815
480,989,0.4711231423740365
480,1147,0.7341339151886745
480,1225,0.5725575656579067
480,1615,0.8236603597751236
480,2252,0.3828710945588962
481,1049,0.013207502649438447
481,1135,0.3480492857638824
481,1303,0.3106652337391253
481,1707,0.31510682168926374
481,1764,0.34939725694080337
481,2318,0.23445780412696834
481,2887,0.3203389361917533
482,497,0.4130786556991243
482,543,0.32079312374884594
482,559,0.32397610278592276
482,1211,0.3333291109185474
482,1293,0.3102306251858701
482,2276,0.2932672151150199
482,2287,0.47538669442340503
482,2301,0.19946481471010005
482,3012,0.37484848319179065
484,552,0.5501050403882622
484,578,0.6614177386733533
484,594,0.2842120576359716
484,603,0.35241400075896484
484,690,0.40403090824606835
484,754,0.3755114680973872
484,779,0.6417753146754103
484,790,0.3001652355596229
484,806,0.3432909912691731
484,1565,0.4437701464261956
484,1661,0.4408856103664523
485,490,0.4458778317123606
485,515,0.31607709044502796
485,517,0.4992622200842807
485,593,0.29883093746956835
485,1171,0.34194171891983893
485,3005,0.29208734759425403
486,992,0.9372796384623476
486,1158,0.36787944117144233
486,1404,0.383175037623321
486,1413,0.38538751923840736
486,1629,0.4495119295238381
486,1666,0.3306437790411178
486,1675,0.6955242933964463
486,1778,0.39698013590163833
486,1880,0.5183404784243889
486,1922,0.4384458687277838
486,2060,0.5849480219816685
486,2301,0.3799261798726632
486,2333,0.3578464649393437
487,1414,0.3301421960483335
487,1422,0.31640489195297783
487,1532,0.33629990327040526
487,1611,0.26233327210382984
487,1616,0.3496924747524559
487,1631,0.319444752290317
487,1666,0.38241417894634366
487,1691,0.31830479787929156
487,1703,0.47319515024116343
487,1769,0.41880850581020423
487,1927,0.3414007145386058
487,2075,0.34451164156808745
487,2200,0.3027535316131597
487,2295,0.4028283928669177
489,739,0.3908265567209692
489,745,0.3437462403383389
489,755,0.5429519393360653
489,915,0.37502147716437845
489,1003,0.43748597381592397
489,1006,0.33764345532912393
489,1189,0.35241208957948716
489,1244,0.39987213114524056
489,1292,0.4230523887338649
489,1308,0.3861993661151306
489,1310,0.27658615343056725
489,1535,0.7055769233098944
489,1782,0.37419976210372646
489,2039,0.46907009704222086
489,2042,0.5138837347914261
489,2298,0.3780715864684154
489,2325,0.31169225985199933
490,499,0.3464757079160118
490,735,0.7257017120097866
490,992,0.2559230456234369
490,1011,0.7036459925091941
490,2076,0.4075077687295972
490,2191,0.3220517321543015
490,3005,0.30825865127038604
491,587,0.3729231623619447
491,742,0.16275390904279
491,780,0.23180560428045036
491,1153,0.28797215960592804
491,1638,0.26274064732628627
491,1645,0.2081880570558805
491,2202,0.28584426170988236
491,2303,0.1947150351416999
492,1009,0.19016515884239504
492,1539,0.19382512388976555
492,1553,0.2510396541348853
492,1667,0.37365994944044345
492,1765,0.2645054023337677
492,1920,0.36599144465273803
492,2074,0.23728113568354886
492,2252,0.21600390734378086
492,2280,0.19858016768790432
492,2286,0.39489341115404697
492,3005,0.22393551694519376
493,567,0.44081214738726276
493,761,0.3733488111699367
493,907,0.5700814425663775
493,1266,0.39912249858001614
493,1267,0.2831957047448628
493,1272,0.34171556233337375
493,1279,0.25641202045919576
493,1299,0.712696756250174
493,2057,0.32973430986548347
493,2268,0.3433280787129625
494,1063,0.46948036946019667
494,1066,0.41728856508540335
494,1072,0.5824557918441048
494,1185,0.4001460703599204
494,1237,0.4438907358873414
494,1262,0.3771835063184729
494,1608,0.4803419936084771
494,1709,0.46619861234109705
494,2001,0.32287989439313164
494,2045,0.41815525316910174
494,2886,0.7723093655065542
495,683,0.3474296464358908
495,1273,0.3716584697664441
495,1327,0.16960131100970058
495,1537,0.25967700587810477
495,1551,0.3534275840906284
495,1727,0.3515487629481696
495,1918,0.3439988651870289
495,2054,0.38520787450212385
495,2057,0.7594770287777763
495,2067,0.6340641856222115
495,2094,0.35512718596885656
495,2152,0.39680912286603953
495,2156,0.3583967600824049
495,2260,0.3717500542238083
495,2268,0.3483065817450598
496,539,0.36934261438193544
496,547,0.31889553069584103
496,548,0.36453846322139644
496,747,0.3677120849960215
496,751,0.36159407463226106
496,1280,0.3169310190389875
496,1300,0.3373750336914342
496,1341,0.6161872346359066
496,1356,0.7588012312265574
496,1533,0.33562889616988123
496,2017,0.5083562561911873
496,2300,0.3920414553987754
496,3012,0.4814788813645373
497,501,0.45912009063980724
497,527,0.8159494570545401
497,543,0.3885414073284992
497,561,0.8511563708427953
497,1237,0.3790459115703709
497,1262,0.2648462874390209
497,1294,0.4072591259870241
497,1634,0.5401670571918085
497,2045,0.28963205306416306
497,2287,0.3003891177921772
498,989,0.32887874006439005
498,1071,0.38587509678633997
498,1147,0.4944562878497971
498,1225,0.44981701636378735
498,1226,0.3896576811471805
498,1615,0.4526861655294932
498,1919,0.3609638492787939
498,2252,0.3121256468769922
499,535,0.312375214519831
499,550,0.4052669132594676
499,554,0.36330519970693465
499,725,0.480832869274229
499,735,0.3880388859125616
499,1137,0.54316294989819
499,1139,0.46262325355236816
499,1170,0.4037274049853362
499,1249,0.3374853600061075
499,1351,0.5226037923414962
499,1609,0.5647716629773146
499,1642,0.40628593862894635
499,2191,0.31912786433409435
501,527,0.6221557240194461
501,543,0.28878337221965245
501,561,0.4881134469008626
501,1228,0.21161103254448566
501,1261,0.2933232773210378
501,1265,0.3780195194167607
501,1302,0.41908313479841064
502,529,0.1581265813411706
502,583,0.41991570866864336
502,598,0.24822913368356053
502,602,0.4554819590671184
502,770,0.2072465969025396
502,796,0.27593664128730283
502,1289,0.19625459873911608
503,669,0.349685016482824
503,704,0.39707468160148957
503,714,0.4494051806505445
503,742,0.5832397322839141
503,791,0.4290721269869685
503,792,0.16272442913444102
503,803,0.3435823360339576
503,851,0.33849767134876524
503,1143,0.6704439537565119
503,1339,0.4796263818831583
503,1357,0.3644455160231898
503,1636,0.3436980252685095
503,1661,0.6122627630882792
503,2012,0.37900936754522874
503,2199,0.35656268975085836
503,2292,0.3998193801310127
504,666,0.4078759110799866
504,727,0.4077127985853445
504,1224,0.5255994258671793
504,1258,0.42317183322061236
504,1523,0.31041846755059743
504,1597,0.3374998048718828
504,1632,0.37766642411914236
504,1665,0.7234890039591829
504,1977,0.36103841373800444
504,1979,0.6776752290326511
504,2144,0.5604366731576528
504,2161,0.649329326301869
504,2275,0.875120849890281
504,2281,0.45930638634915344
505,593,0.2870080501970505
505,767,0.45262520011646246
505,1051,0.3274326245428747
505,1059,0.39580267317377016
505,1174,0.6360156997661415
505,1191,0.4955868125030061
505,1232,0.48625581663659107
505,1256,0.7005783375212863
505,1275,0.41163919740670146
505,1603,0.8099558276574045
505,1659,0.4056040265275886
505,1985,0.5080251452803787
505,2025,0.2623033076980478
505,2203,0.49766777300829645
506,830,0.2802868212047509
506,989,0.35792682766571493
506,1009,0.45637930584204434
506,1010,0.4328850819875548
506,1525,0.4913367621444361
506,1526,0.3512633585035336
506,1540,0.4076317386240097
506,1563,0.34172942450142585
506,1765,0.5014277978797417
506,2169,0.33979521402927176
506,2286,0.38650585182930497
506,2289,0.30637612614091375
506,3005,0.5773794129478138
507,510,0.3818974516846491
507,676,0.5726659507941187
507,693,0.560074874005191
507,757,0.5530903479366979
507,927,0.6293051015080265
507,986,0.5930274497528093
507,1243,0.3438440194777352
507,1492,0.351744696670668
507,1600,0.2384066124667434
507,1726,0.39914723462747925
507,2033,0.21830256030622416
508,509,0.17891883458778984
508,731,0.6698651485145514
508,741,0.5341644253101556
508,1181,0.6794510673953483
508,1197,0.2700576543749772
508,1227,0.39048869268879055
508,1229,0.40511518176763883
508,1234,0.4438299959369652
508,1260,0.26742756761843944
508,1974,0.5192593508465444
509,679,0.6236334161168834
509,731,0.2627515026368864
509,748,0.47272170331299435
509,763,0.4199183902910937
509,1136,0.34650246195857903
509,1140,0.5542380597848154
509,1169,0.6753362243272562
509,1181,0.2797211019861092
509,1197,0.7191882222708018
509,1229,0.4070965054949193
509,1231,0.3401171434630409
509,1234,0.31735158702268446
509,1236,0.4268340055913698
509,1238,0.8068249330170288
509,1260,0.5874078682748872
509,1333,0.745664435432057
509,1974,0.38099598303051874
509,2620,0.27892972702687546
509,2809,0.3674317429742805
509,3011,0.45567073133064256
510,667,0.3231302186234614
510,676,0.7133286183727122
510,679,0.2644064072719115
510,686,0.9480496923377391
510,693,0.38901540035819204
510,757,0.2979335885890091
510,989,0.47654173436217817
510,1054,0.5046629508614112
510,1226,0.3266136916670972
510,1230,0.39193947871968615
510,1586,0.30233321118329387
510,1599,0.4894759810234557
510,2032,0.41281322761066525
510,2620,0.4542002547423149
510,2809,0.3576426994278703
511,515,0.5028806117347766
511,677,0.5555985436299734
511,735,0.33372564257009446
511,1109,0.7177137239577732
511,1153,0.27336963856710317
511,1163,0.24788084535707477
511,1172,0.40174046929200413
511,1250,0.6236475386877094
511,1604,0.830893590131338
511,2191,0.37611598487918935
511,2235,0.47132813427380815
511,3007,0.3327237862460094
512,669,0.6641772472226518
512,671,0.8083956677539945
512,742,0.38676821502733966
512,1167,0.36078532862062773
512,1257,0.6427849935452851
512,1562,0.3610212259714689
512,1633,0.3881504584382683
512,1639,0.38821003120302267
512,1645,0.5757233704696042
512,1649,0.42204624227510074
512,1658,0.34265680123993586
512,1987,0.3408857306468391
512,2012,0.775917983249175
512,2202,0.3129472602621592
512,2292,0.5017360292276201
515,517,0.5872673273157569
515,593,0.3604322326542826
515,1059,0.3575021640218082
515,1109,0.35798319177361493
515,1142,0.2771760986355433
515,1171,0.23265885697119074
515,1172,0.5306733384847896
515,1250,0.7124216999089625
515,1604,0.24389046363244804
516,557,0.3076612735703177
516,765,0.45843945236290273
516,1311,0.3384794462586187
516,1313,0.33211443899938486
516,1319,0.41524318156151196
516,1320,0.6381106486345199
516,1324,0.2006552599791454
516,1336,0.3348322770809042
516,1346,0.31588709762518297
516,1552,0.49554274119410807
516,1724,0.5842937663673418
516,1892,0.24742530496382428
516,2054,0.3350164445308719
516,2094,0.2677056761549359
516,2156,0.5080514428406249
516,2260,0.4021356074466039
517,554,0.3594648306731312
517,593,0.618445447910096
517,1147,0.36787944117144233
517,1171,0.28457021001287486
517,1250,0.38701180554855313
517,1275,0.32957129624458253
517,1615,0.3716539798824031
518,540,0.37637857682285336
518,543,0.3576849697927987
518,559,0.4971129275484522
518,568,0.5478825909987153
518,1196,0.41218756154717706
518,1300,0.6008768374489475
518,1611,0.6070821572342258
518,1628,0.3751802940463257
518,1629,0.5341463354193987
518,1703,0.4997265522594114
518,1782,0.45081264413958727
518,2036,0.5219919912660901
518,2301,0.7366681873257612
519,539,0.36886396161310403
519,548,0.3478854686435128
519,549,0.3590382994160248
519,569,0.4899435792223475
519,737,0.43717568446170235
519,746,0.4328281526103473
519,753,0.3718925138042406
519,758,0.602437676765252
519,769,0.3478453516723988
519,1065,0.44358881250671794
519,1274,0.24477680326170886
519,1296,0.31471897978281665
519,1335,0.45094517945013296
519,1345,0.41913626858217873
519,1352,0.28195780536001686
519,1358,0.7292971264233507
519,1605,0.3240274740252584
519,1640,0.3728064698384615
519,1646,0.3701462988458242
519,2159,0.40973156807613975
520,555,0.35400972141682474
520,1032,0.36865141189968315
520,1353,0.6566057611738256
520,1548,0.4508764829589398
520,1561,0.5391628211508337
520,1564,0.4688533684965958
520,1689,0.5214176059690211
520,1691,0.4706843653532759
520,1926,0.38325781622018557
520,2077,0.5371660573875391
520,2091,0.4722279120917856
520,2262,0.38270239388399485
521,540,0.43900901022610844
521,564,0.5674719998733573
521,760,0.34855185110741377
521,1012,0.42414454607716123
521,1356,0.3304167145358848
521,1414,0.34867658216829567
521,1533,0.48303400695476123
521,1566,0.6515215594306664
521,1570,0.7010625213213829
521,1611,0.3199357426965392
521,1621,0.38957903870239863
521,1648,0.3477933156073566
521,1687,0.4144825778176013
521,1745,0.36115493317991637
521,1941,0.47143012606041246
521,1944,0.37777049998110424
521,2212,0.3205489151446915
521,2299,0.3586649078533851
521,2305,0.43919206427919344
521,2317,0.41428053798127784
522,689,0.42747612141952845
522,702,0.5021127961282942
522,815,0.3117154064869433
522,817,0.3545593963149786
522,1015,0.27366656893737035
522,1070,0.3822589384173802
522,1151,0.6656810331518922
522,1305,0.5062273945654083
522,1474,0.4055804851561635
522,1549,0.38102421174509365
522,1670,0.27146567374198827
522,1671,0.3644466387468775
522,1899,0.6434438218897549
522,2002,0.40994967250638226
522,2122,0.3952644621037169
522,2173,0.3303612666841335
522,2230,0.3560483228944953
522,2328,0.23690709456571993
523,570,0.21160600971664043
523,901,0.3107110884214957
523,913,0.3018402594864028
523,1068,0.3125215296840773
523,1422,0.1737453936897445
523,1622,0.35320847080110057
523,1775,0.4805732380954597
523,1932,0.4408535533397916
523,2113,0.24819265986425815
523,2200,0.4229889957243882
523,2257,0.21505415608845005
524,534,0.2728697232896313
524,704,0.5403902010706191
524,712,0.24086808017433856
524,714,0.277693178339249
524,742,0.5401027354910076
524,749,0.5056914822124525
524,801,0.8899983157600535
524,1351,0.3878219004315906
524,1642,0.6220932152429131
524,1651,0.5014513001454814
524,1661,0.3648542268774459
524,1663,0.37178584833102474
525,548,0.3101115894139824
525,563,0.4342436731714263
525,703,0.49611578959602654
525,746,0.34567421831191825
525,774,0.341284665288938
525,907,0.42192831429367955
525,1060,0.16813686878787415
525,1069,0.25896253856324203
525,1268,0.33240828469797945
525,1272,0.5702151961227294
525,1295,0.3940856046821824
525,1298,0.4267516435251478
525,1326,0.3966955205053478
525,1338,0.37727698540484206
525,1340,0.6769773009304169
525,1345,0.44497436699084963
525,1358,0.5188303725925266
525,2154,0.6644432643345618
527,543,0.40512541295607213
527,561,0.6931711491901854
527,1237,0.2905079145434083
527,1261,0.4740665784891964
527,1265,0.6146677117807802
527,1294,0.5935210740561339
527,1634,0.5426135739726058
528,542,0.4737695580381464
528,745,0.35617664101672203
528,915,0.3672685894320742
528,1127,0.37142777742119015
528,1281,0.4493730684295044
528,1292,0.4792009027410254
528,1301,0.41539959789245207
528,1306,0.7733266959407071
528,1550,0.3206256121718173
528,1593,0.3454025976651356
528,1627,0.2792310936769651
528,2059,0.2340003261723041
528,2325,0.5679061961253702
528,2329,0.4072172019613368
529,571,0.3234870319853366
529,1246,0.4913314457441979
530,540,0.37228098862776654
530,543,0.367291765921431
530,571,0.5259763584452222
530,744,0.4552314025015122
530,756,0.4425771458589474
530,1196,0.40072680556388623
530,1228,0.333080265031977
530,1246,0.3871464042771006
530,1249,0.39326460953294484
530,1565,0.2531110324238094
530,1625,0.3896673352574879
530,2034,0.5406099301805292
531,559,0.3952748073698114
531,751,0.6061976834387826
531,1284,0.44235455101825644
531,1293,0.3775302200324613
531,1533,0.28575216744694015
531,2036,0.39451495188689406
531,2276,0.8122747434104153
531,2299,0.4551316644459259
531,2310,0.571859775571898
531,2314,0.3402908688044846
531,3012,0.6824503273675372
532,549,0.31627092166092147
532,557,0.39804375314135576
532,761,0.6470948277920701
532,765,0.4438046102331282
532,773,0.36690316470900414
532,900,0.38935972192720225
532,1064,0.7169094949506017
532,1069,0.2985497110191576
532,1268,0.555668752159426
532,1269,0.3266956703050428
532,1271,0.32698172484183174
532,1279,0.6615543780298864
532,1282,0.4688721635146941
532,1291,0.5684518102805362
532,1297,0.2212737709612087
532,1299,0.31983201824390883
532,1346,0.38837981536486743
532,1605,0.302888995646555
532,2159,0.6462304654697154
533,541,0.4657577965667331
533,683,0.3992380753074884
533,1242,0.36749419421762985
533,1571,0.26578383079403867
533,1606,0.47520727794448653
533,1607,0.4226791330062984
533,1622,0.33766976699152296
533,1626,0.39380752811044656
533,1775,0.3678171310924483
533,1777,0.3865842544385095
533,2257,0.512287026848752
534,537,0.44212528084875946
534,564,0.36787944117144233
534,704,0.5384424513810085
534,717,0.6025893263200177
534,749,0.5690721234603439
534,801,0.2977404926622626
534,1062,0.354714587567118
534,1339,0.3285749079121475
534,1357,0.47992227254516806
534,1642,0.3226440059159998
534,1647,0.3329863960487499
534,1653,0.34396268057095325
534,1654,0.4610498005345403
534,1661,0.30254149514141243
534,1663,0.3548405657287949
534,1687,0.3624028963198071
534,2030,0.4883667728953128
534,2155,0.38085615352314284
534,2201,0.5276234444680619
534,2212,0.37011373467826386
534,2317,0.386527308774172
535,554,0.3928527845659627
535,790,0.3416007871394083
535,1061,0.5951146368019805
535,1137,0.48947007424253913
535,1139,0.37167052368410425
535,1173,0.48088348509472295
535,1246,0.3025395275788968
535,1249,0.31493330788832
535,1609,0.43360623749849975
536,541,0.7418619557845824
536,563,0.334560629182222
536,737,0.3312171199173428
536,761,0.29710248230822117
536,1242,0.41951178167880904
536,1273,0.32762490837679326
536,1291,0.4226624573055154
536,1345,0.42610924289992214
536,1355,0.6595647127639497
536,1537,0.3276124723456044
536,1547,0.3917124602196157
536,1606,0.4878682019829271
536,1909,0.4410207633340975
536,2159,0.4001780859032661
536,2268,0.29599376928195564
537,704,0.46913952019513916
537,717,0.4030868923390164
537,736,0.3963215105228056
537,753,0.4069179043662827
537,851,0.28960032891932186
537,1276,0.4452500889277972
537,1278,0.3349690560554154
537,1337,0.4369274866362739
537,1339,0.6073080997806392
537,1357,0.4326717483262151
537,1653,0.45798919117803477
537,1654,0.5609138440670589
537,2201,0.35254046647575155
538,548,0.4266186488273396
538,747,0.44141212718501843
538,901,0.26924603900895655
538,909,0.2202066271886073
538,1244,0.4274314920239257
538,1261,0.473180876909421
538,1284,0.485718784551902
538,1285,0.38999562883118327
538,1293,0.5754503116803917
538,1294,0.24840768061248125
538,1300,0.3821510183618028
538,1341,0.3109962852957157
538,1610,0.45814256456528085
538,1656,0.5594705292247547
538,1766,0.4199599332411379
538,1782,0.3981168383816462
538,2015,0.3290451012011255
538,2069,0.5004316310544362
539,547,0.4473881600824438
539,564,0.4104175647622857
539,569,0.5926582534363521
539,737,0.3188041143913634
539,1358,0.4259597174684055
539,1566,0.2606405322158678
539,1621,0.28065346044910605
539,1656,0.28266220496398003
539,1909,0.3077569241966319
540,547,0.5202870755983633
540,550,0.2529952440302292
540,571,0.3393477561790499
540,744,0.4818281358705002
540,1012,0.490080946576851
540,1196,0.41809035420783697
540,1566,0.6296776037369484
540,1621,0.37505891507843825
540,1628,0.39655371027631214
540,1941,0.4212828704911631
540,1944,0.3199303896666025
540,2295,0.5628376377209515
540,2301,0.5818991472794729
541,683,0.3867485600312424
541,737,0.3924203488809197
541,761,0.3760035288819042
541,1242,0.699332086547193
541,1291,0.47957926573182347
541,1355,0.7600923041349859
541,1606,0.5967828860427913
541,1607,0.33998007487243664
541,1777,0.4368031328611246
541,1909,0.32957174127188554
541,1925,0.2894737414161227
541,2057,0.23052795919986224
541,2159,0.36938882260104766
541,2257,0.35591236482455046
542,898,0.21889771703373556
542,1002,0.3656652954554977
542,1127,0.7385328168088993
542,1277,0.5875385154681358
542,1301,0.33238394154069406
542,1306,0.2575041954701107
542,1728,0.443620073798658
542,2324,0.325352750878431
542,2325,0.320398671579667
542,2326,0.45956478597940376
542,2329,0.3924441338513293
543,559,0.43020896518040497
543,561,0.2447371274070397
543,568,0.6401145412558197
543,571,0.38502315719956187
543,1196,0.4853514274129028
543,1228,0.3702487803506926
543,1237,0.4359004549287221
543,1261,0.48124227841641787
543,1265,0.30864768571254236
543,1293,0.3519539606264815
543,1300,0.38697858961921744
543,1634,0.4305513575628682
544,701,0.36787944117144233
544,737,0.48061241493993384
544,904,0.34692203869460747
544,1067,0.4913811678592691
544,1242,0.5785214924560033
544,1547,0.5762690586330074
544,1571,0.6400048344049446
544,1573,0.6916199232216906
544,1605,0.6515881136533729
544,1614,0.7253976892020757
544,1657,0.47167652977579605
544,1660,0.5575052157527364
545,905,0.9050049965788879
545,1063,0.6506942039170128
545,1158,0.5862451055700975
545,1659,0.3599696017036765
545,1700,0.3408018404946703
545,1987,0.3514916694939212
545,1988,0.4361816522515949
545,2012,0.46276970633352976
545,2034,0.3218265357364328
545,2155,0.40703292922216805
545,2299,0.39656447765618197
546,698,0.3762309185463828
546,711,0.6832699245551255
546,1155,0.38420193451900264
546,1166,0.32667104252450274
546,1638,0.5385782491033162
546,1650,0.37968191080096897
546,1651,0.4098649309628663
546,1688,0.4515301627959743
546,2199,0.2305182459761756
546,2294,0.4835103450917921
547,550,0.3083573721574596
547,564,0.40649982754927755
547,569,0.378401720415287
547,571,0.6845499725989326
547,1196,0.3951268705817594
547,1300,0.5458052395825148
547,1566,0.5488665331719819
547,1621,0.6999722744609582
548,737,0.3725556072152176
548,746,0.6586976342670817
548,747,0.8840634411380954
548,758,0.4458445286767305
548,1244,0.41951986463357865
548,1280,0.3055644141247568
548,1326,0.3689216188762354
548,1341,0.4573115652616468
548,1358,0.4534930789458591
548,1610,0.3735582040163602
548,1656,0.6855047988136056
548,2015,0.3759925211689408
548,2017,0.729932427945986
548,2163,0.3943813031688079
549,602,0.13885273608665102
549,758,0.2267516141164377
549,1271,0.7170703567177767
549,1291,0.25368475208624464
549,1335,0.5849026577349449
549,1345,0.4614802450187158
549,1346,0.3172678241172343
549,1350,0.4541596450335633
549,1358,0.34754697376777943
549,2159,0.4343258857295011
550,564,0.3687821297787258
550,749,0.5962406765014275
550,1351,0.4334930668346815
550,1566,0.578849940922871
550,1621,0.479526606386581
550,1630,0.3766927166741882
550,1642,0.5693102780117721
552,574,0.3852147657135232
552,742,0.35379116380313147
552,754,0.5511983385035555
552,779,0.4193814674430428
552,1565,0.6806746897397176
552,1661,0.38199092939814844
552,1693,0.40910012592595674
552,2012,0.2876682351275431
553,706,0.44445190388532596
553,713,0.5798649024007924
553,1320,0.2901548368450182
553,1349,0.4537749864561041
553,1420,0.31004320656727824
553,1722,0.5110860851713402
553,1732,0.4034698469855535
553,1741,0.45422476202904494
553,1892,0.5229858374038965
553,2037,0.3030088427984847
553,2049,0.7288289020732986
553,2058,0.638030163110001
553,2094,0.4426874451116405
553,2152,0.35250910057889984
553,2156,0.46430669999564983
553,2160,0.5447890378866059
553,2213,0.3274176653228116
554,593,0.5730026986580451
554,725,0.49702084616385944
554,1139,0.7128444613958174
554,1170,0.46576051192250345
554,1172,0.5095937667841776
554,1246,0.45222135603879615
554,1249,0.5778472806445655
554,1609,0.7486605448089956
554,2203,0.3601253945954489
555,698,0.22831192591412539
555,829,0.3445993477587406
555,1018,0.3761784063775571
555,1023,0.4339976760269368
555,1032,0.4334040976876488
555,1041,0.7253169712223674
555,1251,0.8693270928955082
555,1421,0.593230972392615
555,1548,0.8296533240517303
555,1616,0.36087094307169865
555,1691,0.32657294084844674
555,1754,0.3196857803620655
555,1887,0.39793212644135634
555,1915,0.45536396532062645
555,1926,0.4695243176929295
555,2061,0.3008327346468589
555,2077,0.3259608143891907
555,2206,0.5147212047937547
555,2262,0.3976498913292814
556,566,0.4662247743658322
556,713,0.40811771776574446
556,1336,0.5187438529558187
556,1349,0.5266561852704115
556,1544,0.25108355257801723
556,1640,0.47446911837823497
556,1662,0.38051170120041916
556,1746,0.4736730973702055
556,2078,0.3905165027017631
556,2271,0.4756628569544056
557,567,0.4363362142932893
557,761,0.3678486918324406
557,765,0.575430511165833
557,1064,0.4310997578719341
557,1266,0.5510889883233174
557,1267,0.230857086385074
557,1269,0.4606413340606015
557,1282,0.5608835979008193
557,1291,0.24851122960204683
557,1297,0.4683529250536751
557,1319,0.4852695929206551
557,1324,0.47125497974856784
557,1724,0.6081852614034492
557,2022,0.2680974603220927
558,696,0.5674770322865493
558,712,0.24498618757650323
558,1561,0.4059951331891972
558,1637,0.41612223910606794
558,1640,0.6432786871251747
558,1647,0.3866484471710077
558,1648,0.5341869974988346
558,1662,0.4867167454533803
558,2195,0.6111708046848535
558,2197,0.3884603053960098
558,2201,0.3951444140252333
558,2204,0.4312936263003614
559,1158,0.39312441617090255
559,1237,0.42579570775595926
559,1293,0.3733416797545197
559,1629,0.399858465521282
559,2034,0.39645943168077774
559,2036,0.6094136008902526
559,2276,0.6032954713234034
559,2287,0.47424867730125436
559,2299,0.5220249075379018
559,2301,0.5850250297145615
559,2310,0.34638392487283415
559,3012,0.23100217181910776
560,562,0.49816408481163416
560,570,0.4712358152982997
560,706,0.2817352228281503
560,1014,0.39286678209561
560,1205,0.6549419155064897
560,1217,0.44277190253522747
560,1218,0.35695051837092007
560,1423,0.4671743774185601
560,1581,0.6925280473390836
560,1773,0.3663097486841352
560,1856,0.4857033377667778
560,1916,0.32303261323892996
560,2043,0.3385098717411711
560,2053,0.39991833793954973
560,2072,0.554947029701652
560,2080,0.4782360178367223
560,2129,0.2852745042408177
560,2142,0.37154800424409495
560,2255,0.44733129443706987
560,2258,0.26144378693898
560,2270,0.38594472435081506
561,599,0.49941986901752533
561,1237,0.3370218937490644
561,1241,0.5013607127454166
561,1262,0.386145543262827
561,1623,0.3534593682970961
561,1634,0.3201460545114519
561,2045,0.3123676202632511
561,2287,0.23218581931801086
562,570,0.5909652897847144
562,683,0.31117755110876416
562,1017,0.31048017059889305
562,1205,0.3723893267428546
562,1217,0.739946636365236
562,1416,0.38073806299577856
562,1422,0.36635903869986947
562,1581,0.5105310950817824
562,1775,0.30529630205277064
562,1849,0.3373725344740377
562,1916,0.3434586707834657
562,1917,0.39160873814796426
562,1932,0.4681078765815176
562,2043,0.3415170682987189
562,2072,0.3732955453909305
562,2088,0.15016148038538935
562,2128,0.35844972432763833
562,2129,0.42549783868132185
562,2258,0.40497934182877204
562,2270,0.6862313419319958
563,566,0.38257940145981334
563,1271,0.4358401911043979
563,1272,0.3641627850050928
563,1336,0.24949971673283824
563,1340,0.5583586328166132
563,1345,0.7736554350483914
563,1346,0.7051895828770979
563,1350,0.4724200913957003
563,1594,0.40328811672749615
563,1605,0.33108333490343494
563,2152,0.43304613019534965
563,2154,0.3888797424953566
563,2260,0.4747520678108265
563,2268,0.29850832182877085
563,2271,0.3307692189380116
564,749,0.47371202120789135
564,752,0.3996174131012571
564,1296,0.34121004240222963
564,1356,0.4373905113111042
564,1566,0.529599198704281
564,1621,0.6521798551926684
564,1648,0.3347888521563525
564,1654,0.38392460664590583
564,2212,0.6750568385364579
565,925,0.40785209652780946
565,1030,0.35231835202808576
565,1195,0.4706591600554322
565,1209,0.5731694659709627
565,1422,0.39084595794512617
565,1425,0.4640935471328602
565,1427,0.41025781970309594
565,1554,0.5006004997655329
565,1581,0.4170706861538723
565,1719,0.48554609094541384
565,1756,0.3199863442116276
565,1785,0.42099906279264815
565,1856,0.3152829672401596
565,1916,0.42611826131668845
565,1951,0.35897003944067224
565,2072,0.38452092088186995
565,2264,0.5941401075517583
566,769,0.33052070444501863
566,1253,0.693124306556014
566,1543,0.3519143960096734
566,1544,0.5301623452760331
566,1547,0.33586616209783
566,1561,0.3389549525099532
566,1594,0.5759102992636335
566,1640,0.34542849481547744
566,1648,0.37363714561355665
566,1746,0.39642429537414564
566,1896,0.31171394563648075
566,1897,0.2658044168956754
567,699,0.46523341671445273
567,761,0.29651605664238395
567,765,0.319700639643906
567,1266,0.9508656808568752
567,1267,0.49644661500136966
567,1269,0.38231697225144917
567,1297,0.4434725270384806
567,1299,0.35430683999880924
567,1314,0.279546620170363
567,1327,0.34030826399880354
567,1330,0.4082205563461681
567,1585,0.4555076140134766
567,1724,0.3896197344710118
567,2022,0.5668432327193124
568,571,0.5062566143913872
568,752,0.35468692506213084
568,901,0.2411701831242599
568,1055,0.3257092981040735
568,1196,0.49963778691072697
568,1261,0.4583885358375026
568,1265,0.2637364740201521
568,1300,0.6662960016667849
568,1634,0.5753714799741975
569,737,0.8193014053958023
569,758,0.39472178757859994
569,770,0.3245147253076252
569,1065,0.46098066679805555
569,1242,0.3672745346744276
569,1614,0.5030122202505021
569,1646,0.4613788085723142
569,1656,0.38965361513523084
569,1657,0.3403963443446157
569,1909,0.38160378171681786
570,1178,0.43874418549202265
570,1205,0.5355989138743918
570,1217,0.7119281378350083
570,1218,0.28687625878309053
570,1581,0.6884069384659429
570,1775,0.31085977202684917
570,2064,0.349777440462762
570,2072,0.29509438734606763
570,2128,0.4385302999964619
570,2129,0.5977889474611693
571,752,0.3349052960314637
571,1196,0.4745433617610765
571,1300,0.4932450681338338
571,1621,0.4337528220813432
571,1625,0.45710332194819153
572,710,0.44842703373004317
572,764,0.9422861951214156
572,1004,0.38835992537105435
572,1132,0.41118278602957953
572,1144,0.4145148476780125
572,1306,0.3674141178077709
572,1312,0.3794360549315979
572,1591,0.3965222536799986
572,1627,0.4035444159227773
572,2050,0.4434445196640843
572,2053,0.3885603346731
572,2059,0.3750057432095058
572,2066,0.6212487542011592
572,2157,0.483513358608898
572,2205,0.5363009130171033
572,2618,0.5854206542284927
574,585,0.287523276741917
574,588,0.5793153683419744
574,754,0.7424768805383382
574,766,0.4069708902146345
574,780,0.40023333598394323
574,783,0.3586280833817164
574,886,0.32658647023449955
574,1138,0.6915438646506292
574,1161,0.3532723152728883
574,1252,0.34344697403485974
574,1972,0.5560663201270803
574,1978,0.2517226442149453
574,2008,0.3258014586722027
574,2194,0.3410906630285153
574,2303,0.3757446777208947
578,586,0.4748621679319794
578,594,0.31703856055988844
578,779,0.3569052373212199
578,789,0.35134488296630195
578,790,0.3273764687696671
579,581,0.4201585217968116
579,601,0.39047481648541776
579,607,0.16035023174999935
579,616,0.2842962499576856
579,776,0.5029501346354339
579,780,0.4296435805945427
579,781,0.6342784435661755
579,784,0.6956631555846257
579,789,0.4064501618958819
579,794,0.6284563045747995
579,871,0.47354846204070605
579,876,0.6007642118683783
579,1961,0.3983253252432501
579,2338,0.42389059640407134
580,777,0.24732732041079591
580,782,0.19523136578163422
580,785,0.3241065845612028
580,872,0.2717264628960185
580,1957,0.22433465921507967
580,1958,0.36658200972829685
581,601,0.43343518884975313
581,766,0.3325922837177458
581,781,0.26951388799715126
581,788,0.2934850727615829
581,794,0.3022388496650455
581,1051,0.37997152262891276
581,1136,0.2433194731641443
581,1141,0.4643247560651953
581,1175,0.4201313216366157
581,1231,0.2996980505081057
581,1333,0.2855067662074472
581,2024,0.6329896007664071
581,2620,0.5938794270122434
581,2809,0.3178208627932115
582,678,0.6630406393294146
582,883,0.3777109706732422
582,916,0.8233945860820744
582,1430,0.4786996797866406
582,1970,0.3861358872233238
582,2219,0.48839596094096116
582,2220,0.25805931522575365
582,2221,0.31043131550955544
582,2245,0.3511718721968241
582,2348,0.5424678086644109
582,2349,0.22165596130064097
583,594,0.17224133832742913
583,595,0.3756868608221939
583,598,0.3501237158228142
583,602,0.7458407919812085
583,606,0.7564366163836345
583,796,0.4516482811806813
583,1065,0.10930617207675976
583,1173,0.13655645709987743
583,1274,0.37466222982845787
584,585,0.6031307336800362
584,616,0.6073446639346942
584,784,0.365001454962647
584,798,0.496685757299807
584,805,0.5130905807425347
584,807,0.605078738084052
584,881,0.43173589788894934
584,1187,0.27471212368201453
584,1227,0.24805050164283102
584,1234,0.33469940468118015
584,1252,0.29225540346176676
584,1302,0.2723110359915818
584,1968,0.35037960339320307
584,2343,0.6837469673986795
584,2872,0.34295398762533263
585,588,0.4292309148923466
585,616,0.4646600213661627
585,741,0.270275157585061
585,807,0.43141488545936607
585,847,0.34152184635753524
585,878,0.37693585085295067
585,1187,0.4901221611099291
585,1197,0.14408324942489567
585,1227,0.2382142921378799
585,1234,0.26920396986544615
585,1974,0.20350423855696023
585,2250,0.2691610051344535
585,2872,0.3729525407058919
586,592,0.27184972479092206
586,606,0.24622469378755402
586,607,0.387559095031448
586,789,0.7493750174175445
586,790,0.47243252962948373
586,1175,0.23727808444595538
587,589,0.16440179297866364
587,592,0.1503398348718611
587,605,0.23292539159710957
587,780,0.05907308308661559
587,871,0.10364675116264674
587,888,0.18935357897112023
587,1155,0.07757155228241848
588,675,0.26662273740242876
588,780,0.5070366445898722
588,781,0.5447202793699144
588,799,0.33262070454740367
588,846,0.37938479231738653
588,847,0.6853671979259065
588,856,0.6575307063399842
588,873,0.34179629602953954
588,878,0.34604457456746684
588,886,0.5149046514338221
588,1138,0.26381593403028397
588,1187,0.42007041197514094
588,2341,0.32467660279374577
589,592,0.9633135547694051
589,594,0.25792114852657533
589,600,0.39982105366537163
589,790,0.3544171239359088
589,800,0.3278530928689779
589,870,0.9199281285753704
589,871,0.5169880531713491
589,876,0.367129679969695
589,879,0.3863803783659612
589,1967,0.4119834609904249
591,595,0.35885693037836325
591,598,0.37420736972929947
591,690,0.6343452790113997
591,738,0.5741460645586093
591,771,0.6903116156625025
591,787,0.3426996508906548
591,802,0.293177988465454
591,806,0.4183532268053718
591,882,0.5453442288227328
591,1048,0.4614435655282696
591,1289,0.2662048489789046
591,1625,0.27974759279852307
591,2017,0.34103189219583807
591,2149,0.5376743584111036
592,594,0.26713026035962384
592,600,0.2916412605312811
592,790,0.35142785090979556
592,800,0.29973340101980095
592,870,0.8359342274109715
592,871,0.4026149219924724
592,876,0.2840489253864821
592,1967,0.36839683760549535
593,1059,0.33968900033252847
593,1139,0.39242233919589514
593,1142,0.48041023057564247
593,1171,0.09668676854919701
593,1172,0.445636859527288
593,1603,0.4054289150245923
593,2203,0.4382252660791988
594,595,0.4605324107673518
594,600,0.3431434323235637
594,603,0.39351663431961476
594,606,0.1983580656494549
594,779,0.385495790697834
594,790,0.42168958108579613
594,800,0.6773656003851247
594,802,0.3257492747041673
594,804,0.4066987773520242
594,806,0.5225911347677731
594,870,0.3454872972918196
594,1967,0.2824299008708931
595,598,0.6009580868847456
595,602,0.21832423615695
595,606,0.198299075647322
595,690,0.27167222327340274
595,771,0.5115365354233442
595,796,0.49157370275208484
595,806,0.32461768002496166
595,882,0.35073092171852743
595,1274,0.485767542043243
595,1296,0.36533519849788093
598,602,0.157646147754763
598,606,0.1348348563438578
598,770,0.3640707258076182
598,771,0.3636446530189865
598,796,0.7276975490758769
598,1048,0.3969751788564549
598,1065,0.43331604500670107
598,1173,0.4302844308856506
598,1274,0.4968377496978212
599,897,0.3257801450999269
599,1228,0.3108656372800038
599,1237,0.2860634260921142
599,1241,0.4721945043118843
599,1262,0.30973098651322784
599,1275,0.32570258997990037
599,1619,0.40076977414178183
599,1623,0.8500817698190919
599,2060,0.2566329983828348
600,603,0.7689032443732551
600,613,0.3844203191195023
600,779,0.5595809023911249
600,783,0.371011684037266
600,797,0.5206379988405337
600,800,0.5008003315465441
600,803,0.7290327256722605
600,805,0.4295532990392411
600,806,0.36189133215419783
600,807,0.3442186975902306
600,846,0.39816042093254983
600,870,0.5883751364840603
600,871,0.32626124130702866
600,876,0.371962062993383
600,879,0.4456553925993543
600,885,0.5670834608988711
600,1967,0.2827641299623202
601,607,0.47391874389530686
601,789,0.42442888746422053
601,794,0.40950355578040926
601,1175,0.29043231292386434
601,1230,0.3884945820342232
601,2620,0.3588264892749906
601,2809,0.33389511474819605
602,606,0.44079935479020604
602,796,0.3121903232588596
602,1065,0.06324693793241995
602,1274,0.2900958258386252
602,1335,0.21471994207080317
603,754,0.3112416244542987
603,779,0.7707543849795605
603,790,0.340009509207246
603,797,0.6633761839181876
603,800,0.38764344519786104
603,802,0.34848445783685267
603,803,0.8058384887881974
603,804,0.32912730937962137
603,805,0.36787944117144233
603,806,0.5881331354909568
603,849,0.3229858931784091
603,851,0.341471586194003
603,870,0.3212755838509711
603,879,0.2650911554540449
603,881,0.3842505659962681
603,885,0.6582401130550768
603,1661,0.3487382183460803
603,2249,0.3946102147518463
604,605,0.6502759225368817
604,607,0.32885044655447715
604,612,0.5661774552361744
604,777,0.673671232763054
604,782,0.5189954754356912
604,785,0.5507825276948762
604,794,0.21350646230651185
604,843,0.35425006033747564
604,860,0.5097041976659518
604,872,0.5559180294412998
604,1955,0.4770011569878243
604,2238,0.4129366988652879
605,776,0.2433403088402348
605,777,0.4837651835392277
605,778,0.22293115003929037
605,782,0.4016979325941309
605,785,0.3935826355445758
605,860,0.241922717087995
605,872,0.306383120183664
605,1955,0.31774126599209085
605,2238,0.32688651806602553
606,607,0.3503633040833043
606,790,0.17353840213529628
606,796,0.15488817713018582
606,800,0.19828737215345854
607,789,0.35930222278445184
607,794,0.21248887012412052
607,1955,0.3612490146720494
608,612,0.7429676282446096
608,775,0.6690708020884961
608,777,0.30290204704961265
608,782,0.30774350767358316
608,785,0.5707244062888539
608,842,0.7902185207343527
608,843,0.28214338530849375
608,872,0.6741784356921374
608,1176,0.33089968027306366
608,1430,0.32249228391360213
608,2221,0.22470647203853777
612,775,0.39793288954943945
612,777,0.5260809182272022
612,782,0.45549126855727046
612,785,0.6377233715232284
612,842,0.5566004906869503
612,843,0.5132313043196656
612,860,0.3979344970446418
612,872,0.7625925705888802
612,1430,0.34539209987820046
612,1957,0.35914922187464415
612,2238,0.34638363190474153
613,797,0.5123984025371626
613,803,0.3617257885601515
613,805,0.3292931985663772
613,807,0.3167711403575074
613,846,0.7677722506381148
613,881,0.30447030771149075
613,1051,0.26472690668440335
613,1191,0.3215382103334967
613,2341,0.7020717586555126
613,2343,0.39779440821027734
614,615,0.41469103253040995
614,618,0.33290302154421575
614,619,0.2520049889265468
614,855,0.34013487065989667
614,1152,0.40713278892049387
614,1957,0.36120361315097776
614,1958,0.5867728269565036
614,1969,0.33717827497697017
614,2345,0.26506478513718856
615,618,0.4721219500817686
615,619,0.2856983943563346
615,621,0.4464652485870314
615,854,0.2700789001942089
615,855,0.6955042076848895
615,1956,0.2596796274562273
615,1959,0.2824758022793823
615,1962,0.35869977205510695
615,1963,0.48894308420486543
615,1968,0.2807835096041328
615,1969,0.6470753999745644
616,1187,0.26880544090419267
616,1956,0.34716065798878315
616,1961,0.3978943159380354
616,1962,0.33478404450271815
616,1963,0.36504775868703676
616,2250,0.45425985859594264
616,2339,0.6994508608979305
616,2343,0.33549962128099725
616,2872,0.4196399118411695
618,619,0.8221688832257932
618,621,0.6579181538201954
618,848,0.2814061144798757
618,854,0.353253410286358
618,855,0.2875050052919732
618,1969,0.203770367652813
618,2250,0.26162550730016854
618,2345,0.35356782685157484
619,621,0.6813518393026028
619,855,0.2269598101555418
619,2345,0.3938999010015843
621,848,0.20088706580848056
621,854,0.3946583216189423
621,855,0.28659808415656535
621,857,0.37565318169664047
621,1965,0.1683855336029896
621,1969,0.12200494382554065
666,727,0.4046191380503727
666,1134,0.6323382843457007
666,1150,0.33118135080922817
666,1190,0.279706780657466
666,1597,0.3192358087173013
666,1632,0.7100182677850227
666,1971,0.361330269571665
666,2161,0.34155361885685426
666,2190,0.38899532221130423
666,2221,0.2547496254643845
666,2226,0.37276442363414697
666,2238,0.22102047560481122
666,2275,0.35024132527966056
667,674,0.7073678217483663
667,686,0.3126618766966718
667,892,0.417832711019473
667,1054,0.8064909453634646
667,1141,0.5129541752777563
667,1226,0.3713343047135372
667,1993,0.36265258836999115
667,1995,0.49937818940463136
667,2032,0.32725481410407076
667,2040,0.3938105006900872
667,2192,0.4297631266339875
668,694,0.4243590017223006
668,697,0.3280324778186392
668,717,0.526863267851369
668,723,0.6890519265010859
668,743,0.5330923878851607
668,1357,0.43599262480339995
668,1533,0.39771039646130674
668,1588,0.4663417988538131
668,1653,0.421481664662447
668,1663,0.4125975222327752
668,1664,0.3437361752123431
668,1730,0.3042947556832596
668,2155,0.5214207901278467
668,2314,0.4499728442111278
668,2317,0.6252225689782053
669,671,0.593707948869857
669,886,0.2712163191923452
669,1143,0.47977999683456163
669,1161,0.5014959596879651
669,1636,0.37375720319408023
669,1639,0.3740753914436578
669,1641,0.37453710180747296
669,1643,0.38659107846147595
669,1649,0.8137209030178667
669,1658,0.3094835209792961
669,1973,0.37898226813914504
669,1987,0.3429164202980707
669,2012,0.7136836161669539
669,2202,0.32020358693270307
669,2292,0.7090703044637331
669,2302,0.44796399514117374
669,2303,0.29135828516406537
670,675,0.3769126836118289
670,892,0.44196188159015887
670,1179,0.40047457005004855
670,1226,0.3392161115444871
670,1407,0.3342023183664776
670,1674,0.4136879431476451
670,1875,0.4744281250852071
670,1980,0.5865273456817439
670,1990,0.6031892222224646
670,1993,0.5305133409592458
670,1995,0.5147722411704164
670,2005,0.4754167859642332
670,2006,0.4073046455094675
670,2010,0.3444897620884407
670,2252,0.3440561242752929
670,2288,0.4735664055984076
670,2289,0.35406755450146826
670,2320,0.4528354459892113
670,2335,0.4214138334441333
671,677,0.5874198787366017
671,1161,0.5310381557287162
671,1167,0.4223307974613604
671,1257,0.5568433552256712
671,1604,0.4333343205845738
671,1633,0.37682156539760625
671,1645,0.3517127984333894
671,1700,0.3648219684238215
671,1987,0.6383913780837526
671,2012,0.7005218421982345
671,2191,0.41767032078200134
671,2202,0.41132735826551264
674,675,0.48231186947463855
674,1054,0.5407255950305573
674,1141,0.41965220801775704
674,1165,0.3445028727777634
674,1674,0.44163764046448667
674,1993,0.5236709560543342
674,1995,0.40120320692490535
674,2024,0.4507862286205997
674,2032,0.2837668700540706
674,2040,0.5628151561757878
674,2192,0.686938468450641
675,766,0.38770134245275084
675,847,0.27973695707914287
675,1141,0.4193526330710021
675,1165,0.31643703706192233
675,1187,0.39504329504551594
675,1232,0.46459809540930747
675,1674,0.48499909369227584
675,1990,0.44834686353327496
675,1993,0.42264991173911187
675,1995,0.550097907493707
675,2008,0.34208600991630395
675,2011,0.4110418229854133
675,2024,0.4423347292095043
675,2192,0.3547223460172118
676,686,0.7376870845421937
676,693,0.7774098853265727
676,989,0.36786783499131515
676,1586,0.24918906339652483
676,1599,0.3425088480353182
676,1668,0.3253536975934221
676,2032,0.329159069777308
676,2192,0.3286057055466844
677,1138,0.332162581861084
677,1161,0.5757711323219654
677,1232,0.391737546909293
677,1256,0.3769921111428571
677,1449,0.3338886601701525
677,1604,0.8735194124914916
677,1987,0.8204314039553492
677,2191,0.48191541652873593
677,2194,0.4092747886332215
678,720,0.33328641062883446
678,843,0.35962962038458246
678,875,0.38669186323766375
678,888,0.36754896619018557
678,916,0.763158285496469
678,1430,0.7210530822202998
678,2220,0.24340584567962878
678,2221,0.311748820757004
678,2238,0.40596215061022306
678,2348,0.6579061314425029
678,2349,0.32088900109986196
679,686,0.31003890339061096
679,1140,0.47283740647181405
679,1169,0.3316955985020331
679,1197,0.4067862177092037
679,1226,0.43185013818490664
679,1229,0.483396139805965
679,1238,0.5672739658228282
679,1260,0.47689383560410853
679,1333,0.44440455554320213
679,1599,0.5581869605386957
679,1919,0.37067633606743966
679,2005,0.3499818301312537
679,2006,0.5546929064488051
679,2289,0.25149795538956354
679,2809,0.2708806946256413
679,3011,0.5098277211112288
680,996,0.48139093887748063
680,1109,0.4010535897725072
680,1112,0.3864916582194604
680,1131,0.5681091451315984
680,1160,0.8382391196149973
680,1163,0.20434669417628396
680,1394,0.2520660782586238
680,1401,0.3136654965317422
680,1449,0.4958330678334289
680,1577,0.3630484362783529
680,1674,0.4313630753960755
680,1980,0.30016069363020725
680,2002,0.2379992490990413
680,2019,0.4392760148314447
680,2062,0.44473403500371794
680,2165,0.6253973965072277
680,2167,0.575333392817172
680,2186,0.423874772885678
680,2235,0.3415920553156563
680,2813,0.6059131797981108
680,3007,0.5248459468402102
683,1217,0.4003639328046047
683,1242,0.5117119640283937
683,1416,0.4106550831441616
683,1537,0.5618633006993805
683,1551,0.5063247682428377
683,1571,0.40125999864133344
683,1622,0.18078346342528817
683,1626,0.3239616260502582
683,1775,0.5855890281054607
683,1777,0.6534727035147232
683,1929,0.37930582962216064
683,2259,0.3278151511557605
685,1159,0.3215538912268905
685,1194,0.3580805509737205
685,1221,0.37184616550683086
685,1619,0.44852254073856196
685,1683,0.2825812578695809
685,1883,0.4208906657353652
685,2047,0.25080535095895956
685,2048,0.21377770847278052
685,2108,0.4036577228920592
685,2710,0.5954577068831507
685,2883,0.38337427385689155
685,2884,0.3627747092296233
686,693,0.39631425543191784
686,989,0.40467942926622663
686,1054,0.4751895619728984
686,1230,0.4235167654632044
686,1599,0.48950020615372597
686,2032,0.39770375194639795
686,2192,0.43192980970563655
686,2620,0.5262594169508049
686,2809,0.3899820677183844
687,1115,0.35556068151915654
687,1325,0.41242321499859746
687,1725,0.3485877640443454
687,1733,0.404445447505743
687,1751,0.4880230843238717
687,1854,0.35540345687458813
687,1869,0.2951215777022949
687,1889,0.38919604751180836
687,1898,0.4351445907908188
687,1903,0.3941918770463168
687,2052,0.4801760949987092
687,2178,0.38224905011803295
687,2181,0.673284679668377
687,2321,0.3129551108612446
689,708,0.3776416995842074
689,815,0.39361859347632394
689,826,0.34757961484048916
689,1040,0.343304527707328
689,1058,0.45707340429150795
689,1070,0.5020294975006875
689,1151,0.8966748798545195
689,1166,0.36626123283976175
689,1555,0.5049365110403048
689,1633,0.47546326735404193
689,1650,0.35772959536355003
689,1658,0.3789375322870423
689,1686,0.36346054093514446
689,1688,0.37966847561418415
689,1888,0.452288663886584
689,2173,0.32058066107692845
689,2230,0.34692344674079556
690,771,0.42412810643965476
690,882,0.48218109367943585
690,1278,0.5005334445396389
690,1296,0.5083961638005353
690,1339,0.40727093654196195
690,1356,0.4731902066184114
690,1565,0.35294710060610085
690,1624,0.33472889855349097
690,1661,0.547930430951364
690,2149,0.38487067725478613
691,994,0.4382340775547794
691,1593,0.22908256497116822
691,1859,0.3746635149710245
691,1873,0.15085239804384104
691,1984,0.7127407103101462
691,2031,0.27787476052613097
691,2114,0.45787617090086674
691,2118,0.23532309299433887
691,2126,0.43386211858247054
691,2128,0.2538395920706627
691,2129,0.21515828912581555
691,2131,0.5656160191024333
692,696,0.445284975165358
692,701,0.5845003415346358
692,1264,0.03192338822660788
692,1545,0.3868755213214147
692,1547,0.3641647440560151
692,1573,0.47298402480812407
692,1602,0.46507469683253044
692,1614,0.395786206503707
692,1637,0.7641144464593984
692,1640,0.3693617639344752
692,1657,0.7192126526508636
692,1662,0.5015754139494384
692,2195,0.44805815601905535
692,2197,0.8183891174080139
693,757,0.37225179510526096
693,1243,0.35760193775932697
693,1492,0.2402666435310562
693,1527,0.33442837568416073
693,2237,0.24439834028426394
694,743,0.4413633243009684
694,792,0.15633238215459352
694,903,0.336675485114798
694,1143,0.5232465134634043
694,1337,0.3113634136605577
694,1357,0.47417538079934013
694,1588,0.3447105573369728
694,1636,0.5240248043192323
694,1639,0.4952239350531083
694,1641,0.47585338705233005
694,1653,0.4681046689724853
694,2292,0.37317176762656495
694,2302,0.49531320093045583
695,705,0.4946194771851558
695,722,0.39393362198253834
695,1166,0.25888807626122223
695,1251,0.41228083476568333
695,1532,0.4025651144094537
695,1568,0.4232478965567142
695,1687,0.3775410206265394
695,1696,0.3935276673315445
695,1930,0.2407584073802762
695,2028,0.3563121413506603
695,2041,0.4685748545082908
695,2206,0.471048153918614
695,2305,0.44924293276782745
696,1148,0.5076709856473849
696,1251,0.36599545361209146
696,1616,0.3706944207913379
696,1630,0.37428266794247605
696,1637,0.43630464340614755
696,1662,0.47334801593362436
696,2195,0.8617361555341145
696,2197,0.3383931545484011
696,2198,0.5666751488052494
696,2204,0.35628119941431335
697,743,0.5831552097147769
697,755,0.35790146533118117
697,859,0.8590988688383671
697,1057,0.4525692250855924
697,1146,0.33929641302501545
697,1276,0.4333583216674882
697,1644,0.6370298342250864
697,1664,0.47710777222801737
697,2018,0.4755938601689851
698,711,0.4400691729176977
698,712,0.390983190666975
698,722,0.28135019880516277
698,1023,0.32664650863587397
698,1166,0.5230402086584423
698,1251,0.33573145791677134
698,1351,0.23252008304515148
698,1548,0.20462070720522832
698,1754,0.45342925225488107
698,2206,0.244546446742439
699,765,0.3401035765185869
699,1266,0.3717800356704533
699,1267,0.19452930601449195
699,1311,0.4330409339124766
699,1313,0.4976518967133612
699,1314,0.5387568709303935
699,1319,0.35380258428221395
699,1320,0.34822295396486613
699,1322,0.3631833634549325
699,1324,0.396956910191918
699,1327,0.5541822362615765
699,1330,0.4265484253536729
699,1582,0.3761509345314916
699,1613,0.35933283983821046
699,1724,0.498927986611153
699,1727,0.3771849179379338
699,2022,0.26764085429561
699,2162,0.35967774649199974
701,719,0.4175191008043564
701,1264,0.028621345429647314
701,1545,0.7158599397826969
701,1547,0.3833861359271538
701,1571,0.38983586387147984
701,1573,0.7191613220860487
701,1602,0.6957111126414496
701,1614,0.4245794546655307
701,1635,0.29624335840951566
701,1637,0.4222478805295705
701,1657,0.6664133007297273
701,1660,0.5160055898728818
701,1662,0.40478145802290993
701,2197,0.5795412792037185
701,2207,0.49800654738492733
702,1058,0.41701228318795003
702,1070,0.7566552976104858
702,1151,0.4580152375020131
702,1164,0.4386486362023142
702,1305,0.3833643147709601
702,1633,0.32111534797365826
702,1643,0.4053770472995961
702,1658,0.508362715410643
702,1670,0.3108334621463771
702,1991,0.5362479163860349
702,2002,0.4200366286518882
702,2230,0.6970468201502158
703,753,0.487852912133112
703,769,0.3014833505858852
703,1286,0.2635217203893041
703,1290,0.3570209966684497
703,1298,0.3724277463089308
703,1312,0.3667339094903665
703,1340,0.3859684369310817
703,1343,0.33438077914951386
703,1352,0.36544823879060423
703,1358,0.44729259739624166
703,1594,0.470862743169718
703,1644,0.2754643987387397
703,1655,0.39870327709521036
703,2154,0.5933193529019732
703,2332,0.38546435341203805
703,2342,0.3334212615727745
704,712,0.19561538039470672
704,714,0.5521502105803852
704,717,0.3864925426881881
704,742,0.4133473020036742
704,791,0.47108606553633714
704,801,0.7375001888770986
704,1062,0.3587281630016998
704,1337,0.22272645869234767
704,1357,0.47074123327622164
704,1647,0.37890137077876807
704,1651,0.5652164665689803
704,1661,0.38747171088924526
704,2201,0.3935921938961381
705,993,0.30650693101072746
705,1166,0.407737332213889
705,1568,0.3952106025937909
705,1687,0.34469185811865033
705,1696,0.49978957051646733
705,1901,0.4174345521693576
705,1915,0.30829250017467563
705,2028,0.5411940750357882
705,2041,0.3358400666984585
705,2204,0.5008921045236424
705,2206,0.7890841284400355
706,1014,0.31036708904125754
706,1205,0.33135656908882377
706,1420,0.45289331369388824
706,1423,0.4241979283134198
706,1580,0.6940111404617201
706,1582,0.29314405920247016
706,1732,0.3548880589358053
706,1773,0.31411071040394
706,1781,0.350030478237689
706,1892,0.3947711378111883
706,2058,0.5569014530321195
706,2618,0.370850611621534
708,920,0.27322259514653696
708,1020,0.7562491008729022
708,1040,0.4046155144276193
708,1316,0.49305258645276634
708,1555,0.48224870518473223
708,1568,0.24945035874563173
708,1888,0.5256822604733283
708,1942,0.3307937032988642
708,2174,0.40502898831341877
708,2179,0.3256190679757795
708,2187,0.42583792152638567
708,2327,0.3337831350997549
710,713,0.3368398847560758
710,764,0.4433617203737945
710,1067,0.49592414730559814
710,1144,0.5144191393220888
710,1312,0.7428581444745349
710,1544,0.5989670951257093
710,1594,0.4437990618511884
710,1655,0.35427319671994084
710,2157,0.6361034722922303
710,2205,0.5690163900843156
710,2618,0.4846428204259412
711,712,0.3437332347278532
711,714,0.263884433585057
711,722,0.3492274676626258
711,1155,0.5069352244434704
711,1166,0.42399544529458266
711,1638,0.34267367308381913
711,1650,0.5953456359786956
711,1651,0.49968873706963135
711,1688,0.3609034663414428
711,2199,0.3334951895094858
712,749,0.17117310415815218
712,801,0.22299245423158975
712,1647,0.6263116778280808
712,1651,0.6499918317655561
712,1654,0.21044081426214506
712,2195,0.21779707446839608
712,2201,0.3656304783208692
713,1286,0.2869331607078348
713,1336,0.4081768065928087
713,1349,0.6566093135733796
713,1722,0.2731274337120305
713,1892,0.36205424258675667
713,2049,0.37513284835976507
713,2058,0.30207588581684097
713,2156,0.31954766014903613
713,2157,0.2850276026296342
713,2160,0.5575600091954042
713,2271,0.3915717250716073
714,722,0.45182800315220284
714,742,0.3890900470269659
714,791,0.516690563472581
714,801,0.4854379532437937
714,1062,0.330618878203363
714,1143,0.3439229954790154
714,1155,0.27522910577377546
714,1167,0.7427781690582829
714,1636,0.5255192488723311
714,1638,0.32539028111549007
714,1641,0.43202254430789644
714,1651,0.3172320184032066
714,2199,0.8473765723329101
714,2202,0.4905022990522317
715,1144,0.6577100298879043
715,1204,0.31565282204996115
715,1662,0.3139564321314138
715,1680,0.3522498109862304
715,1784,0.39981062011336416
715,1891,0.37418054051669836
715,2050,0.2903232523916701
715,2061,0.3471901160965386
715,2198,0.6577390522224568
715,2204,0.34461289730052463
715,2207,0.4076523637040654
715,2213,0.4404512268608472
715,2618,0.27875543551465426
716,1117,0.1514771013028734
716,1508,0.1031057847831426
716,1673,0.1143622038901921
716,1704,0.09590129507568933
716,2232,0.10655792123000343
716,2236,0.06437064692715992
716,2245,0.1858464407410973
716,2344,0.27259530945822874
716,2879,0.15464431215547328
716,2882,0.10428979026489833
717,723,0.49915983877687026
717,1337,0.26745032326511875
717,1357,0.5369453899385597
717,1533,0.32624389573855783
717,1644,0.43007237912442886
717,1647,0.2588834149312705
717,1651,0.23810081019470145
717,1653,0.6212547852034325
717,1654,0.3208865821709821
717,1655,0.33245496807224023
717,1664,0.44571276705943425
717,1730,0.29492934984951
717,2201,0.2944901741518696
717,2317,0.6186523257125296
718,726,0.30286461315561203
718,844,0.3665682625593465
718,848,0.5340581457190933
718,853,0.2975149292842657
718,875,0.41745960124536746
718,878,0.23174213157389437
718,883,0.3658003035865365
718,884,0.4371945468870838
718,888,0.5243293275564416
718,917,0.4691016536766415
718,1970,0.7584931528786607
718,2244,0.8045321942612098
718,2250,0.34991741147792504
718,2349,0.25256425569003454
719,721,0.3354335289329261
719,1264,0.08434772358591669
719,1282,0.4117216795508299
719,1291,0.30099649718640714
719,1319,0.24344443082011102
719,1324,0.22098549069442933
719,1348,0.3370896253047679
719,1545,0.5835155633562045
719,1547,0.28992689721963405
719,1551,0.45914055013368976
719,1571,0.5244278396386445
719,1573,0.3482023087854929
719,1607,0.7263662904352053
719,1635,0.6990679267312759
719,1657,0.41673480703194904
719,1660,0.5232334559231707
720,726,0.8712827147595574
720,875,0.5445040257586768
720,888,0.3202937684207699
720,1152,0.4027864413576768
720,1430,0.3433342438121311
720,2244,0.3573538574373697
720,2345,0.5163244830589242
720,2348,0.48821814285632403
720,2349,0.7439623294885307
721,1033,0.4329991511612354
721,1044,0.540341564496753
721,1311,0.35032151996977245
721,1320,0.3321802550381324
721,1582,0.38975265432188927
721,1613,0.3999534945894154
721,1622,0.31230759233190597
721,1635,0.29323846137233867
721,1727,0.36689914567455295
721,2127,0.4691501139395542
721,2136,0.24475109974270237
721,2162,0.4138412560678912
721,2254,0.625416140833831
722,1062,0.5814668841302012
722,1155,0.3284039539938965
722,1167,0.7052301115633857
722,1687,0.3383396002206326
722,2199,0.37100230163255976
722,2202,0.3802875262369789
723,743,0.4204528715495698
723,993,0.5293290769260477
723,1530,0.3593944783773487
723,1535,0.4080612355119247
723,1588,0.3935957312384059
723,1687,0.3817249637214377
723,1730,0.41348851276870646
723,1901,0.4046942592114446
723,2028,0.38870324516570975
723,2317,0.678124622860968
725,1137,0.5412887939601491
725,1139,0.646193680262114
725,1170,0.36132888118057604
725,1172,0.3832583035626669
725,1174,0.36529149574005904
725,1249,0.5147917131057357
725,1256,0.3765723436584568
725,1609,0.34215208738307173
725,1659,0.7075674301700425
725,2191,0.5167182854073304
725,2203,0.3904748302911757
726,875,0.3864250926922167
726,1152,0.46659009921681927
726,1958,0.25628995198235255
726,2244,0.4195215810906328
726,2345,0.7562789911888782
726,2348,0.29189218631564506
726,2349,0.6506898873763789
727,1134,0.5908994477534032
727,1190,0.3999309366752221
727,1224,0.399080065146144
727,1597,0.6230892721246084
727,1632,0.5573646694783729
727,1971,0.39444260725531155
727,1979,0.34857573447180945
727,2190,0.3400611050528048
727,2275,0.3917764597308826
731,1181,0.4661431306418903
731,1197,0.25408450908917546
731,1227,0.46862161402228264
731,1229,0.6045823519725854
731,1234,0.6829317853233526
731,1235,0.4305353807979468
731,1252,0.3559121040576653
731,1334,0.37614696052247243
731,1974,0.28832213995422434
731,2885,0.2606739515432014
734,743,0.4815082947949999
734,898,0.3985009361348377
734,995,0.4171963104076446
734,1006,0.7033546617122098
734,1119,0.5230474402568561
734,1129,0.49006344706288435
734,1304,0.820361620290194
734,1321,0.3948525077667222
734,1989,0.5099663197954567
734,2018,0.40761220677623494
734,2055,0.5828557674382343
734,2304,0.6681897624799139
734,2314,0.34274415585953344
734,2326,0.3719107981333302
734,2332,0.34191640073628204
735,1011,0.3772578742933761
735,1153,0.4642291189092357
735,1257,0.38403616321490025
735,2191,0.7163273882377683
735,2194,0.35143862722964375
736,753,0.4296463831620025
736,771,0.5118442877967622
736,787,0.7780492503180692
736,808,0.3277654449041452
736,849,0.31266429990424793
736,851,0.33400362681806417
736,1276,0.44680833948107823
736,1290,0.511407861010524
736,1339,0.3683224718189948
736,1954,0.2326543096548707
736,2163,0.30161109125292135
736,2342,0.4002161698331219
737,746,0.36835165732165587
737,758,0.5247151095583185
737,770,0.37502266272746243
737,904,0.37831629044223
737,1065,0.34065892054215685
737,1242,0.608195997164073
737,1355,0.3795199773613563
737,1606,0.3139059623119243
737,1610,0.35146533014999815
737,1614,0.515033217303538
737,1646,0.5165234015869691
737,1656,0.45408264096414297
738,756,0.4550655014625845
738,802,0.3171813640541021
738,806,0.7528411563196188
738,881,0.5199489504959844
738,1048,0.43922446719728864
738,1625,0.24562629642835554
738,2149,0.3886223048185604
739,902,0.37998518647248214
739,908,0.4841564252367855
739,911,0.2994137147772679
739,1003,0.8170911695517022
739,1047,0.268083504263101
739,1066,0.36267795635736594
739,1146,0.36326796683904816
739,1157,0.3557675286450953
739,1168,0.5608565959999199
739,1189,0.45100889145771195
739,1285,0.3955193765360528
739,1293,0.34198660593010194
739,1766,0.29794172053343404
739,1770,0.5078153245996386
739,1782,0.4603754036011892
739,2036,0.4492207185207346
741,1180,0.24812519615516437
741,1181,0.6444148774762471
741,1187,0.5698991039334803
741,1197,0.30055505731816884
741,1227,0.5049074742343919
741,1259,0.44943431015721297
741,1974,0.5942331860180265
741,1981,0.5943750898230592
741,1990,0.3843266908914723
741,2005,0.24111452984785395
741,2008,0.3721379874062144
741,2335,0.45962767262517007
742,791,0.4421521891489171
742,801,0.6082035870387187
742,1565,0.43218825991319426
742,1639,0.30777404592308066
742,1661,0.698775965129627
742,2012,0.3716260738507639
743,859,0.3887154757713578
743,903,0.3465639980917193
743,993,0.3471401424947423
743,1119,0.33220988687506503
743,1129,0.36907740226501223
743,1588,0.6987784985827121
743,1644,0.3701842036928335
743,1664,0.4866975127818968
743,1730,0.21571731634363905
743,2018,0.3336178988693929
743,2304,0.7244816200250644
743,2314,0.4249603522676007
744,752,0.4151176005854102
744,1137,0.5756483831642811
744,1356,0.47123798806575823
744,1624,0.5697518991446497
744,1625,0.5810761794065664
744,2030,0.7151730307447597
744,2034,0.7861813378413901
744,2036,0.4674960814423121
744,2215,0.32307266420088837
744,2299,0.3654626421395934
745,901,0.28923405946825825
745,909,0.3799990348396897
745,915,0.48676776099929325
745,1244,0.30853146333693743
745,1285,0.603291378038223
745,1292,0.4037995548303467
745,1326,0.36363200311132615
745,1610,0.43102117614982066
745,1766,0.36858769280800774
745,2015,0.5362054947785349
745,2325,0.6327414688367695
746,747,0.547514563225003
746,758,0.8130407127423503
746,770,0.4160651882344332
746,773,0.26101643081300574
746,808,0.47347697042026143
746,904,0.3786237639238365
746,1053,0.34662333467138123
746,1268,0.626013664144856
746,1326,0.4880999581645798
746,1358,0.39157695571001033
746,1646,0.3884504392358173
746,2017,0.5217438248245253
746,2023,0.4147765204939426
746,2154,0.401632934136274
746,2163,0.39341126876010285
746,2342,0.29655825371250627
747,758,0.3120375222925157
747,808,0.2851274440609403
747,1052,0.4113862579329459
747,1056,0.33837740084348494
747,1244,0.44230283068641335
747,1300,0.3707152235065827
747,1341,0.38226834525987596
747,1610,0.4276556103994844
747,1656,0.727874826269567
747,1782,0.3610067446007491
747,2015,0.4072888448547986
747,2017,0.8202493041563134
747,2163,0.3617877271437736
748,763,0.48371431627242994
748,1136,0.5795457085448402
748,1231,0.3707014096791821
748,1236,0.6832932717168112
748,1238,0.48820992252296785
748,1260,0.43658791914882156
748,1974,0.31296354394034526
748,1986,0.36871781056493236
748,2006,0.36379469065237385
748,2620,0.3331126170844654
748,2621,0.5692919359982362
748,2809,0.4098011774010289
749,801,0.3696491429981306
749,1296,0.32144344512729994
749,1351,0.3451411286769885
749,1566,0.3625997852573788
749,1621,0.29497685892170733
749,1642,0.7348017439896328
749,1647,0.41212642606271166
749,1654,0.48483673446673464
749,2201,0.66621973403517
751,1056,0.35517739156949524
751,1244,0.30344477470129544
751,1284,0.6811990057441195
751,1338,0.3106701537821207
751,1341,0.5736843219461519
751,1356,0.34527084008363523
751,1533,0.5009813778557377
751,1782,0.3997048722824253
751,2036,0.3153157567163805
751,2276,0.4168441215180542
751,2300,0.5387883595918993
751,3012,0.6846812399293498
752,1055,0.4692417710001302
752,1061,0.31540717392352335
752,1149,0.37886332148316154
752,1300,0.5893256006316194
752,1621,0.4697734573909271
752,1624,0.37236521079000307
752,1625,0.5228321535035519
752,1646,0.44784359916004435
752,1656,0.3975642410619046
752,1782,0.4006540245543532
752,2017,0.40857580637344065
752,2030,0.41460140305640597
752,2212,0.579419857481343
753,1290,0.596181720928906
753,1298,0.42948351120848166
753,1335,0.30007805218056643
753,1343,0.3508560472657582
753,1352,0.6099261046572779
753,1654,0.4443578269802499
753,1655,0.373491386394588
753,2342,0.5104190239335062
754,756,0.3437277018437421
754,779,0.4964509222022552
754,783,0.38197245219933545
754,797,0.389781032465142
754,803,0.318716379828106
754,807,0.3746053836747983
754,881,0.4079349297863475
754,1138,0.4399954710967096
754,1174,0.4154986369997697
754,1302,0.43640088438401775
754,1972,0.4060555809134818
754,2343,0.298384088868184
755,769,0.5365582823702688
755,915,0.36275498063995054
755,1052,0.44258281976029845
755,1057,0.26589794434386244
755,1244,0.42152053476063933
755,1310,0.6212454175678684
755,1312,0.33372169321878187
755,1644,0.642432600106601
755,1655,0.31110798267892875
755,2039,0.7508198003286476
755,2042,0.459652871401171
755,2332,0.3273590279158097
756,1174,0.44144960016637413
756,1228,0.49027727435432145
756,1302,0.42230455004610956
756,2203,0.36490005445815143
757,986,0.51468935041281
757,1008,0.19513429391852072
757,1243,0.32093791285637496
757,1600,0.46203347305253245
757,1726,0.2920039663327067
757,1764,0.24464115925414215
757,2237,0.3779395611832554
758,770,0.6080420490767194
758,796,0.2710710210509142
758,1065,0.3935430724185193
758,1268,0.6167299761341473
758,1335,0.19996753362266226
758,1358,0.42064026638488117
758,1646,0.4753763680405938
758,2017,0.38003654439293816
758,2023,0.41392391946995105
758,2159,0.529810407784488
760,769,0.6516896618633977
760,1253,0.5173970317565166
760,1614,0.4021745594864688
760,1627,0.2998003855852776
760,1637,0.5949144743419706
760,1648,0.5908841725438052
760,1689,0.40133408144190047
760,1769,0.42883517337201194
760,1897,0.5559028943808279
760,2197,0.36957879391650733
760,2212,0.3881030796557089
761,1064,0.3529093447331999
761,1266,0.35734216083605513
761,1268,0.29961095475292754
761,1271,0.3474134151073386
761,1273,0.3863602297072304
761,1279,0.5793847441807685
761,1282,0.5687886485807656
761,1291,0.7072078779281984
761,1299,0.5245380101722843
761,1350,0.2502697026590353
761,1355,0.3922460158521235
761,2159,0.5579805032770352
761,2268,0.3850711770894788
763,794,0.344389062380136
763,1136,0.5695961215525893
763,1169,0.4429698410573472
763,1231,0.6768494581447979
763,1236,0.7054196748948816
763,1238,0.3510708627741156
763,1333,0.4333430118908759
763,2338,0.3374339999867405
763,2621,0.45038761932851507
764,1132,0.4955095913424009
764,1144,0.4417119286022784
764,1312,0.3828109590388728
764,1591,0.3154851025648662
764,2050,0.49605263387107806
764,2053,0.362040429977908
764,2066,0.6407789262796669
764,2157,0.48579455009681544
764,2205,0.5219973536130542
764,2618,0.5210299124064405
765,1064,0.49528485789063614
765,1266,0.38905010820945807
765,1269,0.31051786316476826
765,1282,0.4380752365431458
765,1291,0.3586962507860679
765,1319,0.3292663402931659
765,1320,0.6871820656723526
765,1324,0.3057758707403808
765,1582,0.42089254211267463
765,1660,0.2600370275413992
765,1724,0.6523244080464494
765,2022,0.1982385863453788
765,2156,0.37319124465533465
765,2260,0.2407747757338432
766,780,0.35261014104506966
766,1051,0.6898726342245384
766,1138,0.6221659640267895
766,1141,0.33296299634351256
766,1142,0.569943636823418
766,1175,0.7336993369889294
766,2024,0.4142922275902868
766,2192,0.4053173555340671
766,2194,0.6155556665131141
767,1191,0.8240302375860564
767,1232,0.6295780981424582
767,1235,0.3673629067489196
767,1252,0.4984923202464669
767,1978,0.48690119240359314
767,1985,0.4750236718306498
767,1995,0.324289468721958
767,2025,0.25832562698505607
767,2311,0.31674589945987025
769,915,0.38534858352576806
769,1244,0.42534919338460664
769,1253,0.5506770347822108
769,1310,0.4075270638629558
769,1358,0.27292537521186355
769,1544,0.49535852308765754
769,1627,0.31737418073338236
769,1648,0.5920473451249536
769,1655,0.28618508372886803
769,1656,0.37344889187666
769,1897,0.5110283032635262
769,2042,0.4328213141958621
769,2212,0.4055241125347716
770,796,0.5632993323065694
770,1065,0.4495153994514314
770,1289,0.3911479360650755
770,1646,0.4235969707065087
770,2017,0.31630888263891316
770,2023,0.5105573423504436
771,787,0.627251290285002
771,796,0.37368110786803144
771,802,0.3744111198375526
771,808,0.47014282000527363
771,880,0.30166503857507115
771,882,0.7175524523051516
771,1289,0.4214664319937372
771,2149,0.4970230145332139
773,774,0.6199947749559107
773,907,0.38420209370840447
773,1053,0.47425108523214166
773,1069,0.5029890007452477
773,1268,0.4862112898807972
773,1279,0.5474845615665367
773,1287,0.32442298278180165
773,1299,0.37621564735845103
773,1326,0.24663305274779418
773,2023,0.6855767790622345
774,907,0.4672744919614975
774,1053,0.31389617373109957
774,1069,0.79411120357973
774,1268,0.40520024703026153
774,1269,0.27815074251991123
774,1272,0.5549517645537649
774,1286,0.3860170731955749
774,1287,0.5526437381965998
774,1326,0.30795940181977777
774,2151,0.3760688654245054
774,2154,0.3911014087407919
774,2342,0.54966910177773
775,777,0.2464186875678439
775,782,0.30681415867800027
775,785,0.6492107368004432
775,842,0.8352677219973705
775,872,0.6844907664991252
775,1134,0.09862328648278287
775,1176,0.6447931343378112
775,1186,0.31420554990365973
775,1188,0.13151186141987292
775,1971,0.15970042908958532
776,777,0.39460470335287373
776,778,0.6599516893800933
776,781,0.32942335009464657
776,782,0.3641686203646921
776,784,0.4644615391472804
776,794,0.7564586833045689
776,871,0.40970440031739647
776,876,0.4183710035434982
776,1961,0.4422789134916931
776,2338,0.7426647431171851
777,778,0.5287563147618165
777,782,0.9297298461153838
777,785,0.7409640275244618
777,794,0.27904374485550115
777,842,0.3625194436455189
777,843,0.4404494283101329
777,860,0.6077375546466307
777,872,0.5744285260303804
777,1955,0.3199372784436821
777,1957,0.3447510059069702
777,2238,0.40818818319943534
777,2338,0.3438818769150377
778,782,0.5677541679712211
778,794,0.4387088263216553
778,843,0.5685795623579804
778,860,0.5918340439989151
778,875,0.3549177742591517
778,1430,0.6338958066274808
778,1957,0.38393971995511833
778,1961,0.5516648654003703
778,2238,0.35430484605896384
778,2338,0.7214206884978549
779,783,0.4519156067238402
779,790,0.2954771943549558
779,797,0.4117540716847514
779,803,0.5380850530096848
779,804,0.2983530045818249
779,805,0.3280334147144414
779,806,0.4809142385194974
779,870,0.2427644689928559
779,881,0.3750081662474531
779,885,0.3306954348178854
779,1661,0.36099379072391163
780,781,0.6684698253625321
780,783,0.39989699679188123
780,871,0.6136134328066489
780,876,0.3403187102701209
780,1175,0.3978516501236337
780,2024,0.37352941957181574
780,2194,0.2504528037568743
781,784,0.4172896399366271
781,846,0.36410298051046147
781,856,0.3688020449347344
781,871,0.6898466114662833
781,873,0.3768225009509181
781,876,0.5327944115316336
781,878,0.5392412725416162
781,889,0.31960694528148365
781,2024,0.34086396579889305
781,2339,0.33321624297084657
782,785,0.7655033724579817
782,842,0.45486749230295426
782,843,0.4453639350940793
782,860,0.5889483099356861
782,872,0.5624992296395638
782,1430,0.37596295948522757
782,2238,0.4592508381122886
783,784,0.504520701785429
783,799,0.5308579349890151
783,805,0.4240161802273834
783,807,0.5278775320113206
783,853,0.29880910034658403
783,874,0.38369175845506504
783,876,0.36866899652576085
784,789,0.5124272781489815
784,794,0.3947927559220457
784,805,0.5061491038605824
784,807,0.422001657413208
784,871,0.49257924870515624
784,876,0.7970675683710783
784,878,0.3356393181386294
784,889,0.31113280221666756
785,842,0.7059270432141825
785,843,0.29535325066394574
785,860,0.3304312996231821
785,872,0.915393943089872
785,2238,0.343408061666187
787,808,0.6537224088358391
787,882,0.3784440845510219
787,1276,0.5022713704589312
787,1290,0.6356128927082686
787,1339,0.3780518364453812
787,2149,0.3957660702384094
787,2163,0.5673621205575315
787,2342,0.34821043249212746
788,1136,0.21963814635833726
788,1231,0.27513376913251264
788,2237,0.40613914733809925
788,2279,0.1780093425321135
788,2620,0.21360546318495613
788,2621,0.4078605979047044
788,2880,0.40495244805653496
789,876,0.3789405711815687
789,1175,0.2634299046818262
790,800,0.4120229448649678
790,806,0.42913508244424575
790,870,0.4511066114814881
791,792,0.5454452318812497
791,801,0.46962717694585765
791,1155,0.2932840821528201
791,1636,0.5893267553201031
791,1638,0.4799470862923747
791,1641,0.5200425016995982
791,1651,0.4216430897070096
791,2199,0.57927201622258
791,2302,0.3603184979633516
792,851,0.28030744900843735
792,1143,0.14326871726242377
792,1636,0.23469917577666988
792,1638,0.27964397987631195
792,1639,0.12942628225825306
792,1641,0.26723854788179147
792,1649,0.21921922168679225
792,2199,0.19911150113383233
792,2302,0.2405576823057781
793,795,0.5762769421698045
793,798,0.5304775528315763
793,802,0.7446197757239995
793,804,0.4653933853653133
793,805,0.2673013477348177
793,877,0.3648273918723853
793,880,0.4816020651568844
793,881,0.2878653058342232
793,882,0.5017237491683998
793,885,0.2446555481328694
793,2149,0.5207310755004303
794,1231,0.24742916050577304
794,1955,0.22681921737180727
794,1961,0.4473444046239327
794,2338,0.7711284494345129
795,798,0.36638083551666556
795,802,0.34773766453910787
795,849,0.530602504080966
795,854,0.14202317168301315
795,857,0.39055950105570597
795,874,0.5674194229620204
795,877,0.679352128792113
795,880,0.5489033965787183
795,885,0.2807796784964804
795,1954,0.4640309175424679
795,1959,0.4271699643576593
795,1960,0.4633051620416324
795,1965,0.4274116625634015
796,1065,0.4992933533595853
796,1173,0.2887774295448656
796,1274,0.5642093279833613
796,1646,0.256725704373688
797,803,0.842966394320689
797,807,0.4316714049843047
797,846,0.5696058956001235
797,851,0.3004071257448158
797,856,0.37339042872889294
797,881,0.3929361102280772
797,885,0.666283727625436
797,886,0.35349211450736384
797,1438,0.23570444729860004
797,2249,0.3968983281070658
797,2341,0.6698833132334904
798,802,0.45814486022849155
798,805,0.6689949872966289
798,807,0.642171536023561
798,854,0.0983867365485709
798,881,0.5087226132349663
798,885,0.3386782980134036
798,1956,0.34136438772952094
798,1959,0.356706824217608
798,1962,0.41421265343958424
798,1968,0.6847254061931154
798,2343,0.4249734339491068
799,803,0.3355080305449332
799,807,0.3771634735941473
799,848,0.24562389541864285
799,853,0.6460463112564093
799,856,0.6130910989454784
799,857,0.2018260888719165
799,873,0.7362752869638389
799,874,0.46552259573575144
799,878,0.4175613155814772
799,885,0.36108583658557986
799,886,0.7246631423459013
799,1431,0.3553682182435579
799,1438,0.4455772378944989
799,1956,0.35483471239861225
800,805,0.40211367944218096
800,806,0.48383346478060746
800,870,0.4352411316927848
800,879,0.4801424135758617
800,1959,0.36303186130021825
800,1960,0.3777281949522531
800,1966,0.30442042812250353
800,1967,0.4856396795589214
801,1155,0.30723606919553004
801,1642,0.42241723159425826
801,1651,0.5916120680255307
801,1661,0.379171747228608
801,1663,0.3389136689921421
802,804,0.35482963896650865
802,806,0.42765099465077133
802,877,0.37911254428096314
802,880,0.5061867596633876
802,881,0.4353173865338561
802,882,0.5637467579816918
802,1954,0.20757175623168314
802,1965,0.24825804052375472
802,1966,0.1910083082052375
802,2149,0.668157790969493
802,2249,0.37768622046168643
803,846,0.47621680893952933
803,849,0.2766925261859685
803,851,0.4351535145219185
803,856,0.3902372274072345
803,870,0.2606688486485564
803,885,0.7284951383093536
803,886,0.43418396628874856
803,1661,0.3002775592601339
803,2249,0.3517859184688681
803,2341,0.4108847952659368
804,849,0.6088936904542908
804,874,0.36787944117144233
804,877,0.42972364179517236
804,880,0.4500337490656183
804,882,0.41540912797579704
804,1278,0.3266960081753824
804,1954,0.3720569108425383
804,1960,0.3215988556198881
805,806,0.34820938710469385
805,807,0.7840263237266349
805,876,0.35589727554995454
805,881,0.6928385784345586
805,885,0.36175893445461527
805,1962,0.3796405352041722
805,1963,0.34482887158234354
805,1968,0.4580812478211841
805,2343,0.38978638331891924
806,881,0.5541487525936787
807,846,0.3070524551292227
807,873,0.2952635648447171
807,881,0.579798548075768
807,885,0.4023566651054719
807,1956,0.39012868210718504
807,1962,0.37056816412661076
807,1963,0.2686267411724217
807,1968,0.33782320246391395
807,2341,0.4089992740898746
807,2343,0.48871257703445364
807,2872,0.3241346910406801
808,852,0.4327659147235702
808,1056,0.49649632831002544
808,1289,0.46898416388679004
808,1290,0.383884783265692
808,2015,0.341407952547657
808,2017,0.3718167992999623
808,2023,0.3234743022785492
808,2149,0.3303806390360437
808,2163,0.5861499022985726
809,1439,0.4743536406232902
809,1443,0.3338791567897425
809,1448,0.41857017658406664
809,1456,0.4302228369527613
809,1461,0.366955896981187
809,2409,0.5507508333119285
809,2416,0.5197640251312728
809,2445,0.6463797125699399
809,2446,0.2832064542358677
809,2493,0.4408693903064265
809,2504,0.34030237489928467
809,2587,0.3989630171332002
809,2814,0.3870957946050961
810,815,0.7504026652125102
810,821,0.6886730447783442
810,822,0.7641025279255219
810,823,0.662390107906485
810,825,0.6381258151114055
810,826,0.7368196873869831
810,832,0.28563459829684085
810,899,0.26165422442760505
810,1037,0.3631327408331264
810,2076,0.41104220247793366
810,2168,0.30540412948677076
810,2173,0.4646501230064845
811,818,0.39430855770905054
811,819,0.3350697874957176
811,830,0.4128759819588947
811,841,0.3273392172672094
811,2063,0.19651912690512036
811,2119,0.3761136937695711
811,2395,0.3699220557014093
811,2591,0.40452279001628844
811,2596,0.43766710236755424
811,2607,0.49710188886512024
811,2648,0.23153347368433078
811,2881,0.3364565026327903
812,813,0.23871935600930694
812,824,0.4458751010830941
812,1453,0.6807595200042074
812,2362,0.5645594692987818
812,2411,0.714743081684039
812,2416,0.5278751116011234
812,2437,0.5584997171633038
812,2587,0.6929786847545352
812,2592,0.3351930796357626
812,2602,0.48225130811342826
812,2604,0.7483104017726184
812,2606,0.6651211172773662
812,2876,0.9194537900402063
812,2881,0.28959581991112016
813,819,0.2170408222837073
813,1453,0.4681680685792589
813,2362,0.664786568530225
813,2411,0.6142129082536034
813,2591,0.3634482572606411
813,2597,0.5504343250728749
813,2648,0.19712226320458912
813,2876,0.2596506864684106
813,2881,0.589152174513184
814,823,0.327133731467872
814,832,0.45493022759419893
814,1021,0.4816583660578372
814,1666,0.6791394731217125
814,1683,0.3765101809805637
814,1760,0.4388058107597787
814,1846,0.5169872535020641
814,1920,0.5083898133223349
814,1934,0.4674218601795062
814,2048,0.4213952316841367
814,2074,0.46643600799108537
814,2168,0.36860530406224723
814,2884,0.40861625059569023
815,821,0.6044475199742291
815,822,0.6953661402334069
815,823,0.3533285883511765
815,825,0.45662700960707814
815,826,0.8058009607661782
815,899,0.31443755821180713
815,1015,0.31186950586153317
815,1151,0.4339507548102687
815,1528,0.29518567537467716
815,1679,0.32104853752463663
815,1899,0.49125625761320507
815,2168,0.3037525984260662
815,2173,0.7884068967898238
817,825,0.3576251557385902
817,1040,0.2546175438388416
817,1151,0.2844917559923433
817,1393,0.395116458701726
817,1549,0.41006007781275877
817,1774,0.5155919695206065
817,1888,0.24106587497385754
817,2122,0.7135798268773609
817,2601,0.4109035581572513
818,1039,0.2853031561249091
818,1400,0.2477413341505227
818,1405,0.40380110797415764
818,1477,0.4303770496888621
818,1483,0.3805848264823808
818,1936,0.6573016667284444
818,2395,0.48442967929259667
818,2591,0.47256211427838796
818,2596,0.4703432767504143
818,2601,0.28537746730382374
818,2607,0.44128441441278426
818,2647,0.2826762302378614
819,841,0.7923205143064059
819,928,0.4286798890304462
819,1397,0.33513719103305184
819,1468,0.275679972056656
819,1484,0.6370528026176409
819,1491,0.5621917669576129
819,1501,0.3799267047058988
819,2063,0.5432355846554748
819,2119,0.27058159328260134
819,2403,0.4066294243584648
819,2597,0.6072814449612506
819,2644,0.3893012217119604
819,2648,0.49478052223151153
819,2881,0.2974434532080322
819,3013,0.47811291461544814
820,927,0.40857125431193325
820,1198,0.5723362956426133
820,1400,0.46593204292940293
820,1410,0.28500366164667146
820,1480,0.514516906302053
820,1652,0.33342988959226144
820,1726,0.5951776304681078
820,1758,0.538834717472668
820,2033,0.28364938355701247
820,2063,0.32478723589945174
820,2101,0.5442624457174488
820,2652,0.26588607509065626
820,3009,0.8624361787893
821,822,0.5008118307369185
821,823,0.4041636219830009
821,825,0.5664893459894601
821,826,0.528867211849861
821,830,0.40373575119313027
821,1010,0.38029696549498165
821,1563,0.6625471512863531
821,2168,0.22224025027000882
821,2173,0.35525899615623235
822,823,0.5869148504697979
822,825,0.40683723188223675
822,826,0.8871716857267794
822,832,0.2796669546031153
822,1011,0.4109161878717604
822,1351,0.29697752943311906
822,1528,0.28771230848620977
822,1706,0.2948994278788251
822,2076,0.6729108143932012
822,2173,0.4019768151794878
823,825,0.25841512627570973
823,826,0.36466146771456165
823,832,0.536981811064638
823,1010,0.36080019760727094
823,1011,0.7078782622745989
823,1021,0.3563992812027893
823,1666,0.29042010351442676
823,1760,0.5841530055278814
823,2076,0.620642501826205
823,2168,0.4301939815766552
824,1467,0.2542426564990295
824,1493,0.4881485956789458
824,2370,0.2331281604498452
824,2371,0.5024931399262763
824,2412,0.48344429179738285
824,2416,0.5371445703961563
824,2437,0.4887811513020716
824,2592,0.720179795401048
824,2602,0.28384849550963165
824,2604,0.3987200402969818
824,2606,0.3766739704698577
824,2651,0.474211138891142
824,2876,0.49974160353391256
825,826,0.5406817673906984
825,840,0.33933096673613067
825,1037,0.24241678651544946
825,1040,0.31997920775618427
825,1888,0.25204670335382484
825,2122,0.42057828545213527
825,2173,0.24783990053498395
826,1040,0.3686375519570638
826,1528,0.2715645909573397
826,1555,0.3233044569057896
826,2076,0.3862518084701911
826,2173,0.4612441105337689
827,828,0.5470528545456859
827,829,0.3428576084816736
827,831,0.505378507058721
827,835,0.6789292326931313
827,836,0.747832748242779
827,839,0.38575441270737004
827,926,0.3562434599898108
827,1013,0.3323896187506962
827,1025,0.4234007982181491
827,1029,0.2313644022087419
827,1036,0.5164285322416646
827,1744,0.2957493750035814
827,1756,0.32599794685417965
827,1937,0.5074284717873655
827,1942,0.41391278699577766
827,2172,0.5849412991429589
828,829,0.6338587227657813
828,835,0.34845248435953263
828,836,0.39886814848027363
828,926,0.7096773907693736
828,929,0.308693786603355
828,1013,0.5446809045293093
828,1018,0.37069233382044814
828,1023,0.38331364645619986
828,1029,0.559325984064569
828,1032,0.4226754966617451
828,1036,0.32902481234371045
828,1421,0.2967908183221042
828,1754,0.4413108694476068
828,1915,0.2640867896023064
828,1937,0.41846944946218917
828,1942,0.4022857301106279
828,2196,0.6349079110347963
829,835,0.33375101442630245
829,836,0.2679913404951365
829,839,0.47758369403990314
829,926,0.39144480775443197
829,1018,0.4386403180934733
829,1023,0.546603132722226
829,1029,0.34557628819578623
829,1032,0.4208952700667182
829,1421,0.23815137165053604
829,1698,0.40096585427555276
829,1744,0.32175752801439694
829,1754,0.38342993628489436
829,1756,0.3671176329581644
829,1887,0.40121342704461066
830,1010,0.4259462129391062
830,1315,0.23626944202733471
830,1477,0.38539272447482126
830,1495,0.2218086852417119
830,1563,0.36984925621451303
830,1740,0.22966744521279836
830,2596,0.3448337788097162
830,2607,0.40622685717237644
831,835,0.3305494357546965
831,836,0.3877523708533295
831,838,0.23440502984500763
831,839,0.5204346376166635
831,1020,0.33904593450088527
831,1025,0.5160772047101826
831,1036,0.3237752898340851
831,1213,0.3750318533239651
831,1555,0.39500485252700335
831,1710,0.567976225494067
831,1888,0.4191579743045929
831,1937,0.6578291818840469
831,1942,0.6741163130755283
831,2172,0.3746897338789651
831,2179,0.5256628583533544
832,899,0.34904755635763396
832,920,0.4365050582897864
832,1011,0.30565222900686934
832,1018,0.3666584560147295
832,1021,0.6126199557092672
832,1031,0.4522727898414568
832,1532,0.3809906276672736
832,1666,0.5940514973399591
832,1706,0.4513178371457929
832,1846,0.5517230329305397
832,1893,0.43805799397653844
832,2075,0.4887872667434399
832,2076,0.43951921241755854
833,1026,0.3804996743265429
833,1035,0.5150934794059012
833,1116,0.7009752922016553
833,1557,0.6197380794606027
833,1568,0.340618952209921
833,1578,0.4669440428833513
833,1694,0.33670077743349774
833,1698,0.3453176942463651
833,1706,0.2950279278621562
833,1780,0.5193954297636862
833,1904,0.547229729444557
833,1930,0.39618184153529296
833,1939,0.5004303432293443
833,1948,0.4974414727948862
833,2075,0.2568330639783096
833,2264,0.4505397375614133
833,2274,0.4411725651575175
834,2596,0.1430704431535237
834,2601,0.2894636217868472
834,2607,0.17025983936694652
835,836,0.7995634401070965
835,838,0.30070294665345204
835,839,0.3355379241503277
835,840,0.3679481343503772
835,1013,0.36427921707821487
835,1025,0.21183053161942295
835,1036,0.5684281838487961
835,1742,0.2946500410763632
835,1744,0.48706288774679357
835,1937,0.4866143650142459
835,2172,0.3660968791787221
836,838,0.4306652376721275
836,839,0.2413329040655146
836,840,0.39314157780736514
836,1013,0.4235118341212679
836,1029,0.37428432758745905
836,1036,0.34368105563140283
836,1717,0.2734967754930329
836,1744,0.38942057481703785
836,1937,0.4858867408550404
836,1942,0.22402758085528238
836,2172,0.5899981691178291
838,840,0.674116177700793
838,1040,0.27180652089580776
838,1555,0.19552500817278184
838,1774,0.5585838555407012
838,1888,0.24519074907379204
838,1937,0.3386892843999376
838,2122,0.5290135130433304
839,1025,0.360663748932005
839,1568,0.3110708746565399
839,1698,0.6347107456659259
839,1705,0.5938670234206055
839,1744,0.3389109227041249
839,1756,0.44996639913975667
839,1937,0.3774844784034705
839,1942,0.36529623196331834
839,2179,0.5604735366257442
840,1029,0.43629830589112073
840,1040,0.4028737911272918
840,1774,0.4256331665638824
840,1937,0.3788227769154375
841,928,0.32507145991432335
841,1396,0.4343273148721697
841,1440,0.2510141520724046
841,1480,0.39350320611953565
841,1484,0.5787525591560627
841,1491,0.8696334539549597
841,1501,0.39671250330561253
841,2063,0.8247569322601648
841,2395,0.30032582258483986
841,2595,0.3357855139273678
841,2596,0.15175753823257274
841,2597,0.4382206830162857
841,2644,0.29606453952177747
841,2648,0.5356526183074548
841,2881,0.1805482562817823
841,3013,0.31969148137663567
842,872,0.7054598178776044
842,1176,0.5097894942604949
842,1188,0.1240947250192843
842,1430,0.33132075365708036
842,1971,0.1626099578627428
842,2221,0.26647084725466863
843,860,0.8048331682445701
843,872,0.2831451690362645
843,890,0.18006253677706657
843,1430,0.6877071918436926
843,1957,0.3278153534927144
843,2221,0.45156800217318627
843,2238,0.5483674643256707
843,2338,0.36727295398001164
844,847,0.3091185400426584
844,856,0.3170386097069299
844,884,0.6001703855821637
844,888,0.3186595716429922
844,917,0.5646111025055356
844,1438,0.338267157976599
844,1970,0.4105690792284161
844,2146,0.4474766625132842
844,2244,0.2673018916883933
844,2880,0.33875578612965385
846,847,0.4627835773142446
846,856,0.4812645893315266
846,885,0.37387096609309195
846,1438,0.3477094733032297
846,1956,0.44847777591261107
846,2339,0.3602976996723046
846,2341,0.7799414189485119
846,2872,0.359135410147815
847,856,0.5419901707046209
847,1187,0.5716561931194966
847,2011,0.3417273767535025
847,2146,0.36787944117144233
847,2339,0.3498447717504685
847,2341,0.4561237728438433
847,2872,0.48461483791092147
847,2880,0.3780008565446752
848,853,0.6707553465104049
848,857,0.5709830336618342
848,873,0.5430731121202241
848,878,0.4170754574381479
848,889,0.33251717504648465
848,1956,0.4465867088877015
848,1962,0.32879502949594364
848,1969,0.32682120367865536
848,2244,0.5405476154274022
848,2250,0.372935244498053
849,851,0.6887966991577532
849,857,0.22480464904640732
849,874,0.44496561739115437
849,877,0.726770448646867
849,880,0.5073156448524638
849,885,0.4463825379975687
849,1954,0.47549738642687905
849,1960,0.5147090161418574
851,877,0.35025438044901375
851,885,0.4850981516536764
851,1143,0.2925423263494121
851,1276,0.5013815412821383
851,1339,0.41946462259635137
851,1431,0.33014778666954103
851,1438,0.32557569331727837
852,909,0.5838965957226181
852,1056,0.6002098601975177
852,1261,0.34421112572763035
852,1265,0.5910377126829147
852,1284,0.4256415346792252
852,1285,0.29283650735118644
852,1294,0.4252885365795075
852,2015,0.3933481465480313
852,2163,0.2823173725948025
853,856,0.3788267505775259
853,857,0.35122639573873105
853,873,0.8442084120251815
853,874,0.42810872025713104
853,878,0.7143192287619073
853,884,0.35965041878719084
853,886,0.36950281471338847
853,889,0.43152581692976527
853,1438,0.35485140967632883
853,1956,0.42705285664331155
853,1962,0.3110043486766774
853,2244,0.3859522303143947
854,855,0.4299390766564837
854,1965,0.22671376436957513
854,1966,0.33528803847453575
854,1968,0.11747682097156682
855,1959,0.251392893250219
855,1962,0.1994122010959096
855,1963,0.290934381067151
855,1965,0.31627857205009696
855,1966,0.39377408484302756
855,1967,0.3641312811144924
855,1969,0.5185385966014027
856,873,0.6208468835156702
856,886,0.8746395759444658
856,1161,0.25350122935514585
856,1431,0.44813523089914603
856,1438,0.6573747757971126
856,1956,0.3972596943183935
856,2341,0.3991639312196377
856,2872,0.3648216650018446
857,873,0.27647819511216093
857,874,0.3382515739554095
857,877,0.20098116216359546
857,1431,0.36259986225886676
857,1438,0.3593288234943178
857,1956,0.2353807803355372
857,1959,0.1850501971245443
859,1057,0.6822885082841088
859,1276,0.4955796119488455
859,1290,0.3747258274794264
859,1644,0.4902424638867387
859,1664,0.37782680245640393
859,2018,0.6545804326268944
860,872,0.27870054192310423
860,1233,0.2448899609854005
860,1430,0.4224338256745929
860,1955,0.209971779822847
860,2238,0.604868328982301
860,2338,0.4346231927917328
870,871,0.4490790761958531
870,876,0.3554014806112856
870,879,0.4663307936026513
870,1967,0.43620851096053787
871,876,0.7379891878590146
871,889,0.44486695709382496
872,1176,0.3394993854777948
872,2238,0.2999051262219688
873,874,0.36961864732590205
873,878,0.6994574715642359
873,886,0.5192670460045361
873,889,0.3690973551960353
873,1431,0.3192074138656715
873,1438,0.5248810883817137
873,1956,0.6589236456431979
873,1962,0.39582990996683176
873,2244,0.18350275768958096
874,877,0.5281595933116069
874,885,0.37230519809505347
874,889,0.42033746816392736
874,1959,0.4249529437564569
874,1960,0.4125991214483601
875,888,0.6633518270265548
875,917,0.41091365050368994
875,1152,0.4728962745547359
875,1430,0.4124879889495329
875,1957,0.387724296440299
875,2244,0.3821746022909724
875,2345,0.29624209514820077
875,2348,0.4613530979397091
875,2349,0.4059460038435104
876,889,0.548830478215953
876,1962,0.3857431521309906
876,1963,0.30825348568691213
876,1969,0.3634024510364368
877,879,0.2855291312231286
877,880,0.6334144378670046
877,885,0.5147752106950447
877,1954,0.5266344492732379
877,1959,0.6843838408026842
877,1960,0.8822204636219132
877,1965,0.4870009835858852
877,1967,0.3399715461692961
877,2249,0.5019592504672092
878,884,0.25798571360094325
878,889,0.43509141262725587
878,917,0.42388048340233225
878,1956,0.46303393215089145
878,1962,0.42320735789041714
878,2244,0.21428621218309923
878,2250,0.3282441532421655
879,885,0.2665516877571958
879,1959,0.49554916287881623
879,1960,0.48026365578927593
879,1967,0.7233443962069729
879,2249,0.4327945529572831
880,882,0.3721724393973714
880,1954,0.7196659266163036
880,1960,0.5350651248904936
880,1965,0.48225058999402387
880,1966,0.20322997660891562
881,1302,0.36746847761150664
881,1968,0.2899269903361092
881,2343,0.6097667552940214
882,1278,0.5115559953335845
882,1289,0.47530396020221793
882,2149,0.6898272417273484
882,2163,0.3349687850896646
883,917,0.3269747901795515
883,1184,0.33164491490794135
883,1430,0.3369296196038001
883,1961,0.32379106860101836
883,1970,0.688637544655912
883,2250,0.4671594721179375
884,888,0.5298649557058963
884,917,0.43245111114210255
884,1970,0.40715946498689143
884,2146,0.21046906828607578
884,2244,0.5268286302550018
884,2348,0.35951276310121993
885,1431,0.2345641005926211
885,1438,0.2985961409782428
885,1956,0.29900428000211654
885,1959,0.4534116829515637
885,1960,0.45580266075011217
885,2249,0.6116320024564234
885,2341,0.39006722910311054
886,1161,0.28559836497665597
886,1431,0.44288098622462285
886,1438,0.5657759607500192
886,1649,0.37625918409398973
886,1682,0.2674156277941449
886,2292,0.2324716865102283
888,916,0.3436659405534683
888,917,0.6304286672888381
888,1970,0.40523365328517963
888,2244,0.5296019171819293
888,2348,0.629375965836577
888,2349,0.4316118234848661
889,1152,0.2921053543564311
889,1956,0.35492510932469473
889,1962,0.4999580119856232
889,1963,0.3684874918779452
889,1969,0.6311829977786186
890,896,0.5359038438319528
890,1135,0.3850880315473965
890,1233,0.36787944117144233
890,1506,0.3905892749819549
890,2000,0.5734317378363957
890,2004,0.6817949311672106
890,2193,0.6415417117070251
890,2219,0.2415928708257946
890,2220,0.31307345926865926
890,2243,0.30513143258356085
890,2281,0.3274167067197315
890,2318,0.3758869581180399
891,1110,0.526811173878811
891,1179,0.5335119499888021
891,1510,0.38605654028809017
891,1512,0.7594183468448346
891,1519,0.7335957165897546
891,1672,0.346678034828569
891,1676,0.29728805290756316
891,1981,0.32132747842842974
891,1990,0.31780520796778733
891,2225,0.5724310200219048
891,2233,0.5002121524840645
891,2248,0.3227840550435618
892,1165,0.3703691113783275
892,1184,0.1880809197177823
892,1399,0.25369055843951765
892,1672,0.2418730199702978
892,1986,0.42591788393306707
892,1990,0.325706768286298
892,1993,0.4121790556625227
892,2005,0.5513963211492967
892,2006,0.49893675722102415
892,2010,0.538083121412346
892,2032,0.3680844839717555
892,2040,0.23228864422989123
892,2222,0.2862020841083582
892,2227,0.44407129055244055
892,2288,0.5003202491813381
892,2320,0.42338089383771976
892,3011,0.3198504750297643
895,1066,0.3119585992604813
895,1146,0.30531730376537186
895,1431,0.2618491247048534
895,1976,0.2634111624155839
895,1992,0.3125356308045517
895,1996,0.24399650960187408
895,1997,0.45320907144647765
895,2001,0.5452805560858996
895,2148,0.2632513348526271
895,2278,0.42175271403193276
896,1049,0.07641254591024052
896,1135,0.21324528204300722
896,1506,0.38315723755195913
896,1507,0.34509378558734644
896,1764,0.16764431960479106
896,2004,0.3793808348283099
896,2193,0.41537877946834234
896,2217,0.396007375250055
896,2243,0.43564102379135744
896,2318,0.19967809473452058
897,1194,0.7524025325409278
897,1221,0.6963222904954992
897,1619,0.6228988244498294
897,1623,0.646346380369784
897,1778,0.27097376749223806
897,1922,0.2822291497543211
897,1983,0.4663529253303667
897,2045,0.3292112896541327
897,2333,0.35751431516077664
897,2336,0.5925382417768049
897,2710,0.39904975475984283
897,2883,0.4665583290211897
898,1002,0.3861701697627655
898,1006,0.38150974386245506
898,1060,0.12075803729970745
898,1277,0.24824086383398758
898,1292,0.3898038788892336
898,1295,0.3225875712629577
898,1347,0.2752978528184453
898,1574,0.451798615340507
898,2018,0.38925470476335466
898,2035,0.39188045018997797
898,2042,0.271964282425922
898,2055,0.6847475744751284
898,2315,0.3102716496275122
898,2326,0.6466615803843323
898,2332,0.5406293798453545
899,920,0.7787034591647445
899,1005,0.3621487031984658
899,1015,0.44068691973213225
899,1021,0.6099642293010281
899,1031,0.2686006152452278
899,1037,0.37700670549400433
899,1404,0.39569294679249184
899,1708,0.3613267213488365
899,1846,0.4719248492745205
899,1893,0.4034302473087194
899,2168,0.3603092866735681
899,2173,0.4431778618821909
899,2177,0.41865837863538147
899,2231,0.31120350539174696
899,2274,0.44444738744344686
900,904,0.4803538635826517
900,1053,0.3450149395624154
900,1242,0.24478752110773205
900,1268,0.2789137538707938
900,1279,0.5662655461717836
900,1281,0.4182935505448036
900,1301,0.4222514894623815
900,1775,0.41003410446217475
900,1781,0.3222675223554255
900,2152,0.3126836346783258
901,911,0.3819831073947797
901,913,0.45334357132399394
901,915,0.2265719329891693
901,1068,0.4584037190670725
901,1285,0.3309240355615397
901,1610,0.4981094233954171
901,1634,0.39389818232272966
901,1766,0.8200135929312213
902,908,0.5446782608667026
902,911,0.4319923549986967
902,1047,0.741246307557036
902,1168,0.3122400601182667
902,1189,0.308696765818932
902,1285,0.34102347344251477
902,2215,0.39007974548161917
903,1143,0.3284596202839238
903,1146,0.379677511951391
903,1164,0.3527242428926118
903,1588,0.549317165603615
903,1988,0.306337902865278
903,2304,0.34299842501923733
903,2314,0.3332238919064219
904,915,0.38390187067927317
904,1053,0.5774148072214956
904,1242,0.40580558918488757
904,1268,0.5948208424158127
904,1279,0.3392547658277337
904,1281,0.32808794184957285
904,1287,0.3990897970108009
904,1301,0.29783354764015274
904,1326,0.4821750644321584
904,1340,0.38196352523221344
904,1355,0.4944133554106219
904,1610,0.5042141772695317
904,2023,0.3235767401252862
904,2154,0.5024016967696201
905,1063,0.4561909293526308
905,1157,0.3717390194187394
905,1158,0.5539801261893426
905,1168,0.3480641325391265
905,1193,0.36787944117144233
905,1988,0.43556105893850233
905,2036,0.3923005182098408
905,2041,0.3776996068204754
905,2155,0.5798689012761695
905,2215,0.4056182654819384
905,2299,0.4252263360640895
907,1069,0.38389050921084816
907,1268,0.2528449099618864
907,1272,0.6541977560917367
907,1287,0.37580569578471834
907,1299,0.4765202386228509
907,1326,0.27226272624523457
907,1340,0.26572176177365714
907,1355,0.24682102294653507
908,909,0.3293690896790638
908,911,0.7996616577922455
908,1003,0.3240144213441382
908,1047,0.34600169409564185
908,1066,0.5893343160883346
908,1072,0.6254875513770005
908,1146,0.37387660562005076
908,1193,0.46011804484073543
908,1237,0.3001302605151504
908,1285,0.4342077802539713
909,1056,0.4359751935140762
909,1265,0.4617059390524703
909,1284,0.3473228989914978
909,1285,0.466362134171303
909,1293,0.3428974387729889
909,1294,0.3727966414901668
909,2015,0.4470639791062847
911,1047,0.3608830776560994
911,1066,0.3474721086965566
911,1072,0.5123595060812137
911,1193,0.5612664263741834
911,1237,0.4565659238917934
911,1265,0.5969851623227956
911,1285,0.4146944088754228
911,1293,0.3130151012264814
911,2340,0.44937102922745287
912,1398,0.3810123196286008
912,1490,0.1940376018049694
912,1508,0.3809317677777877
912,1509,0.2805519653418861
912,1521,0.31553025983643446
912,1905,0.3786492623755548
912,2040,0.5901234388037564
912,2222,0.39528272420785915
912,2224,0.8300746841528521
912,2227,0.32464169741819066
912,2228,0.5198774360166218
912,2236,0.5627265755316783
912,2337,0.285940479453249
913,1068,0.6753782460267147
913,1207,0.3674529457535005
913,1612,0.3682834875988671
913,1618,0.4396323887203252
913,1629,0.23890954070735995
913,1703,0.3151686141221568
913,1766,0.4115469859182221
913,1788,0.6596115102393277
913,1983,0.6065163338027523
913,2021,0.6861997634463809
913,2027,0.36801388423218245
914,994,0.4873982828319489
914,1122,0.36012563833880457
914,1281,0.40512354077134466
914,1288,0.6063530950599646
914,1301,0.37680132684156653
914,1329,0.2577129399988424
914,1330,0.31421712181782985
914,1585,0.7214606471505459
914,1781,0.334014891174899
914,1850,0.4734701022061486
914,2022,0.3354008008682634
914,2037,0.3973018468756045
914,2160,0.3415062373654735
914,2329,0.3411401189196742
915,1244,0.593252951079449
915,1292,0.48916148754854616
915,1310,0.3687965334519771
915,1610,0.6488120826285889
915,1627,0.5383769185071203
915,1656,0.47877866124629026
915,1766,0.3488440212105654
915,1897,0.3954569088153947
915,2042,0.6087172052715263
915,2325,0.42202496397769607
916,1430,0.4426427830252926
916,2219,0.4575345649990403
916,2220,0.3125912459775949
916,2221,0.2833093579142975
916,2245,0.41193623053633466
916,2348,0.5444887046946708
916,2349,0.19661632654884234
917,1961,0.38587587422867375
917,1970,0.5411825124018748
917,2244,0.29710782338998326
917,2339,0.3607390002495576
917,2880,0.4475699709211379
918,1007,0.546787178601766
918,1464,0.35727073715707547
918,1472,0.5365830123319228
918,1481,0.2969349358533802
918,1488,0.7686888593284189
918,1501,0.35914041869615254
918,1560,0.3326030549233058
918,1620,0.46275621147955126
918,1783,0.38628334634458605
918,1952,0.3492132779139974
918,2312,0.6422791347548547
918,2392,0.32398844101171576
918,2478,0.3442982468461192
918,2644,0.4817689342546321
918,2646,0.4362668769665435
918,2649,0.45734837981987336
918,2808,0.4029408649211515
920,1019,0.5479934180782415
920,1021,0.5072011745382163
920,1031,0.3314971195487471
920,1037,0.3353829727831259
920,1206,0.32050305277204866
920,1532,0.39141522251357097
920,1568,0.4212857418430816
920,1578,0.4434201857115063
920,1708,0.3973772640152995
920,1846,0.5447941399258346
920,1893,0.5116878956250852
920,2274,0.6919093515660585
922,929,0.30735962174347936
922,1014,0.30480906207556
922,1016,0.43159583311417393
922,1030,0.4126452063607987
922,1210,0.18078779247954355
922,1415,0.29316429873675154
922,1419,0.2943751357641707
922,1426,0.7711523131093664
922,1428,0.38856721539566286
922,1714,0.5734915594488904
922,1787,0.3917624601985192
922,1872,0.30821149895274713
922,2068,0.6813653410918269
922,2082,0.3586651626359039
922,2089,0.538169635870743
922,2110,0.4869448299074269
922,2133,0.3697570654937948
922,2137,0.4071879029482048
923,1034,0.2514637689030088
923,1113,0.5787904371964863
923,1118,0.19633102577333889
923,1120,0.3553952347645479
923,1133,0.3805279480623536
923,1717,0.3341299758451288
923,1757,0.2271018337521551
923,1869,0.5734385473742837
923,1873,0.3475624737323814
923,1886,0.38583440215492537
923,1889,0.6304299841500425
923,1894,0.57188449825757
923,1898,0.42747030102459993
923,1984,0.32444966956578586
923,2134,0.4294955327614754
923,2176,0.4458145672313835
924,925,0.3828627062578778
924,926,0.5038903274597347
924,1025,0.4112875061916592
924,1204,0.36312354955926596
924,1213,0.5668846558070622
924,1419,0.34264505146790847
924,1425,0.8050199037217348
924,1915,0.47982958006812987
924,1942,0.5536563534169036
924,2050,0.40143107486348534
924,2061,0.38817589053842083
924,2117,0.2839779114942145
924,2150,0.28266719777623367
924,2184,0.41986470668714404
924,2187,0.331671691128481
925,1203,0.32591909417107684
925,1218,0.5062989822103003
925,1425,0.4036613099179177
925,1429,0.48328557155083796
925,1581,0.3900244175631417
925,1587,0.8450621841703959
925,1591,0.6836143723824208
925,2043,0.33636156968114095
925,2050,0.8376439745086788
925,2053,0.7669749884704002
925,2059,0.37179611919834415
925,2061,0.38804600915672904
925,2064,0.3190048777061443
925,2066,0.3719865476547837
925,2142,0.3210281489253504
925,2184,0.43050292252355415
925,2264,0.42134074744346556
926,929,0.2892543271151436
926,1013,0.2412493353855114
926,1018,0.26681818989634426
926,1029,0.21488967996094943
926,1032,0.7314726466617576
926,1038,0.35764055799105055
926,1041,0.3764710945612248
926,1204,0.4153794745053633
926,1421,0.4914322659791475
926,1678,0.3603034915898009
926,1756,0.41801552344480863
926,1915,0.6175651183295507
926,1942,0.529459131421348
926,2061,0.40098745408119746
926,2184,0.3552891815547081
926,2196,0.42582968904378987
927,928,0.6203889303522131
927,1198,0.24150932721776686
927,1410,0.21758449019826437
927,1492,0.45479172295095016
927,1600,0.22904810188646132
927,1726,0.6591252807213356
927,1758,0.4357381802950128
927,2063,0.33621292499085426
927,2644,0.27421933925672926
928,1402,0.3151612531716836
928,1484,0.5176278020193538
928,1491,0.27031640115013134
928,2063,0.38651348115446627
928,2119,0.39427197222241567
928,2644,0.24048430870503104
928,2648,0.2533280762658689
928,3013,0.31119509963107816
929,1013,0.4861736665016842
929,1030,0.3432432806933865
929,1036,0.3681540682944384
929,1038,0.4023425796472158
929,1714,0.357202825556341
929,1787,0.3915828458311763
929,2089,0.4965784601606242
929,2117,0.34799356255436176
929,2142,0.3059547790522294
929,2196,0.3654076191677081
930,1590,0.3765201495319415
930,1717,0.5174983387486478
930,1854,0.3187153220805854
930,1857,0.4005585025165937
930,1860,0.26710448359707323
930,1894,0.20900720885854718
930,2110,0.24159745350928602
930,2132,0.31551478148054474
930,2137,0.31509243253067304
930,2172,0.2987571568025809
930,2181,0.2700385381520274
986,1008,0.3814272654520011
986,1198,0.4411097194407919
986,1243,0.3974597285799436
986,1707,0.6440431086873601
986,1726,0.3286501424557802
986,1758,0.33800306577259986
986,1952,0.3092082994495494
986,2033,0.25335145937907516
986,2101,0.36204071045290115
987,998,0.4845704022877162
987,1112,0.37112431328282586
987,1241,0.3224796031378816
987,1262,0.5487072868335183
987,1577,0.40090784396665374
987,1592,0.5934716221333634
987,1608,0.45825280214748665
987,1709,0.3941135351380829
987,1778,0.4311654520627158
987,1978,0.3776042307971322
987,1985,0.38026510945343656
987,2045,0.3612090185292695
987,2060,0.34998480044474367
987,2311,0.6127152698526296
988,1008,0.48642257632957697
988,1107,0.8513488104300786
988,1398,0.18795567963389467
988,1496,0.36386256407278295
988,1527,0.3953099549224113
988,1560,0.34445922161761433
988,1575,0.4757225123200739
988,1586,0.33443180548468465
988,1668,0.2832343987128239
988,1764,0.6042871195195729
988,1877,0.2924595973727306
988,1952,0.4023610475213007
988,2004,0.4192988714797058
988,2033,0.3941130626717397
988,2044,0.5317952792271102
988,2164,0.49010172445977906
988,2228,0.25492438218580726
988,2251,0.35694318900948097
988,2282,0.5974694294121142
988,2318,0.565183988774401
988,2808,0.3991926729025462
989,1009,0.35174279872800485
989,1525,0.45642457484240956
989,1599,0.7925836127011078
989,1765,0.37877744014806813
989,1919,0.3202161159301967
989,2252,0.4156653805256525
989,2286,0.36678811680476525
989,3005,0.4735288456426202
989,3009,0.3283408357002797
991,1001,0.5388029395168269
991,1009,0.32327641852664646
991,1039,0.8384714455199672
991,1212,0.6283394529723585
991,1315,0.3920900823136665
991,1411,0.314356639805774
991,1463,0.38036991683257754
991,1477,0.5298008228039459
991,1489,0.40976533131849174
991,1495,0.512826566015979
991,1740,0.3716869646816736
991,1863,0.5309680386396464
991,1875,0.3828140133962368
991,1876,0.4138159650564556
991,1906,0.5501421507980127
991,2188,0.4466028975587165
991,2619,0.4866977823134583
991,2647,0.5820070855276208
992,1158,0.3643208727683568
992,1254,0.35457756489181713
992,1413,0.3336547438368701
992,1629,0.31222100937259595
992,1675,0.7928904258932382
992,1778,0.30821439989447313
992,1880,0.47545072495038965
992,1922,0.4372227752902524
992,2060,0.6100226100314282
992,2295,0.3527618993111194
993,1119,0.5701114058476878
993,1129,0.6060222570574111
993,1535,0.38732765222391957
993,1588,0.3791168069840328
993,1730,0.3246977727141582
993,1901,0.6366627023263315
993,2204,0.2723078395887618
993,2304,0.43942502422781976
994,1113,0.15741716008424608
994,1122,0.4835314790499313
994,1128,0.6195605249032655
994,1329,0.33834974036743837
994,1850,0.5816963646086662
994,1984,0.29826386961311707
994,2031,0.2719896051037264
994,2037,0.19116236425019087
994,2145,0.28119877459075426
994,2329,0.31785776025417906
995,1006,0.3289131715835774
995,1108,0.44491027815456924
995,1270,0.31011178026451497
995,1304,0.5180255772767812
995,1321,0.5294434047886029
995,1878,0.2983261569682487
995,1976,0.39067337188902806
995,1989,0.453858550635502
995,2007,0.5479141993098859
995,2051,0.5780184214524794
995,2304,0.38596701874989986
995,2314,0.4802717457617419
995,2316,0.33210098029530016
996,1001,0.4586201586098091
996,1005,0.42431630470654585
996,1131,0.47450765457146155
996,1212,0.36877927935329907
996,1394,0.44942191725156033
996,1401,0.6201934118822087
996,1504,0.4783050630688293
996,1577,0.37441828563702056
996,2019,0.594133287919738
996,2047,0.36733034141915416
996,2165,0.3413775563616384
996,2167,0.4344033751167408
996,2231,0.22926584535808744
996,2336,0.47191486331422255
996,2593,0.3452921536909309
996,2619,0.5432281435155771
996,2813,0.3674727773544883
996,3007,0.5194267489357943
998,1112,0.49349111575303817
998,1259,0.3298130019085486
998,1539,0.3786728291609971
998,1562,0.22851276734008086
998,1592,0.489109738132125
998,1608,0.7623561301473497
998,1700,0.4729086490708292
998,1709,0.30829258440373536
998,1879,0.4178440800478532
998,1978,0.4991340368937823
998,1982,0.17957047538237297
998,2008,0.4058208421374981
998,2011,0.3070509251200942
998,2062,0.42652663139418495
998,2070,0.4851362887499979
998,2303,0.19633357762539982
998,2311,0.5613280474360277
999,1004,0.6844329855984278
999,1006,0.443352382838112
999,1108,0.35290344651046757
999,1292,0.5157038754936817
999,1306,0.370534136965812
999,1536,0.6291934273220922
999,1550,0.48169245549468465
999,1895,0.5097818764621418
999,2035,0.5740442815888752
999,2042,0.5770195796878813
999,2055,0.35725572466822064
999,2059,0.5782067960514774
999,2298,0.6649522375231608
999,2309,0.2817365995413723
999,2315,0.8220903495266831
999,2325,0.40611884959069594
1001,1039,0.6774066508989193
1001,1212,0.7114319559228659
1001,1394,0.4084740685775954
1001,1401,0.46069299957569915
1001,1489,0.4593220764796168
1001,1667,0.37241213637075243
1001,1883,0.3861786059339105
1001,2047,0.5882240845584803
1001,2188,0.4165881210971319
1001,2593,0.48229297153941875
1001,2619,0.514979539021614
1001,2647,0.37049886128431414
1002,1060,0.24162785868813935
1002,1123,0.43906640071861497
1002,1128,0.29728158894555073
1002,1306,0.2794711885557634
1002,1347,0.5253681754164079
1002,1546,0.31769989071905697
1002,1715,0.4617355061891807
1002,1728,0.5048771116354375
1002,2035,0.2843257818213711
1002,2055,0.32038185508427036
1002,2326,0.30963251774893624
1002,2329,0.4756400242530643
1003,1146,0.3372718845877894
1003,1157,0.3975935232645584
1003,1168,0.3493276560716987
1003,1535,0.3493854114530174
1003,1699,0.39929713775507475
1003,1770,0.5979412020983316
1003,2051,0.3364262882527297
1003,2158,0.43492959604321574
1003,2272,0.3359765943581902
1003,2298,0.3319061418952914
1004,1292,0.4237563647264966
1004,1306,0.3631167949907827
1004,1536,0.28207247613512737
1004,1543,0.4170046989590191
1004,1587,0.3646480671310929
1004,1591,0.5216885104839757
1004,1627,0.5082078982493113
1004,1895,0.45254881595123836
1004,1897,0.5280120817113795
1004,2042,0.5529495024935432
1004,2050,0.3364515658187642
1004,2059,0.7511150893147104
1004,2298,0.3735109688948578
1004,2315,0.8490082619437254
1004,2322,0.38076027851651373
1005,1021,0.3876038626222087
1005,1037,0.4837260630393322
1005,1393,0.2678265865893381
1005,1478,0.42496077737469157
1005,1486,0.4071682265130427
1005,1489,0.3381157950034166
1005,1504,0.7308754795635272
1005,1708,0.38185903634688306
1005,1883,0.3482994063557803
1005,1893,0.35006063572366136
1005,2048,0.45674808725818244
1005,2108,0.46478496936075414
1005,2124,0.2561205152264525
1005,2168,0.47088128236877747
1005,2177,0.7546757004561617
1005,2231,0.33976347067022133
1005,2619,0.4245621655923478
1005,2884,0.362366667352265
1006,1304,0.47148056162959534
1006,1529,0.3222264575450016
1006,1574,0.20630084850042835
1006,1685,0.18646563880942435
1006,2035,0.42336170939615686
1006,2055,0.451690501649065
1006,2298,0.46805272773754547
1006,2300,0.3225879937370846
1006,2325,0.4501204443308681
1006,2326,0.521977051531904
1006,2332,0.43751705873454316
1007,1008,0.5462628546102489
1007,1488,0.36787944117144233
1007,1560,0.4262444286480566
1007,1575,0.5355802498474019
1007,1598,0.5658053778847406
1007,1845,0.44984651953542437
1007,1952,0.716466225872546
1007,1977,0.5161166975743062
1007,2044,0.34517929448588064
1007,2251,0.6977488803312757
1007,2646,0.4262817080577567
1007,2887,0.6504160959886169
1008,1107,0.47924824563378876
1008,1243,0.4447861377053304
1008,1560,0.3836149930281634
1008,1575,0.8908784278564073
1008,1598,0.4639043554187309
1008,1600,0.3594378044309626
1008,1707,0.33891078809993513
1008,1764,0.6039468681651847
1008,1845,0.33028319546540097
1008,1952,0.8162353240986817
1008,1977,0.4443430063794036
1008,2044,0.44555485522980337
1008,2164,0.4003818995169648
1008,2251,0.7095266046382286
1008,2282,0.4254828475392879
1008,2318,0.37288515851607945
1008,2887,0.37043983488630866
1009,1525,0.3802308955587421
1009,1526,0.6918671745560817
1009,1539,0.4954725437623873
1009,1540,0.45074095841880946
1009,1577,0.3992953519917242
1009,1765,0.9670797401540422
1009,1875,0.4374267009643006
1009,2252,0.609557066856382
1009,2280,0.6654157848608827
1009,2286,0.4113297238384549
1009,2289,0.5403283841504247
1009,3005,0.4800865086090212
1010,1011,0.36716673855471116
1010,1526,0.3147166774650369
1010,1540,0.6047519714379087
1010,1553,0.3981280135076202
1010,1563,0.4398551768206793
1010,1740,0.726123497227656
1010,1760,0.4181840180576127
1010,1863,0.419963900947056
1010,2074,0.3418939741525819
1010,2167,0.28395834768761324
1010,2168,0.39840209211006594
1010,2619,0.3756574341631632
1011,1021,0.268602135725328
1011,1666,0.3032527042742773
1011,1760,0.4664742670139295
1011,1880,0.3144479706617717
1011,2076,0.6814928472120266
1011,2168,0.3745986080515147
1012,1351,0.35372052341268934
1012,1532,0.47951552227503264
1012,1566,0.4107355794441731
1012,1570,0.415232668887937
1012,1628,0.40014139486675615
1012,1693,0.24884332019929048
1012,1745,0.4616022925156792
1012,1941,0.6451818291360617
1012,2076,0.23640239982632102
1012,2295,0.45206052112531836
1012,2299,0.46586355358973763
1012,2305,0.4820045355467842
1013,1018,0.2884547268875467
1013,1029,0.6839927893298988
1013,1714,0.2957890388166909
1013,1754,0.3166597404381456
1013,1945,0.2513166270599061
1013,2089,0.4248095653873614
1013,2196,0.605742226788009
1014,1027,0.28883605636546583
1014,1033,0.43951785689000517
1014,1044,0.3692001152665584
1014,1205,0.5551737570335552
1014,1415,0.9019321423519926
1014,1417,0.31258388939085335
1014,1419,0.4130661657011396
1014,1423,0.3798156394629074
1014,1680,0.34446745895519393
1014,1681,0.409459460232052
1014,1714,0.30677133328980016
1014,1773,0.5089496185918583
1014,1856,0.3629960826470318
1014,1907,0.3926990316836979
1014,2068,0.4453589833324977
1014,2080,0.36159770796834556
1015,1037,0.34246404494915395
1015,1206,0.6425095913648614
1015,1392,0.45403538669932675
1015,1393,0.3660985203934228
1015,1478,0.49070065401374524
1015,1504,0.5167267821144337
1015,1679,0.3528430430360139
1015,1708,0.4244815951277635
1015,1885,0.4693086823353452
1015,1899,0.6605217848610079
1015,2173,0.5517336653768019
1015,2177,0.3841696303684082
1015,2274,0.3083328458331158
1016,1030,0.7747355095696737
1016,1034,0.5542577044176228
1016,1419,0.6825574942749394
1016,1426,0.4096513590111359
1016,1428,0.2767400390428938
1016,1681,0.36195263373085423
1016,1714,0.6123874366298642
1016,1717,0.28498247599822496
1016,1762,0.7208929382094117
1016,1910,0.5564904325755268
1016,1940,0.43998205969808835
1016,2089,0.45906739205634883
1016,2100,0.35955664420196404
1016,2110,0.4031271571198225
1016,2137,0.4727756344373584
1016,2172,0.4139132368378365
1016,2182,0.30419686894907866
1017,1205,0.21142575921154594
1017,1217,0.2990317650738375
1017,1223,0.2225965242397722
1017,1738,0.5949031683373519
1017,1849,0.5782663634315466
1017,1853,0.2156482152076405
1017,1859,0.5394649869869033
1017,1910,0.2549212927665487
1017,2088,0.2518592271964878
1017,2114,0.33121597475630443
1017,2129,0.5344695087373899
1017,2175,0.2960578766759493
1017,2270,0.41332275260646273
1018,1031,0.5293635010214142
1018,1041,0.3454017390511934
1018,1691,0.4281997336237627
1018,1756,0.30906627691751004
1018,1924,0.391026113796524
1018,1927,0.5441858301560525
1018,2075,0.5054784168664613
1018,2262,0.5780394009174807
1019,1025,0.36644041658664944
1019,1031,0.2507228242338109
1019,1036,0.2794754767217225
1019,1207,0.6027393355978178
1019,1209,0.5368727677877985
1019,1316,0.37000044800744586
1019,1427,0.3847601900964767
1019,1752,0.4048611198149591
1019,1785,0.407623086743955
1019,1893,0.48169744531757347
1019,1912,0.6235295832730791
1019,2093,0.3202518933804995
1019,2113,0.559211812841063
1019,2189,0.32379125763497674
1019,2274,0.45382932311696433
1020,1125,0.5538593414659297
1020,1316,0.631001302095303
1020,1555,0.37969552076547164
1020,1568,0.35300596778706095
1020,1583,0.3524779252100784
1020,1705,0.3681766294561781
1020,1710,0.3809819009456526
1020,1888,0.37269605239322723
1020,2046,0.3635616096828479
1020,2174,0.6930074035080648
1020,2179,0.5367211845821356
1020,2187,0.3711351901678963
1020,2327,0.4920746067673744
1021,1037,0.2707288854073493
1021,1532,0.36787944117144233
1021,1666,0.6316090959077382
1021,1706,0.3642016267767442
1021,1846,0.8225470685708972
1021,1880,0.4118578379877844
1021,1893,0.35993960902955857
1021,1934,0.5082650714003448
1021,2048,0.5353752268337505
1021,2076,0.34199111972423585
1021,2168,0.5868744070043722
1023,1029,0.5051447278549117
1023,1251,0.31232705849352754
1023,1421,0.2901691597576445
1023,1548,0.43729087467985384
1023,1754,0.7499820066676501
1023,1887,0.7130247457020875
1023,1926,0.44478516648907845
1023,2196,0.3741448809648339
1023,2262,0.39909403281342726
1024,1204,0.5194454645096117
1024,1421,0.35509175221113626
1024,1678,0.6171544438314511
1024,1784,0.6101185394165917
1024,1887,0.44307687800460976
1024,1891,0.5045388286576048
1024,1926,0.4682465858742984
1024,1938,0.5550062020431799
1024,2056,0.29274028820748677
1024,2150,0.6433233959807304
1024,2198,0.3785544820355767
1025,1030,0.4530596878354485
1025,1036,0.53509373214945
1025,1213,0.34684922736892243
1025,1425,0.5436251121179873
1025,1756,0.42355201925369
1025,1785,0.3590357056962621
1025,1937,0.30514311643338443
1025,1942,0.6950899466773649
1025,2100,0.33197170346204924
1025,2120,0.47431694293454685
1025,2171,0.404716648224142
1026,1116,0.418919846751044
1026,1195,0.3704006907343596
1026,1422,0.38152121248500187
1026,1550,0.3967904877807152
1026,1697,0.33038925809466074
1026,1917,0.4150599794747066
1026,1925,0.28858404905983953
1026,1939,0.7331817666323072
1026,1944,0.3547555192090651
1026,2272,0.4785972087857266
1027,1044,0.4969544580122486
1027,1412,0.5818176672962302
1027,1417,0.6041283454384778
1027,1426,0.3419009758443016
1027,1428,0.5525592502514933
1027,1761,0.3033903427596337
1027,1872,0.4531981377603223
1027,1924,0.30010431396711873
1027,2098,0.30479658596072906
1027,2258,0.5741154259017767
1027,2270,0.3854999796295177
1028,1204,0.44702183129646605
1028,1353,0.35377086043011285
1028,1429,0.3334738708079058
1028,1534,0.3147196791024192
1028,1546,0.3168241470714919
1028,1564,0.7119214729186589
1028,1678,0.4523041750791348
1028,1747,0.5312329542603346
1028,1784,0.3798104580430011
1028,1848,0.39182055994409243
1028,1938,0.4989668982750553
1028,2056,0.8086973718247541
1028,2077,0.3985984089528235
1028,2078,0.24802166704176837
1028,2184,0.5150026628887144
1028,2269,0.38905729332596695
1029,1754,0.7257074724069768
1029,1887,0.34194521142256573
1029,1937,0.2890948234798312
1029,2196,0.7590737715603998
1030,1036,0.34359284207763247
1030,1419,0.4616714570630962
1030,1428,0.3750179638039059
1030,1714,0.42276216781968196
1030,1738,0.1756956403167243
1030,1762,0.5523662550413143
1030,1910,0.3722521954205186
1030,1916,0.33338239574763345
1030,2080,0.2783907590589457
1030,2089,0.3850044004995103
1030,2093,0.2936350823548476
1030,2100,0.5707300246084749
1031,1036,0.5000118105948049
1031,1037,0.38775797173685417
1031,1040,0.3836270436334133
1031,1532,0.24762881768776535
1031,1893,0.3423032866344731
1031,1942,0.2791196719339763
1032,1041,0.549901597610072
1032,1204,0.46689036845608844
1032,1353,0.3864132471444754
1032,1421,0.6070565152233218
1032,1548,0.32673654264083335
1032,1678,0.3841332919089516
1032,1698,0.3905348700268811
1032,1756,0.5015362988209638
1032,1784,0.4130978235397007
1032,1887,0.29401618699307275
1032,1915,0.7231003651701557
1032,1926,0.33397141299419614
1032,2061,0.43713431729453534
1032,2077,0.5073468143276277
1032,2184,0.5831789407704876
1032,2262,0.2386717293300226
1033,1044,0.7424303776392441
1033,1201,0.3410468386576307
1033,1208,0.3785964153830209
1033,1215,0.32309256187078955
1033,1331,0.36787944117144233
1033,1415,0.4677294719771861
1033,1417,0.41074752233684825
1033,1580,0.39371993457827803
1033,1870,0.3118007430732156
1033,1872,0.323515331387445
1033,2068,0.4720936614750924
1033,2098,0.3585760769231578
1033,2116,0.43778478459030074
1033,2127,0.5743552657758714
1033,2139,0.44309302004013323
1033,2175,0.33740377725816195
1034,1203,0.37282538294689593
1034,1213,0.36353364406364674
1034,1419,0.5089197824414042
1034,1556,0.6279938340652501
1034,1717,0.4326045923459874
1034,1755,0.5670530418282133
1034,1762,0.39583995354370044
1034,1852,0.6249513891313967
1034,1857,0.26708276201104963
1034,1860,0.2995361987751343
1034,1862,0.6343418829717951
1034,1894,0.4487523657821221
1034,1907,0.35030950124085525
1034,1910,0.7222210632229731
1034,1951,0.4835037011772923
1034,2118,0.26835806371504306
1034,2126,0.1982971982593332
1034,2171,0.3256395381984598
1034,2172,0.27080637294761895
1034,2182,0.29240132602722424
1035,1116,0.5852374397788798
1035,1414,0.3914344435029173
1035,1429,0.36787944117144233
1035,1530,0.38714362177353967
1035,1536,0.28206225985639066
1035,1564,0.3353162371182927
1035,1568,0.3973762415040956
1035,1697,0.40755192210898583
1035,1895,0.4803364585302567
1035,1930,0.5115347841370479
1035,1948,0.38144525428938847
1035,2028,0.34612961076877535
1035,2077,0.4908032732779274
1035,2184,0.5500677044365547
1035,2264,0.7073331284399028
1035,2298,0.36386280053563785
1035,2322,0.6579579209643717
1036,1742,0.25200797483759363
1036,1756,0.31879892893706496
1036,1893,0.36690809969234844
1036,1937,0.45691440058834987
1036,1942,0.377644562425097
1037,1206,0.42786889748408513
1037,1478,0.3385190649079092
1037,1486,0.6290124672819031
1037,1504,0.3588233241580016
1037,1708,0.2940173472628033
1037,1742,0.30501764997400527
1037,1893,0.7990438578114203
1037,2177,0.8297974529127374
1037,2598,0.17281913482322195
1038,1419,0.4687459038525219
1038,1681,0.6033155433566263
1038,1856,0.2726140338263015
1038,2061,0.7068535269975816
1038,2072,0.5168756966260222
1038,2080,0.5989680373230861
1038,2087,0.3817725416279757
1038,2089,0.4070195699060067
1038,2117,0.4358314376629922
1038,2142,0.8537331090636587
1039,1212,0.7446773019964869
1039,1315,0.34751034639862494
1039,1477,0.6195651629107548
1039,1483,0.19550809479906964
1039,1489,0.4916249773787601
1039,1495,0.36787944117144233
1039,1667,0.36238155510898823
1039,1740,0.35296635320038056
1039,1863,0.4622930223425611
1039,1876,0.3630441544715404
1039,1936,0.29495783727564173
1039,2188,0.5207358152715664
1039,2619,0.5516981669673392
1039,2647,0.7013228098809727
1040,1166,0.5499525103601384
1040,1555,0.6302610752518032
1040,1774,0.3565143423927253
1040,1888,0.6213737330439484
1040,1937,0.5670537287448025
1040,1942,0.27588826247712
1040,2122,0.2825120039868624
1041,1251,0.572888892611228
1041,1353,0.3643325075985526
1041,1421,0.47103400011426116
1041,1548,0.47000742793359096
1041,1616,0.4632201751445344
1041,1689,0.6222991146521137
1041,1691,0.3444664518231425
1041,1915,0.6344341088725929
1041,2061,0.6661450774812823
1041,2075,0.29857810030589405
1041,2077,0.42920242248154705
1041,2262,0.3403886732093592
1044,1208,0.28195805239152266
1044,1412,0.37631611806432824
1044,1415,0.302776704891476
1044,1417,0.4107341304438907
1044,1870,0.4029181813000832
1044,1872,0.3730765706974252
1044,2127,0.35907180464935484
1044,2254,0.4821464552244037
1047,1168,0.4195647952513166
1047,1189,0.3964823590470234
1047,1192,0.4952094912089483
1047,1193,0.3785152183077975
1047,2215,0.5612056933159687
1048,1055,0.5340445197528388
1048,1061,0.5396447888317316
1048,1149,0.4069265123671705
1048,1173,0.4397535628069938
1048,1192,0.3195548515957377
1048,1625,0.5504058118723056
1048,2340,0.4786524503191288
1049,1184,0.0730539287080026
1049,1507,0.08652674193295648
1049,1890,0.009929309851801599
1049,2216,0.025284120213209728
1049,2217,0.05827410487987261
1049,2410,0.011999196173619116
1049,2554,0.0011738317449613625
1051,1059,0.567040024692288
1051,1141,0.48493458156236907
1051,1142,0.4448309566892627
1051,1174,0.3436972133968834
1051,1175,0.6249769220906534
1051,1191,0.48890471541946723
1051,1603,0.3560516101163796
1051,2024,0.324055129575282
1051,2192,0.3607747092341232
1051,2194,0.3703176884895571
1052,1053,0.33903035452147684
1052,1057,0.5125025568598152
1052,1285,0.3593563856739576
1052,1290,0.4142132341087579
1052,1310,0.6561558758318784
1052,1326,0.3588801154034008
1052,1610,0.3628446549923502
1052,2015,0.3696975999750027
1052,2151,0.3256687343535014
1053,1268,0.5760034928769002
1053,1279,0.36276906251244895
1053,1287,0.4325188185849305
1053,1310,0.301301451846271
1053,1326,0.4412074211178226
1053,1610,0.2660333819140199
1053,2023,0.6315493335552871
1053,2151,0.5124391598638505
1054,1141,0.37544712634794397
1054,1226,0.6030204877378275
1054,1919,0.3433041863578266
1054,1993,0.4394934811686439
1054,1995,0.6039255059772818
1054,2006,0.29456539254979286
1054,2032,0.4432048699247838
1054,2192,0.43359113137174987
1055,1061,0.42931632326123986
1055,1149,0.4612128068351098
1055,1173,0.4572581808267404
1055,1300,0.24340307875686176
1055,1625,0.29853348377956024
1055,1646,0.6340833901872263
1056,1277,0.27011497507884746
1056,1284,0.473942513342044
1056,1285,0.4113603730202733
1056,1326,0.4878166371876113
1056,2015,0.8609119555588269
1056,2163,0.630737666571042
1057,1310,0.39532042914254034
1057,2018,0.4528282315307226
1057,2039,0.2960030932875924
1057,2151,0.5112760646815362
1058,1070,0.6346755655120321
1058,1151,0.3637499587994372
1058,1164,0.6179066963736756
1058,1167,0.31486848795311756
1058,1633,0.5594933803567742
1058,1650,0.5514800867557342
1058,1658,0.35543521913494386
1058,1686,0.36195934306730476
1058,2199,0.3725878380773316
1058,2202,0.41774857449366204
1058,2230,0.515218777453576
1059,1141,0.3675669405778141
1059,1142,0.42491174618000693
1059,1603,0.3520983015766743
1059,2025,0.35266030779853436
1059,2192,0.46155807942186217
1060,1272,0.41716845698093374
1060,1277,0.34221442320435275
1060,1286,0.4594348598503533
1060,1295,0.504498822879054
1060,1301,0.1778161763091921
1060,1340,0.13101668498090374
1060,1347,0.7698465212324648
1060,1574,0.29345501773479254
1060,1715,0.19816828216786078
1061,1137,0.47983269898298175
1061,1148,0.2968780766802457
1061,1149,0.781720003459029
1061,1173,0.8326222484412883
1061,1625,0.3905989093167207
1061,2208,0.5190046205724195
1061,2212,0.313980099841587
1062,1149,0.39928263095938127
1062,1167,0.39364564145811043
1062,1647,0.49644398557586317
1062,1687,0.28888080133568794
1062,2201,0.48193446579362836
1062,2208,0.5093037577144558
1063,1158,0.6005745947242556
1063,1161,0.3063234255073236
1063,1185,0.28947214061716103
1063,1193,0.4446358019812644
1063,1659,0.43241211626113785
1063,1987,0.43758278830308134
1063,2012,0.45182175386194495
1063,2034,0.4338917449228328
1063,2276,0.4019242567809239
1063,2886,0.4239998036137885
1064,1268,0.31310138464833376
1064,1279,0.40215927315123484
1064,1282,0.5843321746825679
1064,1291,0.3865440690057474
1064,1571,0.26199418806978986
1064,1605,0.22529918852152092
1064,2159,0.426629299899269
1065,1173,0.4556030580336925
1065,1274,0.5594891712511955
1065,1296,0.3763632739767259
1065,1335,0.34639376556215573
1065,1646,0.6481775328942392
1065,2212,0.3556883565813233
1066,1072,0.8509388146625897
1066,1146,0.6281749273258187
1066,1185,0.31581577845452685
1066,1193,0.42772240026006864
1066,1406,0.3392156797005115
1066,2886,0.4593717953245116
1067,1144,0.38838886984063103
1067,1605,0.3994558193182632
1067,1660,0.44753810855088355
1067,1892,0.3811451119680153
1067,2152,0.3449176985618733
1067,2205,0.5300483142053487
1067,2618,0.4011701415311581
1068,1189,0.21412008748936362
1068,1308,0.1948888886942658
1068,1612,0.42758200531833085
1068,1766,0.3753217860650791
1068,1786,0.3310108156924069
1068,1788,0.4074877535669801
1068,1983,0.2741987926878772
1068,2021,0.5532237282502936
1068,2027,0.7783480009697077
1068,2131,0.40834546794223026
1068,2211,0.31526640287429497
1069,1268,0.2574549361380434
1069,1269,0.38347616485432984
1069,1272,0.41998035391191996
1069,1286,0.365963280938347
1069,1287,0.2363897033568837
1069,1297,0.40950072445402846
1069,2154,0.22209984656501905
1069,2342,0.5728138322799622
1070,1151,0.585297954155366
1070,1163,0.4019659193504808
1070,1164,0.4594013495809956
1070,1633,0.40686796174549406
1070,1638,0.27274621745443156
1070,1658,0.4303412249818011
1070,1686,0.3359163852293262
1070,2202,0.3406092512774435
1070,2230,0.7666069299002309
1070,2328,0.21347857490154842
1071,1147,0.4068902733871852
1071,1225,0.5364340086912872
1071,1230,0.29615001889430786
1071,1615,0.2720998597165046
1071,2025,0.3262765213440318
1071,2809,0.18476453421764585
1071,2885,0.627890319678704
1072,1146,0.37775880551649793
1072,1185,0.43382932559296644
1072,1193,0.5588849488569688
1072,1237,0.45303715962022273
1072,1406,0.37068938078509917
1072,2886,0.6252094183155776
1107,1496,0.3634004856878891
1107,1506,0.33283878030572694
1107,1527,0.3878111511619603
1107,1575,0.5668563201860114
1107,1600,0.3854113119170129
1107,1764,0.7098492663724425
1107,1877,0.3719453711607175
1107,1952,0.4215914152972061
1107,2004,0.49398157614672794
1107,2044,0.4526350672103417
1107,2164,0.38031548358240386
1107,2193,0.44361223517883064
1107,2228,0.2686343979735479
1107,2251,0.34146097168136474
1107,2318,0.6308498288707008
1107,2808,0.4510351950695045
1108,1125,0.4429150730405665
1108,1304,0.4124382690966486
1108,1321,0.5167955188051112
1108,1529,0.4755661016847545
1108,1536,0.35637505342090264
1108,1583,0.35724266218649997
1108,1776,0.2960374409403504
1108,1895,0.6179424735620862
1108,1900,0.3308330690363972
1108,1901,0.33118233069414893
1108,1989,0.3089734908304011
1108,2007,0.6753523451282204
1108,2035,0.5274785329475293
1108,2073,0.41040377813025986
1108,2158,0.552377377787897
1108,2298,0.5753889836131385
1109,1131,0.4319058971696485
1109,1250,0.6258121357095794
1109,1540,0.40501193182030953
1109,1604,0.4282138729908369
1109,2019,0.45735913806622175
1109,2167,0.3622084505247303
1109,2235,0.46617290168678277
1109,3007,0.6409239655086564
1110,1160,0.30137506141031006
1110,1165,0.4431724505983858
1110,1179,0.3589981573206827
1110,1407,0.39967281428550877
1110,1473,0.3835234150742841
1110,1509,0.4139357227231536
1110,1512,0.39084871909074637
1110,1518,0.5665305797752951
1110,1519,0.8288886311273512
1110,1704,0.2817069348356536
1110,1990,0.4067370939328127
1110,1991,0.34121631244064704
1110,2223,0.5209322370514473
1110,2225,0.2973684313563081
1110,2232,0.3129967509357101
1110,2233,0.45740237759195324
1110,2334,0.3121425885144639
1111,1392,0.717430419516791
1111,1401,0.37277861390107153
1111,1404,0.571317992428734
1111,1406,0.6992471701683179
1111,1413,0.36939019730560646
1111,1510,0.2029624474151601
1111,1709,0.39489319017101504
1111,1885,0.3875476770150286
1111,2019,0.35941092101037003
1111,2148,0.36787944117144233
1111,2234,0.5513952831723031
1111,2336,0.4078112263888296
1112,1160,0.42107079235676065
1112,1413,0.4237115636086232
1112,1449,0.32472086288206364
1112,1592,0.5260053368272968
1112,1608,0.40462233725775537
1112,1709,0.7524781552341916
1112,1980,0.39927814675167667
1112,1982,0.28854218243512725
1112,2062,0.835898073503763
1112,2070,0.5692196740131266
1112,2186,0.3736267526866861
1112,2335,0.20040266641140103
1112,2593,0.3222624124762677
1113,1115,0.4507487538824671
1113,1120,0.6072179522811735
1113,1121,0.6023406079639068
1113,1123,0.4293447217575275
1113,1128,0.3036706871742828
1113,1132,0.3808754630488643
1113,1133,0.2758142311411469
1113,1712,0.4228206487978855
1113,1869,0.4223303496410124
1113,1886,0.3559289373444618
1113,1889,0.37353818224074803
1113,2031,0.7172512596199605
1113,2134,0.539173895933302
1113,2145,0.059268343990726044
1113,2321,0.37452747778946904
1115,1121,0.41810339397581503
1115,1123,0.40605973986527777
1115,1132,0.5869277525710185
1115,1522,0.37231295932045194
1115,1579,0.15698370549930712
1115,1712,0.36542165408448574
1115,1733,0.41237492997603353
1115,1852,0.3886218226301485
1115,1886,0.37025608421881057
1115,1889,0.3652997901381954
1115,1902,0.7210425598222931
1115,1903,0.5589329093136324
1115,2031,0.39704573191074083
1115,2052,0.4274399784971194
1115,2081,0.2787853305585748
1115,2134,0.39637928844609327
1115,2150,0.48322467809081415
1115,2330,0.4937635835489796
1116,1195,0.42046238546564296
1116,1422,0.416127172349225
1116,1554,0.4045546464472255
1116,1578,0.3888756215611866
1116,1697,0.5644388093492433
1116,1719,0.3006318328722671
1116,1904,0.4236799885925621
1116,1912,0.4325656545283869
1116,1939,0.49032829095640806
1116,1948,0.520607019864248
1116,2264,0.7165851806413803
1116,2272,0.3667937582605677
1116,2274,0.3285491995647207
1117,1446,0.23661605194953894
1117,1484,0.16691452974796492
1117,1491,0.14518092282619344
1117,1500,0.21442415926576108
1117,1501,0.21291392998312447
1117,2337,0.3399855216141905
1117,2465,0.3533758778813424
1117,2587,0.24535230460686222
1117,2597,0.2359290243441942
1117,2604,0.1898644713899908
1117,2649,0.06468388384244583
1117,2879,0.34827949850646955
1118,1222,0.3454224185956285
1118,1309,0.2522667200969356
1118,1325,0.168578380498763
1118,1757,0.5391789709106173
1118,1851,0.18235657044429934
1118,1854,0.15019901226474838
1118,1869,0.5485268271563489
1118,1871,0.33161301102229374
1118,2065,0.7985551415979616
1118,2112,0.34587943373025104
1118,2134,0.12644912946130557
1118,2145,0.26388310461106734
1119,1129,0.9505721570527919
1119,1304,0.5971353923534797
1119,1535,0.3894346079812307
1119,1989,0.5113032116054612
1119,2055,0.3757455443791466
1119,2304,0.5849561308440842
1120,1121,0.7114630149489587
1120,1123,0.4127017325768809
1120,1128,0.3360211461481081
1120,1711,0.2923218558808835
1120,1886,0.44129601931902757
1120,1889,0.3271844141719123
1120,2031,0.3598093538718329
1120,2145,0.1797665568360705
1120,2176,0.44488395499926825
1120,2321,0.32120412066228426
1120,2330,0.27348525971587145
1121,1123,0.44269515021492
1121,1124,0.19123441316244824
1121,1132,0.28171016952260564
1121,1522,0.34482664709385963
1121,1869,0.3735321507934618
1121,1886,0.26571637528185116
1121,1902,0.22356569734208923
1121,2031,0.42688973782685735
1121,2134,0.32410959674886974
1121,2145,0.11632782907692492
1121,2321,0.39615915058677525
1121,2330,0.25788247212766385
1122,1124,0.7499825477384211
1122,1128,0.5334450337179477
1122,1214,0.12180794471059458
1122,1288,0.37504893712348925
1122,1329,0.16394162480220578
1122,1850,0.23557895911697788
1122,2031,0.24226900525503345
1122,2037,0.260296923962116
1122,2134,0.21034680537493336
1122,2145,0.19257833272851632
1123,1534,0.41782995037595955
1123,1542,0.3162921292090093
1123,1546,0.3366375183875225
1123,1733,0.6573997247146973
1123,1886,0.3679290304934382
1123,1902,0.4915419228619635
1123,2178,0.4318050235730403
1123,2269,0.5077845714203982
1123,2321,0.7374288987034731
1123,2330,0.6980941472701622
1124,1128,0.2459051302753227
1124,1132,0.07951632717647399
1124,1214,0.09610931351428359
1124,1286,0.2262531408834594
1124,1288,0.21513653618196682
1124,2031,0.11922240446864613
1124,2037,0.11936569473718767
1124,2134,0.159782091110783
1124,2205,0.08309195046387832
1124,2321,0.15783814297648108
1125,1316,0.40447928620626616
1125,1520,0.16389167943848718
1125,1522,0.28753697737697015
1125,1583,0.4070310682986893
1125,1595,0.3680489381176775
1125,1710,0.39292579505744657
1125,1731,0.26305356578523703
1125,2007,0.3842929995224082
1125,2046,0.3996398065086761
1125,2073,0.28676045285237073
1125,2158,0.4448201343466513
1125,2174,0.6849162062081491
1125,2180,0.636994398488209
1125,2183,0.38808045533054314
1125,2211,0.2903126853744521
1125,2327,0.46873184841026566
1126,1214,0.424085418549528
1126,1329,0.3769078919935264
1126,1542,0.40379825960952276
1126,1715,0.3369121088110097
1126,1850,0.36681050190256304
1126,1858,0.46107706369540646
1126,1884,0.39347852539838224
1126,1923,0.554891264689243
1126,2037,0.5552247107304841
1126,2052,0.3069168732616214
1126,2160,0.44696627353075374
1126,2178,0.29244077551013936
1126,2321,0.38811043880602597
1127,1130,0.6700157181882247
1127,1306,0.23695615742241452
1127,1550,0.28439969876143845
1127,1728,0.5942310353959598
1127,1947,0.6024079933371685
1127,2007,0.23790622074322784
1127,2253,0.3567357430187955
1127,2324,0.6590782436350259
1127,2325,0.24321976643891363
1127,2326,0.24888799415828833
1128,1329,0.23229031270826855
1128,1728,0.29242345463319747
1128,1850,0.42702397412402326
1128,2031,0.34638444034084503
1128,2145,0.3410354611227436
1128,2321,0.33649572369699776
1128,2329,0.2859450176187847
1129,1304,0.5046368616244434
1129,1588,0.3682604589115589
1129,1776,0.26984608219917783
1129,1901,0.310457209395301
1129,1989,0.5727352391533409
1129,2055,0.3355029957990009
1129,2304,0.657429732665802
1130,1550,0.3405835694196218
1130,1699,0.5786201337291316
1130,1947,0.5762301910760816
1130,2007,0.4003222466596498
1130,2027,0.33412321351235313
1130,2051,0.45227766751652954
1130,2131,0.36672985913371103
1130,2253,0.4831122981815415
1130,2272,0.2858719274848106
1130,2293,0.3339512533413156
1130,2324,0.7196942723459031
1131,1160,0.645701773965223
1131,1163,0.4716503285544554
1131,1393,0.27702687877893767
1131,1401,0.3475821124154491
1131,1449,0.7621065457687454
1131,1504,0.3373778967074187
1131,2002,0.3891487900096813
1131,2019,0.8063345294672384
1131,2062,0.3551591752451501
1131,2165,0.34097117795495424
1131,2167,0.4133292448238813
1131,2231,0.48003860521689556
1131,2235,0.3557288155395098
1131,2813,0.35486109406592825
1132,1203,0.4042449027591076
1132,1712,0.61818685778593
1132,1852,0.3687240532861552
1132,1902,0.563078614291271
1132,1903,0.31827102093263665
1132,2031,0.6922726194996509
1132,2059,0.26187782139079224
1132,2064,0.3309204847811114
1132,2134,0.31870638781852495
1133,1325,0.29277105476652615
1133,1329,0.37551996438618745
1133,1712,0.3613997146386402
1133,1725,0.626891811573455
1133,1737,0.55592382547573
1133,1854,0.3766308650352834
1133,1868,0.43864138187430635
1133,1869,0.2009785881888794
1133,1873,0.7591087524293129
1133,1884,0.4493028828123768
1133,1898,0.4641862358529058
1133,1903,0.3892059262264876
1133,1907,0.38266011801552796
1133,1923,0.3515500997763435
1133,2052,0.4595651028183483
1133,2134,0.3843350764662376
1133,2140,0.43371116273917587
1133,2178,0.4618951380516827
1133,2267,0.5294783308324091
1134,1176,0.22654629665941703
1134,1186,0.3372992177877816
1134,1190,0.412329243456856
1134,1597,0.5373946904098043
1134,1632,0.5942727461169837
1134,1971,0.7474909752397653
1134,2190,0.5979995369774682
1134,2401,0.13339382586834547
1134,2463,0.2359839126070492
1134,2466,0.1779471690681194
1135,1224,0.3764968912185752
1135,1233,0.8909804013816585
1135,1764,0.3024767197262421
1135,2000,0.4933922733397798
1135,2237,0.11818755083751994
1135,2318,0.325091135939684
1135,2621,0.2989138033158054
1136,1140,0.41849460405676525
1136,1231,0.5714930481691034
1136,1236,0.8184839326680997
1136,1238,0.394839577293993
1136,1333,0.3950250737198399
1136,1986,0.3623976601051812
1136,2279,0.5452251067540019
1136,2620,0.36425173787953136
1136,2621,0.4719830631288825
1136,3011,0.4171136396452621
1137,1139,0.36886935396700715
1137,1149,0.31229643483455155
1137,1170,0.36330378349971615
1137,1192,0.3493425059345167
1137,1246,0.3580234481588959
1137,1249,0.5392082235583565
1137,1572,0.367086668292362
1137,1609,0.3678779801222783
1137,1625,0.5565214756859671
1137,2030,0.39815532395865944
1137,2034,0.44018792411894303
1138,1161,0.3476547862519371
1138,1174,0.35988497437830486
1138,1175,0.2966397693183625
1138,1232,0.44999917922378935
1138,1256,0.41526576016168143
1138,1972,0.34176256011210937
1138,1978,0.3226749685365829
1138,1987,0.38952760877701337
1138,2194,0.6862650522225331
1138,2303,0.3068476651850444
1139,1153,0.34908308008435884
1139,1170,0.35034067364221727
1139,1172,0.6558194071627277
1139,1249,0.3931889497361073
1139,1609,0.47616093352837413
1139,2191,0.43299631172591996
1139,2203,0.38560611306519865
1140,1169,0.7667810030568495
1140,1236,0.45613418482572465
1140,1238,0.6257763552303411
1140,1333,0.761455648961269
1140,2279,0.37415471751966634
1140,3011,0.44832598460040624
1141,1995,0.48491502175603246
1141,2024,0.38689249076214244
1141,2192,0.43489071171058086
1141,2620,0.6612029116502917
1141,2809,0.36574981783973953
1142,1153,0.24325321671321845
1142,1172,0.35778284198955623
1142,1175,0.6851010556122005
1142,2192,0.4388740257058473
1142,2194,0.7257324102908986
1143,1357,0.3976220133217296
1143,1636,0.4665325557086996
1143,1639,0.4673816528126472
1143,1641,0.4083320357488757
1143,1649,0.49674387996504454
1143,2012,0.4329806625294257
1143,2292,0.6801587676510381
1143,2302,0.3979557409098072
1144,1253,0.3594389955441416
1144,1349,0.2914022129238951
1144,1544,0.4856876760541448
1144,1896,0.3556036161773147
1144,2050,0.3790973300006127
1144,2053,0.41123137008142646
1144,2066,0.4345170072134332
1144,2157,0.34703232022550706
1144,2205,0.3415697829013416
1144,2207,0.3150253494989434
1144,2213,0.44823431962650895
1144,2618,0.7561362880572725
1146,1988,0.4296975900342051
1146,2314,0.424066187398248
1147,1225,0.6130295470055873
1147,1275,0.5093505082290203
1147,1615,0.9434931084441284
1148,1170,0.42141423779865494
1148,1173,0.3472949715904671
1148,1572,0.36861797671854385
1148,1616,0.47687651345526094
1148,1630,0.6851685375403691
1148,2195,0.637113980297901
1148,2208,0.48526241646136736
1149,1173,0.5599210760016227
1149,1625,0.29193810846808
1149,2208,0.6059339827578004
1149,2212,0.3760628124073589
1149,2215,0.3771361199271435
1150,1439,0.1825556495817701
1150,2161,0.23340409960907427
1150,2210,0.29771247934158707
1150,2466,0.14248858883005916
1150,2467,0.17009886636606775
1150,2511,0.3045784519704716
1150,2547,0.3698600003893612
1150,2570,0.19221473241265374
1151,1555,0.38172372704797813
1151,1633,0.36303261415506954
1151,1658,0.37890246624581686
1151,1686,0.3515102165255184
1151,1688,0.30657222908801685
1151,1774,0.22787766651362462
1151,1888,0.4109358458891281
1151,1899,0.45957406345251395
1151,2122,0.25330252078193116
1151,2173,0.3665040201054584
1151,2230,0.4367973274144622
1151,2328,0.17681326264055994
1152,1957,0.32886014399829866
1152,1958,0.8322472187896507
1152,1969,0.3197497462939613
1152,2345,0.7076591127302055
1153,1155,0.39117812268132957
1153,1172,0.5132957122720699
1153,1257,0.25826168391481025
1153,1604,0.2438282156924681
1153,2191,0.2772120861684069
1153,2194,0.24780473477447137
1153,2202,0.3924234927456026
1154,1392,0.4386374628876287
1154,1671,0.6836478336304296
1154,1701,0.22768831983087934
1154,1975,0.6271330684010566
1154,1976,0.6180556404503987
1154,1988,0.42389158979637315
1154,1994,0.35220250348245763
1154,1996,0.42135082044762423
1154,1997,0.36965782824924115
1154,2148,0.5083897384267504
1154,2234,0.5097095006124455
1154,2316,0.7034301218475815
1155,1167,0.31137165804372363
1155,1651,0.34512143188914307
1155,2199,0.35982070741885186
1155,2202,0.48600907600124715
1157,1168,0.38753208883164975
1157,1583,0.39863000841154494
1157,1770,0.5768763849375609
1157,1904,0.27977972082188646
1157,1948,0.31708694454279085
1157,1950,0.3744843539725161
1157,1988,0.3532797852996748
1157,2041,0.6006590211819023
1157,2234,0.3965865776546478
1157,2316,0.34058055944354765
1158,1192,0.5515808817358737
1158,1193,0.7361615485835411
1158,1237,0.36370145004090526
1158,1629,0.3736351087564716
1158,1659,0.5915313893422491
1158,1675,0.3978430000521464
1158,2034,0.6210912593099978
1158,2060,0.4025847800149502
1158,2215,0.3737887746423792
1159,1240,0.11494978276487496
1159,1254,0.11996585611281524
1160,1163,0.28004513130104797
1160,1401,0.3238589744849326
1160,1449,0.7013344868613861
1160,1674,0.39828451015352595
1160,2002,0.40278252751277016
1160,2019,0.44992876931976006
1160,2062,0.6048053163195724
1160,2165,0.4898556268349218
1160,2167,0.3710735516718405
1160,2186,0.3940333244437979
1160,2235,0.32492278789305273
1160,2813,0.4988453226621481
1161,1164,0.18184497713232675
1161,1232,0.2846981560072412
1161,1604,0.41766928857535585
1161,1987,0.8167135392016318
1161,2012,0.46965581865307443
1161,2303,0.35389053952147576
1163,1449,0.40536981182484483
1163,1563,0.41421047839460895
1163,2002,0.5456085837428746
1163,2165,0.2666426935910533
1163,2167,0.30101010294624553
1163,2230,0.5584387056567883
1163,2231,0.40338422198680035
1164,1167,0.22462406020121753
1164,1633,0.2856620832238862
1164,1643,0.28691168705527503
1164,2199,0.23667958902923178
1164,2202,0.3609961875113866
1164,2230,0.6295592511496595
1165,1407,0.48516376077828355
1165,1509,0.6199349148932093
1165,1673,0.28035000207066385
1165,1674,0.3297831759027275
1165,1990,0.4295985526736458
1165,1993,0.2663525397598467
1165,1999,0.7649713038516978
1165,2010,0.5241503454612841
1165,2040,0.46450571716294964
1165,2146,0.38082144656675604
1165,2229,0.3299233810626242
1165,2232,0.37622966362862864
1165,2880,0.3615590628787099
1166,1555,0.5089498390854723
1166,1650,0.3991477088696162
1166,1688,0.5493799935902396
1166,1754,0.4458032721226458
1166,2206,0.49258428703394913
1167,1257,0.400203199364106
1167,1633,0.49092321779682774
1167,2012,0.3423347385742159
1167,2155,0.2808396703195217
1167,2199,0.7034497118995078
1167,2202,0.6890494562432152
1168,1189,0.8008925408896751
1168,1308,0.588885813636549
1168,1535,0.35607483355216096
1168,1611,0.3777749456872473
1168,1612,0.40744738098435707
1168,1628,0.35862205065613056
1168,1631,0.39763221730522186
1168,2021,0.4195374187081768
1168,2041,0.47287757258043345
1168,2305,0.39927557444568196
1169,1197,0.4238029779716741
1169,1231,0.30550268337676467
1169,1236,0.4867777163015994
1169,1238,0.7784931298724143
1169,1260,0.36915310519943295
1169,1333,0.6668189389566395
1169,2279,0.2931306897210178
1169,3011,0.39257272671374294
1170,1172,0.3562686276825243
1170,1572,0.4319348858197253
1170,1609,0.6040845922680779
1170,1630,0.45654092862216933
1172,1604,0.31484050510502315
1172,2191,0.30715891608314594
1173,1274,0.40015830354435195
1173,1646,0.3475216570058291
1173,2208,0.46469725878931223
1173,2212,0.28534547309263086
1174,1191,0.5198961801543543
1174,1256,0.7709411601185389
1174,1603,0.7330544662804879
1174,1659,0.481303000364128
1174,2191,0.3516337293206173
1174,2203,0.6980503291448125
1175,2192,0.34043046471551414
1175,2194,0.4898619587343997
1176,1186,0.4070749204969921
1176,1188,0.41702848955588956
1176,1971,0.3817688504036331
1176,2378,0.035496488100864476
1176,2389,0.056210762936923564
1176,2400,0.06966598220873674
1176,2450,0.04732116609453482
1176,2531,0.027415856396967964
1178,1209,0.4487072501221662
1178,1425,0.3464092478870643
1178,1581,0.3056237312399393
1178,1785,0.7600659809803685
1178,2100,0.42028109662055957
1178,2113,0.527158417459637
1178,2117,0.5550464038805771
1178,2120,0.2979247584899502
1178,2142,0.36363654246662686
1178,2183,0.35907681282923376
1179,1399,0.6026400307483835
1179,1473,0.3441815460128304
1179,1519,0.45462669234526626
1179,1875,0.3806567756874809
1179,1980,0.664598938636636
1179,1990,0.4752517972271081
1179,2288,0.2622214270249812
1179,2320,0.21060508164636707
1179,2335,0.7567205825256332
1180,1185,0.32211595522510483
1180,1259,0.3355140508178583
1180,1981,0.5952136121910697
1180,2001,0.328956861828601
1180,2008,0.3569543206013653
1180,2011,0.28252989275630974
1180,2278,0.3618669358947901
1181,1187,0.3803764240820143
1181,1197,0.4579146696227649
1181,1227,0.4184817319886677
1181,1229,0.637005005120071
1181,1234,0.4626184007434995
1181,1260,0.42370999967897127
1181,1974,0.7252901504941432
1181,2005,0.3218008307858518
1181,2006,0.2823146206068139
1184,1260,0.11254239515350621
1184,1399,0.47585184231810584
1184,1672,0.6921159349762072
1184,1974,0.2170826185535058
1184,2005,0.12219926888479135
1184,2146,0.37169789152079064
1184,2222,0.26272423144681395
1184,2225,0.3316210418844126
1184,2229,0.2826255047284923
1185,1431,0.23954656206646285
1185,1972,0.3485025469946118
1185,1973,0.3510536702481147
1185,2276,0.39439425263412337
1185,2872,0.3488131895404342
1185,2886,0.6314459006409147
1186,1188,0.38704003205031257
1186,1971,0.30026051103269996
1186,2474,0.07245814912277755
1186,2531,0.16314760708146223
1186,2546,0.09702138731280238
1186,2548,0.0911868173775061
1186,2562,0.06348065085475348
1186,2580,0.05363969129804268
1186,2581,0.04346872147074942
1186,2584,0.04069280383640543
1187,1197,0.2937790916369149
1187,1227,0.3519539751842067
1187,1974,0.4258875191508063
1187,1981,0.4937263616143488
1187,1990,0.3452061300742342
1187,2008,0.35515884021695404
1187,2146,0.38210104621645014
1187,2872,0.24819400884265835
1188,1971,0.40120209439051824
1188,2221,0.2514506621797373
1188,2226,0.3254997905597508
1188,2388,0.17785988342751738
1188,2389,0.32996673275437877
1188,2390,0.15270298296957974
1188,2400,0.22285860185832912
1188,2450,0.39609010016849416
1188,2474,0.13760512788721493
1188,2475,0.11836585143409818
1188,2531,0.29737968545546556
1188,2580,0.15407288865997207
1188,2584,0.09189565696046252
1189,1308,0.8108480617874965
1189,1611,0.4512497530683376
1189,1612,0.5233756275711071
1189,1631,0.6960655348242999
1189,1703,0.3985886778212344
1189,1948,0.2977565452662827
1189,2021,0.535637001344286
1190,1597,0.5507152400895416
1190,1632,0.32842840634414766
1190,1874,0.3659198255379367
1190,1971,0.35654718492625775
1190,2190,0.6677083599671999
1190,2221,0.16923437636276625
1190,2226,0.2882058163292775
1190,2401,0.29238154584134696
1190,2435,0.1910372657740597
1190,2463,0.5837489284985525
1190,2466,0.32450603075585893
1190,2467,0.4357608388349686
1190,2513,0.6293651239893105
1190,2575,0.3424916151535377
1191,1232,0.41937915556102784
1191,1252,0.55864299245577
1191,1256,0.33400734406317845
1191,1302,0.36512263076918944
1191,1603,0.5015028609875604
1191,1978,0.30185818436110357
1191,2025,0.39777293264364033
1191,2341,0.2837868779003787
1191,2343,0.3483612650773429
1192,1193,0.5229447861828865
1192,1249,0.31370556621259427
1192,1254,0.4482031071691029
1192,1572,0.3905720131776178
1192,1625,0.44477267907829265
1192,1659,0.48165190606554587
1192,2025,0.27633339379047417
1192,2034,0.43981158142757665
1192,2215,0.5414519859243052
1192,2340,0.5184681049889489
1193,1237,0.5622179873881377
1193,2034,0.3377442704636794
1193,2215,0.38986240871356986
1193,2340,0.32495911835701524
1194,1221,0.7832966109599131
1194,1478,0.36072865139353455
1194,1619,0.4017192499814984
1194,1861,0.29573614206223947
1194,1883,0.5343875737174836
1194,1922,0.3159117540872917
1194,1983,0.508069300751252
1194,2047,0.4162001834626953
1194,2048,0.4320677564860742
1194,2108,0.6685987193049419
1194,2109,0.26346160764634396
1194,2333,0.3649730048049813
1194,2336,0.518640979179661
1194,2710,0.5270472373790644
1194,2883,0.8109363168210963
1195,1209,0.363090441659533
1195,1218,0.3704613516595986
1195,1427,0.4280119857735003
1195,1550,0.511994012080865
1195,1554,0.8066318826944223
1195,1697,0.3441282648068038
1195,1719,0.708287146507013
1195,1859,0.19461155366169283
1195,1917,0.3510218047225854
1195,1947,0.39099474387776506
1195,1951,0.3358555771461409
1195,2121,0.5007879010744053
1195,2264,0.5338349228913376
1196,1634,0.3507040397290916
1196,2301,0.5551585552323267
1197,1229,0.371849359794
1197,1231,0.41776073733619107
1197,1234,0.3639019750362466
1197,1238,0.5597716694631818
1197,1260,0.7891019563566248
1197,1333,0.4198137560414612
1197,1974,0.742521856285642
1197,2005,0.5160480398142422
1197,2006,0.3906182459515603
1197,3011,0.5148258563466579
1198,1303,0.4294545376185946
1198,1410,0.3038014181171714
1198,1707,0.40702831829504765
1198,1726,0.5518261835480258
1198,1758,0.7942193212678781
1198,1845,0.5322184160699737
1198,1952,0.2843173193920885
1198,2044,0.3352488683683463
1198,2101,0.9031372399841708
1198,3009,0.49027184574728483
1200,1219,0.7539975372077148
1200,1494,0.8433914717673795
1200,1520,0.27572286188809536
1200,1589,0.5213189089944222
1200,1596,0.42436760245377225
1200,1719,0.27323804131156887
1200,1731,0.5331406836534001
1200,1768,0.41059564087479933
1200,1951,0.439310069514749
1200,2105,0.5111813981358181
1200,2111,0.49650150723605185
1200,2120,0.49780419228922523
1200,2126,0.3973748297875846
1200,2171,0.5004468295061659
1200,2189,0.5186441530477376
1201,1208,0.47046554957281983
1201,1215,0.5594319041419797
1201,1317,0.3938624783813467
1201,1328,0.1993389863727217
1201,1331,0.44919479776817833
1201,1718,0.582236109241786
1201,1855,0.4347092925380052
1201,1865,0.4177989955824599
1201,2049,0.32440966146429484
1201,2116,0.4679888964224973
1201,2125,0.4396523076038435
1201,2127,0.7043950127144322
1201,2130,0.07031850522369279
1201,2136,0.12903320467319115
1201,2138,0.8149196422674458
1201,2139,0.36978549957074275
1201,2162,0.4815212974889927
1203,1218,0.4469519075992944
1203,1425,0.3658786511871063
1203,1554,0.4301683293189559
1203,1596,0.6084630110879998
1203,1712,0.36541977395228853
1203,1852,0.7556322387690874
1203,1984,0.206051461431984
1203,2031,0.32468147211147813
1203,2064,0.6790675316012861
1203,2121,0.3999962777812308
1203,2131,0.36097767626691657
1203,2183,0.4024548789371844
1203,2211,0.3324919844536328
1204,1353,0.40711365933078036
1204,1421,0.4906097872549009
1204,1678,0.7145769906503084
1204,1784,0.9428344133043357
1204,1891,0.6622029438521352
1204,1915,0.35679436972373013
1204,1921,0.36962433994746363
1204,1926,0.324537616369455
1204,1938,0.339619140786644
1204,2056,0.42347433681032054
1204,2150,0.40647256362749207
1204,2184,0.38150900256728204
1204,2196,0.20284377494131717
1204,2198,0.33260307047931964
1205,1217,0.48192276441876
1205,1218,0.3394889521675699
1205,1415,0.6090811463276933
1205,1423,0.7092227453682548
1205,1580,0.3651952311555382
1205,1581,0.5750726495847033
1205,1773,0.504422645781404
1205,1853,0.3566252241961997
1205,1856,0.402863481364757
1205,1862,0.47976053467007373
1205,2064,0.35732235325027134
1205,2068,0.3169002829256307
1205,2117,0.27525080863418705
1205,2128,0.344267094022724
1205,2129,0.6705954503855566
1205,2139,0.23736481487349748
1205,2270,0.30603366652709485
1206,1316,0.4791523700853175
1206,1478,0.6145696318357929
1206,1589,0.499454546242013
1206,1595,0.4104122201570251
1206,1708,0.503102673481898
1206,1742,0.2515116946458386
1206,1885,0.35695308539057047
1206,1893,0.468976591120612
1206,1931,0.35215704590485725
1206,2105,0.35549745147448103
1206,2177,0.3904157514173321
1206,2189,0.666110291798109
1206,2274,0.3747229125429412
1207,1221,0.37547569789652024
1207,1422,0.3716238513695409
1207,1618,0.5366558195192178
1207,1708,0.3358027949598611
1207,1752,0.38913570515750046
1207,1788,0.3024689138101081
1207,1846,0.3398160120069396
1207,1912,0.7817741146883905
1207,1983,0.6242306786266991
1207,2048,0.4528120884145974
1207,2093,0.3144671423284706
1207,2113,0.6006011631313661
1207,2333,0.28923807693700687
1208,1309,0.3569788550049704
1208,1328,0.3386900110293514
1208,1331,0.3197794664253841
1208,1584,0.31170685042610424
1208,1613,0.37397037105202896
1208,1718,0.2947812573002511
1208,1855,0.2959694613360763
1208,1864,0.37998748329272813
1208,1865,0.5666016301829879
1208,2116,0.5902237118166708
1208,2125,0.5624115780394513
1208,2127,0.3917597147853456
1208,2130,0.12001715713512807
1208,2138,0.27623685420731964
1208,2323,0.5601895684187038
1209,1422,0.5241804139694107
1209,1425,0.36260551917792583
1209,1427,0.7326782702056187
1209,1554,0.4433423956802739
1209,1719,0.6549665844436353
1209,1785,0.7395556802073271
1209,1912,0.48139755979219573
1209,2093,0.20774028135667874
1209,2100,0.26960156088412535
1209,2105,0.2881791713596399
1209,2111,0.4043884675354583
1209,2113,0.6035898197552629
1209,2183,0.45508607990805006
1209,2264,0.3718181578530182
1210,1426,0.23940322451651994
1210,1738,0.39830326443969283
1210,1872,0.4353217138777942
1210,2110,0.22207034338498496
1210,2112,0.24193095711307525
1210,2133,0.41585250619804554
1210,2137,0.29927374079035035
1210,2143,0.7278307636865486
1210,2182,0.3313919651825656
1210,2265,0.37041297564449455
1210,2323,0.4728783307910567
1211,1237,0.32929108013704195
1211,1413,0.32147100996904937
1211,1618,0.5564277743269496
1211,1629,0.3227459846205129
1211,1778,0.5925009622975185
1211,1788,0.4007595653994995
1211,1861,0.21304568903312393
1211,1934,0.35894658572562443
1211,1939,0.2880466814152028
1211,2045,0.7687446212931888
1211,2109,0.2799536990430814
1211,2287,0.8150533219150153
1211,2333,0.5723312359596451
1212,1477,0.288995046828847
1212,1489,0.4204906845569022
1212,1553,0.5668176300602831
1212,1577,0.45612126176609613
1212,1667,0.47347025447339935
1212,1740,0.438651395498849
1212,1863,0.4160765363285599
1212,1883,0.24709608157727883
1212,1920,0.2610085820793743
1212,2047,0.43804867008509335
1212,2074,0.42238658835813475
1212,2188,0.5337739178286299
1212,2593,0.3524439312232863
1212,2619,0.7103139496867411
1212,2647,0.4212437986247159
1213,1425,0.5794276666266625
1213,1522,0.2766463036847545
1213,1596,0.395441202225041
1213,1710,0.7924479851109877
1213,1717,0.4873610526710674
1213,1852,0.36787944117144233
1213,1894,0.423729916057357
1213,1942,0.4604605529792595
1213,2046,0.5128565652421526
1213,2120,0.4485455477713769
1213,2150,0.312478562650655
1213,2171,0.47154170571096804
1213,2187,0.5540804764376387
1214,1347,0.20025166935525995
1214,1712,0.3362205691399219
1214,1715,0.5332230613342034
1214,1722,0.38946681812949935
1214,1733,0.42357555905242417
1214,2037,0.5290213914157923
1214,2052,0.5737957058413834
1214,2058,0.4783010615765033
1214,2081,0.3042037737148511
1214,2157,0.7502171847057755
1214,2205,0.44669779909768303
1214,2213,0.35935715637128973
1214,2269,0.3729693915501291
1214,2321,0.2906774165450948
1215,1328,0.3254813947972056
1215,1580,0.28783195220598295
1215,1718,0.5284321176966831
1215,1737,0.21666893772677448
1215,1855,0.37818912170493857
1215,1858,0.3892761868162938
1215,1865,0.36943029147515416
1215,2112,0.3914469434457676
1215,2114,0.3424801202259854
1215,2116,0.5262659088982783
1215,2125,0.45354930468626403
1215,2127,0.4153523454866561
1215,2138,0.7584682541440751
1215,2139,0.7447802117224585
1215,2175,0.32616162186708875
1217,1416,0.4362369228334863
1217,1423,0.3536546542626779
1217,1581,0.4448659891211815
1217,1626,0.2916770912365595
1217,1771,0.1802305980186063
1217,1775,0.44293520347297816
1217,1849,0.23879923602357836
1217,1932,0.3921821253981878
1217,2128,0.6912734256256575
1217,2129,0.5848234796431874
1217,2139,0.3045721439623719
1217,2258,0.3870773940083322
1217,2270,0.4592876256256772
1218,1416,0.3254509776787644
1218,1554,0.38421666300390495
1218,1581,0.6566225612524789
1218,1587,0.4210111385741941
1218,1591,0.6828036584279794
1218,1593,0.4759345214706424
1218,1852,0.38231053083134775
1218,2053,0.6181506664066703
1218,2059,0.41070194623386763
1218,2064,0.4282658889612478
1218,2081,0.3291983259283052
1218,2121,0.6249531307921911
1219,1494,0.5563598785827106
1219,1556,0.43648548554823197
1219,1589,0.26523572789060595
1219,1596,0.3235773011328265
1219,1731,0.4198136116667018
1219,1755,0.3273613498379443
1219,1859,0.33413482992004445
1219,1894,0.45043212433410756
1219,1910,0.5014561526102537
1219,1951,0.5799534829187574
1219,2111,0.2546594705741983
1219,2126,0.4566530126890796
1219,2171,0.372842320825524
1219,2176,0.2628706345266783
1219,2182,0.3673573426681263
1220,1222,0.5879161264839584
1220,1309,0.4283004311134813
1220,1328,0.7616838369895761
1220,1584,0.5778265095081424
1220,1864,0.3657112328496168
1220,2112,0.32808630189115645
1220,2114,0.36043574459859046
1220,2116,0.2071154405864769
1220,2125,0.4088087362648451
1220,2143,0.4475935800852221
1220,2323,0.468688870693953
1221,1619,0.35806240647043813
1221,1623,0.3543181826951562
1221,1922,0.3678959566559185
1221,1983,0.6189713534025814
1221,2048,0.6144761165951522
1221,2108,0.38468872516621194
1221,2333,0.4717613051900605
1221,2336,0.3421480043588833
1221,2710,0.5329854159939208
1221,2883,0.5634864068934394
1221,2884,0.34599650739739485
1222,1309,0.5989173562295107
1222,1328,0.35317289941871055
1222,1584,0.29886110004614236
1222,1718,0.24391840112963875
1222,1757,0.30637882104623293
1222,1851,0.48769902421652056
1222,1855,0.358759096833845
1222,1864,0.6721197017325826
1222,1865,0.32056359858153227
1222,1871,0.3939801944749573
1222,2065,0.35684333294194376
1222,2112,0.5436087040228449
1222,2116,0.3504062132219168
1222,2125,0.4439153474819651
1222,2323,0.4138914199647107
1223,1559,0.3180682055830241
1223,1569,0.5214704912446803
1223,1747,0.4074936347768954
1223,1761,0.44678750547353424
1223,1762,0.3909948383351352
1223,1773,0.3174568529742143
1223,1848,0.5511670402197092
1223,1849,0.1734719043738189
1223,1856,0.5464627652896251
1223,1916,0.7565332443443997
1223,1917,0.33040941854025385
1223,1940,0.3165011904153986
1223,2080,0.41291168579276566
1223,2087,0.44055903573561794
1223,2090,0.2671143578635436
1223,2270,0.5243228696460077
1224,1233,0.5221838673888095
1224,1977,0.3409468021376048
1224,1979,0.36809102942328875
1224,2144,0.8122140223785205
1224,2275,0.557651649923333
1224,2281,0.31266426564303496
1225,1230,0.36787944117144233
1225,1235,0.36185022687549245
1225,1615,0.4984971418114955
1225,2885,0.44721759031392794
1226,1229,0.45302730034872096
1226,1599,0.39161071077824783
1226,1919,0.8458864733183917
1226,1995,0.39913874527012794
1226,2006,0.47044729347214237
1226,2252,0.5814301813183176
1226,2320,0.39153036490200605
1227,1229,0.30706500921748353
1227,1234,0.7050095086290227
1227,1235,0.5801292794491434
1227,1252,0.8872797258504016
1227,1259,0.4264130126072991
1227,1302,0.46204956486451537
1227,1334,0.6261042458886629
1227,1972,0.44167291211199877
1227,1978,0.4421818307117181
1227,2343,0.27607929458353175
1228,1241,0.4671469358519641
1228,1246,0.36787944117144233
1228,2340,0.22444446928328393
1229,1230,0.2888515841543208
1229,1234,0.4937738332083308
1229,1235,0.5167625577052734
1229,1260,0.346103302911674
1229,1974,0.35460679576064874
1229,2809,0.3390129784850695
1230,1333,0.28934275059778475
1230,1599,0.3314942978175917
1230,2620,0.48737124761814904
1230,2809,0.611354467443933
1230,2885,0.2772600338731193
1231,1236,0.47313613722683284
1231,1238,0.27611917082537474
1231,1333,0.32299159722259974
1231,1961,0.2080427054960784
1231,2338,0.30371410373173213
1231,2621,0.366513769328317
1231,2880,0.2571077987594749
1231,3011,0.2625724517262666
1232,1256,0.41598489397320254
1232,1604,0.336371556587834
1232,1978,0.5129883048223203
1232,1985,0.5317961154694406
1232,1987,0.4045297933509823
1232,1995,0.3623063408264278
1232,2011,0.2734877697065912
1232,2235,0.2707725059553504
1232,2311,0.5547221167747548
1233,2000,0.48528060722427624
1233,2144,0.3962931886588307
1234,1235,0.5660352436573228
1234,1252,0.7020993761232319
1234,1334,0.3661374853704342
1234,1974,0.3238054149725065
1234,2885,0.3307287929604089
1235,1252,0.6505723425623071
1235,1334,0.3600333303726287
1235,1978,0.36233824900622313
1235,1995,0.44198086752529303
1235,2280,0.3568621166885636
1235,2286,0.3253114597931961
1236,1238,0.5426588175821193
1236,1333,0.39411396484307876
1236,2279,0.42376404696095643
1236,2621,0.416699151179482
1237,1262,0.42871761305411804
1237,1265,0.31667666731219335
1237,1293,0.3974605993876888
1237,1623,0.25781198873479816
1237,2045,0.5331400397469221
1237,2276,0.3537588646145447
1237,2287,0.5258653742614213
1238,1260,0.6547255229011087
1238,1333,0.5463058058468205
1238,1974,0.2879091385029219
1238,1986,0.32413674062158526
1238,2006,0.38113716909783485
1238,3011,0.6075131351153389
1240,1254,0.38164083370869006
1240,1532,0.36144553403238755
1240,1572,0.407336171558391
1240,1628,0.3858473863458594
1240,1629,0.33346086612925074
1240,1631,0.32382645593630327
1240,1703,0.4334246139181163
1240,2048,0.39659005139140135
1240,2295,0.3978362751712709
1241,1252,0.36875791192134943
1241,1262,0.7814559364143137
1241,1302,0.3713321068051522
1241,1334,0.38208963131958723
1241,1623,0.2873764153979263
1241,2060,0.3014700720991814
1242,1355,0.456503160542133
1242,1571,0.5275453893027154
1242,1606,0.40648088442221225
1242,1607,0.394472805426049
1242,1614,0.5020952943605981
1242,1775,0.25375777120880505
1242,1777,0.6462618375970023
1242,1909,0.38668208224341905
1242,2200,0.2823993098721094
1242,2257,0.35487939688859277
1243,1527,0.41081203097741864
1243,1575,0.4535752636160561
1243,1598,0.5029999632983055
1243,1952,0.2976321539399538
1243,1977,0.3704549906452291
1243,2251,0.300902936221944
1244,1533,0.38012396068320997
1244,1610,0.3780702411550086
1244,1656,0.6731517108829193
1244,1782,0.5310723677237731
1244,2042,0.5572955739801763
1244,2069,0.44810097298481344
1244,2300,0.5858676111700277
1246,1249,0.8449300734503007
1246,1254,0.3156026809727092
1246,1609,0.3998543955314636
1249,1254,0.30207594815650984
1249,1609,0.43724394916285225
1249,1659,0.39571553673456206
1249,2034,0.34989094535455645
1249,2203,0.502730744093769
1250,1275,0.38841820438790664
1250,1604,0.32399449914108547
1250,2019,0.36937255924043644
1250,2235,0.5668482929348811
1250,3007,0.398366103784541
1251,1351,0.36787944117144233
1251,1421,0.3337480744083416
1251,1532,0.36671446416840753
1251,1548,0.6545758772909333
1251,1570,0.35925082367905986
1251,1616,0.5025144354448486
1251,1630,0.6046457932159538
1251,1915,0.28712558853682835
1251,2195,0.34951259476972885
1251,2206,0.47381595496532697
1252,1302,0.5936724157867788
1252,1334,0.4690842072999961
1252,1972,0.4467856242691281
1252,1978,0.44465064803758503
1252,2343,0.3724952809837861
1252,2885,0.2645138819028377
1253,1537,0.40067204298660963
1253,1543,0.7318781206005189
1253,1544,0.660712332897067
1253,1547,0.3766455294357601
1253,1594,0.5067069923657643
1253,1627,0.4285727395742524
1253,1648,0.4629513417427534
1253,1690,0.3575537806118398
1253,1897,0.6847560861208115
1253,2618,0.3338976317834233
1254,1275,0.6443960840395592
1254,1572,0.4772076667533919
1254,1659,0.27874729266228815
1254,1675,0.5435777372698096
1254,2060,0.37978451053515655
1256,1603,0.5912959869908034
1256,1604,0.33077258344874805
1256,1659,0.5405488164541303
1256,1985,0.3508624285163236
1256,1987,0.42431666662312606
1256,2191,0.56844132167164
1256,2194,0.343915554381993
1256,2203,0.6799589671933206
1257,1351,0.4567829156192264
1257,1562,0.4157266329288866
1257,1633,0.368015175000649
1257,1645,0.5152323544061045
1257,1663,0.3542063800192626
1257,2012,0.3802182223353219
1257,2191,0.3132710587930294
1258,1977,0.34677797469230215
1258,1979,0.3252763485775603
1258,2887,0.5099545575459584
1259,1334,0.5344939809023143
1259,1608,0.2711674531962704
1259,1972,0.5400074103672031
1259,1978,0.49435359225493697
1259,1981,0.562556244616392
1259,1990,0.3817291051238087
1259,2008,0.8090028682124537
1259,2011,0.38899517433829245
1259,2335,0.41657049513502753
1260,1974,0.7087936477186633
1260,1986,0.38470981082680294
1260,2005,0.7503983417398071
1260,2006,0.6489606331444211
1260,3011,0.6602663326918533
1261,1265,0.561823309312117
1261,1293,0.38366240648079286
1261,1294,0.4748409066259161
1261,1300,0.36333450625444996
1261,1634,0.4812963177318225
1261,2017,0.4506802820886436
1262,1302,0.31854101615258257
1262,1334,0.33704073787976774
1262,1978,0.34840295894666895
1262,1985,0.3360663766530273
1262,2045,0.47554344994030484
1262,2060,0.40213634549281746
1262,2287,0.3828468886478337
1262,2311,0.32865776194525
1264,1319,0.14087260203457544
1264,1324,0.17212687749084896
1264,1545,0.06599634230096081
1264,1602,0.0969159383578672
1264,1607,0.03311953464756561
1264,1617,0.12262152622453983
1264,1635,0.32349816376859825
1264,1657,0.027812445802001953
1265,1284,0.3136188048418664
1265,1285,0.36245078710728
1265,1293,0.3965422959871507
1265,1294,0.5055610606818719
1265,2340,0.3204088973629514
1266,1267,0.4262289442385985
1266,1269,0.5090376188121616
1266,1297,0.5406843124962314
1266,1299,0.38969072564346796
1266,1330,0.3299839839576264
1266,1585,0.4051543509337944
1266,1724,0.4161079245716479
1266,2022,0.5682033420419241
1267,1269,0.26288098062697124
1267,1297,0.5073251923016143
1267,1299,0.2733289800593809
1267,1314,0.35789952465095387
1267,1330,0.11543981327316157
1267,1724,0.11480168308458033
1267,2022,0.5692465184115316
1268,1279,0.5022983060412081
1268,1287,0.35271668461265826
1268,1326,0.43209449885725215
1268,1355,0.36787944117144233
1268,2023,0.550042502215497
1268,2154,0.5898795719815654
1268,2159,0.5550444643356687
1268,2342,0.28838494125294056
1269,1271,0.29912990247882315
1269,1286,0.4816492111576335
1269,1297,0.755583153938943
1269,1346,0.19179942954019585
1269,2022,0.5989054166583155
1270,1682,0.45202050021532175
1270,1878,0.4738343855071153
1270,1975,0.5142525626535348
1270,1976,0.637486763312872
1270,1992,0.42329618839067706
1270,1994,0.35726664625992416
1270,1996,0.22172733608218245
1270,2009,0.2475650270835122
1270,2297,0.7221796132667649
1270,2314,0.23667497135505505
1271,1291,0.2922079575732222
1271,1297,0.31392875162064804
1271,1336,0.3876322449083733
1271,1345,0.4552643561253518
1271,1346,0.50822312005239
1271,1350,0.7723752454752609
1271,2159,0.3136490220896135
1271,2260,0.32112394409716183
1271,2268,0.412373329348703
1272,1281,0.498298190495536
1272,1286,0.4161113031283844
1272,1287,0.5393299082334129
1272,1295,0.44841003623656017
1272,1301,0.5637683402323406
1272,1326,0.2460258526329203
1272,1340,0.4964605899843743
1272,1345,0.22728712242045873
1272,2154,0.4445590641183607
1273,1282,0.43207487364991365
1273,1291,0.40115536064379664
1273,1319,0.39918934228307146
1273,1324,0.37676333130184086
1273,1350,0.3297960139583382
1273,1551,0.26554032755715284
1273,1607,0.2738741591730019
1273,1724,0.4088261459511728
1273,2057,0.4184985136828503
1273,2260,0.3106537071162069
1273,2268,0.6805154036424987
1274,1296,0.5971299697282145
1274,1335,0.665406168441664
1274,1646,0.19659919249178687
1274,1654,0.38068062622117843
1274,2212,0.18068908688295576
1275,1603,0.39323232861360347
1275,1615,0.37717406072619686
1275,1675,0.4589246502840802
1275,1985,0.4176012621397494
1275,2025,0.4695068202206331
1275,2060,0.4084459844033358
1276,1290,0.43675101724290616
1276,1339,0.6821932838159235
1276,1624,0.31929921844015463
1277,1287,0.31319266524303624
1277,1295,0.7828356353027992
1277,1326,0.21052696735181037
1277,2015,0.23984508275829017
1277,2018,0.2075222367891425
1277,2325,0.16254068533651672
1277,2326,0.43520670507396936
1278,1280,0.5561910749982816
1278,1296,0.4884984245041722
1278,1298,0.6200474328748101
1278,1337,0.42632062707027424
1278,1343,0.6438393379644444
1278,1356,0.2541722138881436
1278,1653,0.31267202231939983
1278,1654,0.3505889727460837
1278,2163,0.2891823537539124
1279,1282,0.28537399535215857
1279,1291,0.33254456605170146
1279,1299,0.40168679417096437
1279,2023,0.5209966927436723
1279,2159,0.35247026238167317
1280,1298,0.5971435334656092
1280,1338,0.6204716806653461
1280,1341,0.5100967664988713
1280,1343,0.624673560662806
1280,1358,0.5645662891280823
1280,2300,0.5014692307914986
1280,2308,0.7807363901021885
1280,2332,0.36190007835629906
1281,1286,0.31283148895873336
1281,1287,0.7499885605562835
1281,1288,0.6642562364295663
1281,1301,0.9313171731210196
1281,1306,0.23611724445996404
1281,1326,0.2627473489629991
1281,1340,0.409931561039362
1281,2154,0.40065923024813005
1281,2329,0.41777735085203255
1282,1291,0.6050825997834695
1282,1319,0.38886360174775436
1282,1324,0.4554089556078532
1282,1607,0.5039763335319873
1282,1635,0.39696459949860985
1282,1724,0.4364439875506556
1282,2159,0.3895823173410861
1284,1285,0.4478505067844927
1284,1293,0.6711821644510134
1284,1341,0.45267069180887554
1284,1782,0.3059519939796626
1284,2015,0.3940904717360287
1284,2276,0.43260603968798644
1284,3012,0.6008151158899511
1285,1293,0.46712822431602224
1285,1610,0.38965903320274203
1285,1766,0.3384137617065791
1285,1782,0.461482476932607
1285,2015,0.5220309710084832
1286,1287,0.25206739551036067
1286,1288,0.4770285836316189
1286,1347,0.37815296990753516
1286,2154,0.26857536123134984
1286,2160,0.3160379222707652
1287,1288,0.3394931746458761
1287,1301,0.6457890365383334
1287,1326,0.5837611990461807
1287,1340,0.3798384655674881
1287,2151,0.44366009688080377
1287,2154,0.5170431852647697
1288,1301,0.515520111331964
1288,1585,0.36253131416066753
1288,2037,0.5725037894492232
1288,2157,0.222939878771594
1288,2160,0.5518231063913327
1288,2205,0.3754226395287394
1288,2329,0.315971556916653
1289,2017,0.25229980858820894
1289,2149,0.3274222413281772
1290,1298,0.38282190361230034
1290,1644,0.3356812228141439
1290,2151,0.29218226237113526
1290,2163,0.6249271937002584
1290,2342,0.5136081151383884
1291,1324,0.13036237054343386
1291,1346,0.42849089614311786
1291,1355,0.37039718655198484
1291,1605,0.3984381972395884
1291,1607,0.49175960607634983
1291,1724,0.26877238403850784
1291,2159,0.6761696109097896
1291,2260,0.4318546145621435
1291,2268,0.23445958855676372
1292,1306,0.6078800378456125
1292,1627,0.3739162539611227
1292,2039,0.3986500366039098
1292,2042,0.6463731537848764
1292,2055,0.3897155278977268
1292,2059,0.382817235168226
1292,2315,0.43189125002382833
1292,2325,0.666844220415151
1292,2326,0.2591919302088644
1293,1766,0.40317696453076435
1293,1782,0.38265308181864094
1293,2069,0.45988673230534655
1293,2276,0.47894735128330446
1293,3012,0.36247242329943696
1294,1634,0.4105484874423321
1295,1338,0.463777704335594
1295,1340,0.2558174400431328
1295,1347,0.4187438465949219
1295,1574,0.4007908765599691
1295,2018,0.23723920387622716
1295,2326,0.3621576102614764
1295,2332,0.22473422253098888
1296,1335,0.5284671474468328
1296,1352,0.2972493431152133
1296,1654,0.7639641353444863
1296,2201,0.37541210667079106
1296,2212,0.3422177721361047
1297,1299,0.42516687050561935
1297,1350,0.33272097885924673
1297,2022,0.5455345665589129
1298,1335,0.3061525191795893
1298,1338,0.5420366645285923
1298,1341,0.2748671978895671
1298,1343,0.6610455004005779
1298,1352,0.33663963041478573
1298,1358,0.5396277010641559
1298,2163,0.5399308504161937
1298,2342,0.36691197952666277
1300,1634,0.2971719082339648
1300,1656,0.6108515351263593
1300,1782,0.514004360686473
1300,2017,0.42456326280818946
1300,2301,0.3338580186976348
1301,1340,0.46184973625130904
1301,2152,0.29213163319530255
1301,2154,0.35295512347803537
1301,2329,0.4312082239170346
1302,1334,0.38638686290138363
1302,1972,0.5126534520411905
1302,2343,0.5869627843897471
1303,1586,0.3769465988995735
1303,1652,0.41669519440665376
1303,1707,0.7655165139512202
1303,1881,0.3667133005836184
1303,1919,0.5127144130177449
1303,2033,0.30150343826571546
1303,2044,0.24740939354542993
1303,2101,0.44069105688828936
1303,2252,0.32524540990061745
1303,2282,0.6228346592618795
1303,2320,0.35263154530233826
1304,1321,0.545365488733643
1304,1989,0.5684914272852195
1304,2007,0.336328514008311
1304,2055,0.5253969394105996
1304,2158,0.36525299335260214
1304,2304,0.5367686578390445
1304,2326,0.25688680851970963
1305,1671,0.1941791902018621
1305,1686,0.5021136758181955
1305,1692,0.6301555480372251
1305,1701,0.6674889324028302
1305,1878,0.45355773086536105
1305,1900,0.17334491848080752
1305,1975,0.2979771485560302
1305,1976,0.17840468013841482
1305,1994,0.2725229349998492
1305,2328,0.47338004945936746
1306,1591,0.33230134800862826
1306,1593,0.3947236930876781
1306,1627,0.4060899774871057
1306,1728,0.23013614328852985
1306,2042,0.2827312515607693
1306,2059,0.5307497381802576
1306,2315,0.3366410201882401
1306,2325,0.4371524888352751
1306,2329,0.34952178958729535
1308,1535,0.45310239984773726
1308,1558,0.3612888927579178
1308,1612,0.6750468168648438
1308,1631,0.5452723067331482
1308,1697,0.4239659611520888
1308,1948,0.36546539180922016
1308,2021,0.493355613095281
1308,2322,0.3719811324440584
1309,1328,0.4135304939316494
1309,1584,0.5037021037647035
1309,1718,0.2023121570181614
1309,1855,0.3771675563925741
1309,1864,0.49085267123829046
1309,1865,0.3236671730933413
1309,2112,0.26121629273855523
1309,2116,0.2090531579243041
1309,2125,0.4998572448104895
1310,1312,0.39811751091632214
1310,1610,0.34946862022817793
1310,2039,0.5509383749254848
1310,2151,0.29522783051766055
1311,1313,0.48658183315641995
1311,1314,0.1313348083690238
1311,1317,0.5298296695906625
1311,1319,0.19446756069401053
1311,1320,0.5597441963814855
1311,1322,0.16282352602118472
1311,1323,0.5432719550170577
1311,1327,0.21971120322937543
1311,1330,0.43496695269356195
1311,1582,0.6769321605787283
1311,1613,0.24299967665937697
1311,1724,0.3700402248970898
1311,1727,0.7903962360484711
1311,1771,0.3279744733451771
1311,1781,0.44364528416317717
1311,2057,0.26286669268973617
1311,2067,0.3471966855812808
1311,2127,0.35475501059590486
1311,2156,0.34509950213973556
1311,2162,0.6858978092587074
1311,2254,0.45164830206764955
1312,1544,0.4410589848085454
1312,1655,0.5865426425125265
1312,2039,0.5885588200976849
1312,2157,0.40765455416262125
1312,2205,0.36787944117144233
1313,1314,0.520210090215473
1313,1317,0.8978725956560373
1313,1320,0.35482553860489213
1313,1322,0.5450523915312677
1313,1323,0.33172464367762944
1313,1330,0.5152237306225952
1313,1613,0.4168493545302528
1313,1865,0.39900946851304364
1313,2127,0.2813480794672618
1313,2162,0.49515073772247237
1314,1317,0.2972361396751465
1314,1319,0.3213737730298362
1314,1322,0.5866314809357658
1314,1330,0.2680758380396703
1314,1613,0.3579326624583303
1314,1724,0.23495102775574359
1314,2022,0.41353309218955586
1314,2162,0.1545158294173558
1315,1411,0.8661478215521466
1315,1477,0.622120706907558
1315,1489,0.6531298152284358
1315,1495,0.663899552646662
1315,1740,0.5605274847710272
1315,1863,0.5995935604817526
1315,1906,0.5672076373935513
1315,2619,0.40282476240668624
1315,2647,0.5394541857204932
1316,1494,0.3513855509027117
1316,1589,0.20480647843996877
1316,1595,0.4883095162539233
1316,1768,0.2004465632442774
1316,2105,0.4432363729307613
1316,2111,0.40664122748316833
1316,2120,0.4111557307418057
1316,2174,0.33809667727107723
1316,2183,0.5215562232356237
1316,2189,0.5144785898458072
1317,1320,0.37049353105746613
1317,1322,0.39885991407096416
1317,1323,0.5030424544040927
1317,1330,0.41815670813874845
1317,1613,0.3732799093511952
1317,1855,0.35960166663653487
1317,1865,0.5512779286368106
1317,2049,0.30432535641765207
1317,2125,0.36592367660755765
1317,2127,0.5018019943003947
1317,2162,0.5832439738907758
1319,1320,0.23411454057779452
1319,1324,0.8257151292395419
1319,1635,0.38666104884367436
1319,1724,0.71284741200279
1320,1582,0.6772741361562776
1320,1585,0.3087297276499552
1320,1724,0.5110746655233299
1320,1781,0.46640076462383295
1320,1892,0.3078959759504965
1320,2049,0.3098002422977534
1320,2094,0.2966023849322101
1320,2156,0.6233207559806865
1320,2162,0.6587240142825734
1321,1776,0.4995811207634056
1321,1989,0.6759896372953402
1321,2007,0.5919347693230764
1321,2035,0.5341897419067578
1321,2055,0.5567939295057713
1321,2158,0.31322175530768603
1321,2324,0.3360915684348992
1321,2326,0.3704460747136546
1322,1328,0.4050680541072887
1322,1613,0.5407852372227429
1322,1727,0.17889990084404345
1322,1865,0.36155804248621654
1322,2125,0.3730197332820477
1322,2162,0.1783288586968233
1323,1330,0.27601358162781053
1323,1344,0.46712215331048496
1323,1552,0.24092658551688245
1323,1580,0.3096778221971522
1323,1727,0.35296577368446463
1323,1732,0.3469451015322978
1323,1741,0.3336867328103454
1323,1753,0.37851674494956056
1323,1918,0.32003855389117464
1323,2049,0.4405968677679046
1323,2054,0.3397112819799442
1323,2067,0.4547790097929913
1323,2127,0.4777675662719723
1323,2162,0.350270305979085
1323,2254,0.44888834794380983
1324,1607,0.15892807512366613
1324,1635,0.33639608599788495
1324,1724,0.5872522729329626
1325,1331,0.6316216926500221
1325,1590,0.414339079106752
1325,1718,0.498965704207324
1325,1725,0.4483874722375226
1325,1851,0.3802662060824655
1325,1854,0.702389661918795
1325,1869,0.2805718004152433
1325,1884,0.28668170451968056
1325,1907,0.21765234483279677
1325,1933,0.4108155041831576
1325,2052,0.371407909879169
1325,2065,0.24971536337442565
1325,2181,0.5958315859017039
1326,1340,0.3462379667053913
1326,2015,0.6895808122765068
1326,2151,0.31559895281405614
1326,2154,0.5168763267144515
1327,1582,0.25204113787451915
1327,1622,0.3579421114374716
1327,1626,0.34890123315355426
1327,1724,0.20351871599782376
1327,1727,0.3748822332822313
1327,1771,0.532071267442036
1327,2057,0.3336988853407432
1328,1584,0.5534424792410843
1328,1865,0.2891501294195535
1328,2116,0.2111413846337194
1328,2125,0.5489615435558306
1328,2138,0.2421280654243249
1329,1593,0.41965810447781215
1329,1712,0.45825131669720187
1329,1737,0.22723165548196714
1329,1850,0.7384973882350344
1329,1858,0.38389390578310195
1329,1868,0.36775352303768266
1329,1873,0.4305561662156132
1329,1923,0.5041718795584038
1329,2031,0.3992568381647174
1329,2037,0.5337419892174635
1329,2267,0.49697664586783596
1329,2329,0.5039014362239034
1330,1344,0.4749740897041181
1330,1582,0.35016487758633025
1330,1585,0.7281447399039468
1330,1781,0.35325287654739385
1330,2022,0.30058329230844205
1330,2054,0.4935843785422251
1330,2057,0.2978033267843646
1330,2094,0.3017172586333171
1330,2162,0.38174836614146435
1331,1590,0.46404394622140305
1331,1718,0.5921174314918307
1331,1725,0.3284069277727395
1331,1851,0.33129018422528034
1331,1854,0.5844859707179966
1331,1855,0.29814876659071243
1331,1857,0.3959767924451796
1331,1860,0.42614147583548845
1331,1907,0.3361779332247963
1331,1933,0.3573813511190584
1331,2112,0.2805440319136635
1331,2116,0.528703921606178
1331,2127,0.3694219724614217
1331,2130,0.03684538924240975
1331,2132,0.3346926454052116
1331,2138,0.32765172012495175
1333,2024,0.22105507341572736
1333,2620,0.3426326613901176
1333,2809,0.3509593199489341
1333,3011,0.34585704472064
1334,1972,0.48161958520697973
1334,1978,0.34127215791211885
1335,1352,0.5419810293384453
1335,1358,0.35765857959126235
1335,1640,0.44510439633122834
1335,1654,0.34242154396779584
1336,1346,0.2901362408980093
1336,1349,0.265388880962165
1336,1552,0.5448128316676458
1336,2260,0.1865854436434319
1336,2271,0.7807780085803772
1337,1343,0.5512301378089962
1337,1357,0.3441487847288844
1337,1639,0.1787040150826906
1337,1644,0.14953498692890452
1337,1653,0.5452029810712258
1337,1664,0.348348686295735
1338,1341,0.5708100900047275
1338,1343,0.4174679683284921
1338,2163,0.44782151979118434
1338,2300,0.337301506844098
1338,2308,0.5786297004282019
1338,2332,0.3719702641959127
1338,3012,0.3125648750588997
1339,1357,0.33653060331865264
1339,1624,0.5115190801999785
1339,1661,0.48507231864720374
1339,2030,0.39083429677967924
1340,1345,0.43872283263964773
1340,1355,0.4907673981832273
1340,1594,0.5578322328010468
1340,2152,0.35843495589115654
1340,2154,0.7132723655602102
1341,1356,0.3720744827907854
1341,2163,0.4174604968021799
1341,2300,0.5468035141344356
1341,2308,0.3676797114233741
1341,3012,0.5948114373417944
1343,1352,0.46067482237340723
1343,1358,0.34447504897768977
1343,1653,0.28796625625051414
1343,2308,0.5015757113429445
1344,1552,0.6258031895056709
1344,1918,0.22757782959074063
1344,2049,0.3257799560543984
1344,2054,0.7570187906045213
1344,2067,0.28478375461294275
1344,2094,0.518207524117773
1344,2156,0.28321099110729653
1344,2160,0.36787944117144233
1344,2271,0.40281541092951606
1345,1346,0.6540528868075965
1345,1350,0.3448876874155949
1345,1355,0.3779144376404614
1345,1358,0.5837760622583871
1345,1605,0.4558579826905151
1345,2154,0.4440416049619521
1345,2159,0.5355278187932382
1345,2260,0.37858148791402224
1346,1350,0.33379950786902995
1346,1605,0.5731122328443755
1346,1892,0.3684425021097137
1346,2094,0.35078212167138945
1346,2152,0.6522253240881556
1346,2156,0.5004028619604818
1346,2159,0.409214620275102
1346,2260,0.7998844558804368
1346,2268,0.22387303402772454
1346,2271,0.331184249173958
1347,1546,0.2780890645531832
1347,1574,0.47128446457055473
1347,1594,0.2241977382861458
1347,1715,0.5212091220689831
1347,2326,0.19019366902756346
1348,1545,0.6514151519720668
1348,1547,0.41301620871834976
1348,1551,0.4992984681104779
1348,1573,0.313280939140597
1348,1635,0.21666521947023729
1348,1657,0.3555164698973712
1348,1680,0.4484697875074289
1348,1746,0.5449514749616237
1348,1892,0.32372305452711614
1348,1918,0.28841340611827776
1348,2197,0.3746915884617342
1348,2207,0.5753437911307098
1348,2254,0.34648130264730254
1349,1722,0.4040331297564424
1349,1741,0.389564318367766
1349,1892,0.3745012319042648
1349,2049,0.3637984145488045
1349,2058,0.32093047437813255
1349,2207,0.4253255411257131
1349,2213,0.5463607514949868
1350,1552,0.3859702328018082
1350,2260,0.2129038949103611
1350,2268,0.6208559277925308
1350,2271,0.2868428207197102
1351,1566,0.2567387485304572
1351,1642,0.6798241306226974
1351,1663,0.31523267117723486
1351,2076,0.5048586231317879
1352,1358,0.25092173008574664
1352,1640,0.4896135980261217
1352,1654,0.3795889876056805
1352,1655,0.3386697928163947
1352,2342,0.3149530579644117
1353,1421,0.3556936118473798
1353,1561,0.3635317372752666
1353,1564,0.3723823270766086
1353,1567,0.4447931627314182
1353,1689,0.600928615518984
1353,1743,0.3612271320759108
1353,1784,0.4950483591564107
1353,1896,0.3984042969363825
1353,1926,0.4515677878287557
1353,1935,0.3315087322040161
1353,2061,0.35737056404477496
1353,2091,0.3408872785342962
1353,2198,0.30319275154001896
1353,2262,0.2955228744906851
1355,1606,0.408897340415429
1355,2159,0.46482192304016223
1356,1533,0.5961906572018066
1356,1565,0.34739096002162406
1356,1621,0.30149493933248694
1356,1624,0.4060347386482057
1356,1693,0.3981528566007034
1356,2017,0.39445948249369767
1356,2030,0.4058156429611121
1356,2300,0.38767552351024237
1356,3012,0.32241649931337096
1357,1533,0.3629963533551517
1357,1639,0.4551129507914262
1357,1653,0.8395949962562415
1357,1661,0.3571392405617309
1357,1663,0.4627526279071672
1358,2154,0.3776502478765644
1358,2308,0.3176289857020049
1392,1404,0.3546448707800108
1392,1406,0.3842231906307757
1392,1478,0.4044325540565779
1392,1671,0.5830691808650394
1392,1679,0.34744219546511257
1392,1885,0.604263005723258
1392,1899,0.4038333979584672
1392,2148,0.5032874219337914
1392,2234,0.7245678199666274
1392,2316,0.35685348913281034
1393,1394,0.3703207643841677
1393,1401,0.2714050190597489
1393,1405,0.4161016420802926
1393,1478,0.318429698273158
1393,1486,0.5749425328784268
1393,1504,0.5729647687320717
1393,1549,0.4585433430995142
1393,2177,0.4089915821537249
1393,2231,0.6971222512698629
1394,1401,0.8724312540316858
1394,1405,0.2991135295919555
1394,1504,0.5053078732147297
1394,1510,0.24412547528334036
1394,1518,0.5232103768082724
1394,1549,0.24639971469126504
1394,2165,0.34299614677450047
1394,2334,0.5481499486577701
1394,2593,0.5986700285464887
1394,2813,0.40321657460682064
1395,2363,0.2543174276210483
1395,2371,0.5177209734529029
1395,2391,0.26450714478813664
1395,2398,0.26302807733530725
1395,2430,0.1876290753099427
1395,2431,0.38491425360023007
1395,2432,0.337039631325104
1395,2445,0.2825159222535321
1395,2446,0.2216362207368622
1395,2449,0.5911404911193592
1395,2498,0.3573581685429911
1395,2500,0.2638376447538679
1396,1397,0.4263760669141141
1396,1398,0.1960166146053317
1396,1400,0.32828065239659954
1396,1408,0.5768090709034213
1396,1410,0.3512347161542771
1396,1446,0.2626504562429383
1396,1447,0.3070274112395452
1396,1480,0.5020987243432571
1396,1490,0.3166183934949176
1396,1491,0.5625230550330838
1396,1496,0.348609679141171
1396,1501,0.6064037520073603
1396,1877,0.3447709998541705
1396,1890,0.3879180637825578
1396,2063,0.3932844028995762
1396,2337,0.4478973834527437
1396,2595,0.7289970296157183
1396,2644,0.35077057503123
1396,2648,0.4027651687712245
1396,2808,0.32732359567215974
1397,1408,0.45551073280270066
1397,1409,0.5096542733265782
1397,1446,0.30260817761920067
1397,1464,0.5832839529343895
1397,1480,0.5118629670360417
1397,1481,0.42948187370857965
1397,1496,0.3195724519789262
1397,1501,0.5603368028344647
1397,1877,0.41344203051795697
1397,1890,0.42888517609026594
1397,2393,0.3820308917463016
1397,2403,0.5287807457576188
1397,2644,0.44168728880824704
1397,2646,0.3951078206673679
1397,2808,0.32767457916460074
1398,1399,0.3898079759364868
1398,1408,0.260214934908808
1398,1507,0.7048791806751712
1398,1508,0.2906398584750548
1398,1509,0.346586444869707
1398,1877,0.3926749654273764
1398,2217,0.3926862882322775
1398,2222,0.6850962075619476
1398,2224,0.515387974237243
1398,2227,0.5411147351011097
1398,2228,0.5444034047745796
1398,2236,0.36247476404360907
1398,2243,0.36228484485696294
1398,2337,0.46318476535587977
1398,2652,0.19911318906776226
1398,2879,0.3199348164788652
1398,2882,0.3893384712023469
1399,1407,0.24694288835346592
1399,1509,0.27911329252189854
1399,1672,0.4863751808710923
1399,2005,0.1410823436472331
1399,2010,0.25664095400165154
1399,2288,0.3183378633833616
1399,2320,0.26107601596001984
1399,2335,0.3709331641504485
1400,1403,0.5241928318562677
1400,1408,0.45709472619423913
1400,1447,0.3316596052261308
1400,1454,0.36027701922730543
1400,1463,0.33830550341611293
1400,1480,0.6095412032315319
1400,1490,0.4293398849275767
1400,1881,0.3672166394173
1400,2169,0.5810805153206174
1400,2395,0.4580515878034549
1400,2595,0.6036008156109229
1400,2652,0.4243142413828834
1400,3009,0.4242964152989227
1401,1406,0.3542421200117764
1401,1504,0.48990459704161304
1401,1510,0.2091249931061337
1401,1518,0.3904834871199502
1401,2019,0.41543807203034055
1401,2334,0.3468779659869503
1401,2336,0.49659754081876395
1401,2593,0.4947943280533454
1401,2813,0.40116378699904004
1402,1445,0.44455611945485346
1402,1468,0.5113377224864708
1402,1472,0.35336268843075774
1402,1484,0.2990833990233714
1402,2393,0.35864312787198216
1402,2403,0.43344523569824145
1402,2410,0.47956072082147533
1402,2422,0.7040221992826831
1402,2649,0.18076906794423492
1402,3013,0.4409618268547104
1403,1408,0.35783052705992846
1403,1410,0.2406326436190972
1403,1447,0.5019568155680205
1403,1454,0.5175498685035149
1403,1480,0.2641909624599338
1403,1586,0.27958701412123
1403,1652,0.4072496131625342
1403,1881,0.5313874770890572
1403,2595,0.3968429029126323
1403,2652,0.36355756937288375
1404,1413,0.6962305692926626
1404,1629,0.44019424987564604
1404,1778,0.5093905595096104
1404,2019,0.4815775033311024
1404,2060,0.31031428097967684
1404,2333,0.6295502296886417
1404,2336,0.4346392209290882
1405,1477,0.2939263123407718
1405,1486,0.635711222665909
1405,1489,0.24036449073796304
1405,1504,0.33283917534045965
1405,1936,0.7754254429688422
1405,2124,0.4127252077468223
1405,2177,0.2848579591241881
1405,2598,0.37853880992250993
1405,2601,0.35802340777444114
1406,1510,0.4587867045607139
1406,1709,0.3004071825919029
1406,2001,0.3979153940469223
1406,2148,0.3471864301023092
1406,2336,0.34229291298005043
1407,1473,0.34903794335924354
1407,1509,0.49636274904581895
1407,1674,0.44295000163697257
1407,1704,0.2523236088032215
1407,1875,0.3832707744428638
1407,1876,0.45453599529214395
1407,1993,0.32565763567606104
1407,1999,0.46992758068835155
1407,2010,0.6043217290745709
1407,2227,0.36304741721803674
1407,2232,0.28045142282977076
1407,2288,0.3112638602877036
1408,1409,0.4528074164382926
1408,1410,0.47873459043104155
1408,1480,0.6409457386546411
1408,1496,0.2960767303697609
1408,1877,0.48641375620516814
1408,1890,0.6002401278163414
1408,2044,0.2907937338972803
1408,2595,0.7556252560429942
1408,2808,0.2838140348873562
1409,1464,0.41747632542430335
1409,1480,0.32786955877863566
1409,1481,0.38020020074392985
1409,1845,0.38619485161806216
1409,1877,0.329209372925865
1409,1890,0.3861228524025649
1409,2044,0.13990890980094547
1409,2164,0.18202716763275048
1409,2595,0.22188311157732138
1409,2646,0.2686315709880441
1410,1447,0.32527474780692006
1410,1480,0.5489163229882852
1410,1492,0.5114737793362037
1410,1496,0.7374828962051214
1410,1600,0.43110940820036825
1410,1652,0.650625293294441
1410,1726,0.45799167710667144
1410,1758,0.44428972106282716
1410,1877,0.29484493778131077
1410,1881,0.3882128156469057
1410,2033,0.5273976148642582
1410,2044,0.6605882256636967
1410,2164,0.38553064238284984
1410,2337,0.23525463500815996
1410,2595,0.41291035112185465
1410,2644,0.3559445998222155
1410,2652,0.5794616770218688
1410,2808,0.6297979748556856
1411,1477,0.40130026844077105
1411,1489,0.7140338668167397
1411,1495,0.4643870367202172
1411,1740,0.4108386482288385
1411,1863,0.4541386372752947
1411,1906,0.5117412163784979
1411,2047,0.4512380363334088
1411,2619,0.3750322727417053
1411,2647,0.4446356239015944
1412,1417,0.8291088569190624
1412,1426,0.46657720851163204
1412,1428,0.4073233141864961
1412,1870,0.6572320151132807
1412,1872,0.391827832190017
1412,1928,0.29124590668557465
1412,1933,0.33054326345177115
1412,2082,0.43668809299804257
1412,2085,0.4366411567046777
1412,2095,0.42982541868321206
1412,2098,0.5457767800526155
1412,2175,0.2861853138047656
1412,2185,0.43387216722877087
1412,2265,0.26082959427139124
1413,1592,0.33917849873433603
1413,1679,0.5638926053326927
1413,1700,0.38586930341131487
1413,1709,0.4255652895568195
1413,1778,0.5663224874698812
1413,1880,0.36692535989341885
1413,1885,0.2874655536672869
1413,1934,0.4139166284204945
1413,2062,0.3786148544867938
1413,2168,0.3620407587035398
1413,2173,0.2937439959590113
1413,2333,0.38531650889025315
1414,1532,0.3287930147071481
1414,1611,0.7490337376023508
1414,1631,0.47811884116056413
1414,1697,0.40211431798346625
1414,1703,0.47324198941286666
1414,1769,0.5334256792780389
1414,1904,0.4525789283286652
1414,1930,0.5810098511662402
1414,1941,0.40293385174316154
1414,1944,0.5639802288899739
1414,1948,0.6256535229314685
1414,2322,0.4920747773869649
1415,1417,0.39688073782425587
1415,1419,0.3945044954773444
1415,1423,0.4669886589408304
1415,1580,0.3655791737624028
1415,1773,0.5741590298578574
1415,1856,0.32584757957430893
1415,1860,0.33559302878390784
1415,1862,0.33970978055036327
1415,1907,0.6199146885627999
1415,1928,0.34617387937755856
1415,2068,0.4498638595294442
1415,2098,0.49357291333760517
1415,2175,0.3859997275379256
1416,1423,0.44683690014038224
1416,1537,0.40095720554415637
1416,1593,0.6554075364337067
1416,1702,0.32951995260334377
1416,1775,0.29435032575908365
1416,1853,0.3374774554585746
1416,2128,0.532748072122213
1417,1426,0.37275173482679586
1417,1870,0.4202241913658845
1417,1872,0.3497026595345239
1417,1928,0.3885825159941312
1417,2085,0.5765157023669082
1417,2095,0.3378078336237877
1417,2098,0.8410700427683969
1417,2140,0.32662418037857194
1417,2175,0.5980475862701046
1417,2185,0.47681757774120453
1419,1681,0.6566971632436295
1419,1714,0.5468417405591964
1419,1762,0.3793589376421009
1419,1856,0.42411540016560884
1419,2080,0.3898344561981535
1419,2087,0.4035919534918251
1419,2089,0.42057946630672377
1419,2117,0.3880650015127582
1419,2142,0.43328673034882204
1420,1423,0.38508169979269125
1420,1580,0.4279560925252232
1420,1680,0.3489147932880661
1420,1702,0.4054148512509807
1420,1722,0.5773446109922307
1420,1732,0.8708562756112249
1420,1753,0.6943337101719489
1420,1773,0.4762319891929685
1420,1892,0.34113530841027634
1420,1896,0.5490446923677867
1420,1908,0.43263225392777316
1420,1918,0.4417686876468845
1420,2049,0.29588222286387705
1420,2058,0.2984128815671178
1420,2255,0.39780475045930996
1420,2256,0.4684893057687409
1421,1548,0.5158482629366504
1421,1678,0.40636395037414325
1421,1754,0.25847696704624784
1421,1784,0.539388339074462
1421,1887,0.531049290650425
1421,1915,0.5786793266903686
1421,1926,0.6503246939004474
1421,2196,0.2915828015268215
1421,2198,0.4287343102848364
1421,2204,0.2794608556703714
1421,2206,0.49043048316337146
1422,1427,0.3848512867671545
1422,1558,0.33936738394321686
1422,1697,0.36851940863584853
1422,1769,0.44911845692080804
1422,1912,0.6317733841763555
1422,2043,0.5992447616293866
1422,2113,0.44501725124427005
1422,2264,0.3557415667985239
1423,1580,0.5619130647616125
1423,1593,0.36268374394739333
1423,1702,0.7027574163538745
1423,1773,0.7769652225351429
1423,1853,0.6318013931087828
1423,1856,0.400556074277878
1423,1862,0.4678058777369495
1423,1868,0.3339950068163093
1423,2128,0.3628496990543271
1423,2129,0.3986926378167487
1423,2175,0.35230522097325023
1425,1596,0.4567662423524873
1425,1785,0.5723400848562334
1425,1942,0.46124086199611386
1425,2117,0.28225227081930354
1425,2120,0.4987281572947906
1425,2171,0.3892428111643576
1425,2183,0.4634534737626069
1425,2187,0.30140236422705163
1425,2264,0.373045223615618
1426,1428,0.48214429122923014
1426,1714,0.5552234521385426
1426,1762,0.42909172026166226
1426,1870,0.3478399419827361
1426,1872,0.3509555446226029
1426,2068,0.4183447396435195
1426,2082,0.5627461332664524
1426,2089,0.43553957575628344
1426,2110,0.3716618164500871
1426,2133,0.38201574650794956
1426,2137,0.5250278420063014
1426,2143,0.14330454615326957
1426,2182,0.29788258169959136
1426,2185,0.47537157252704054
1426,2265,0.3721206146196772
1427,1554,0.35494103395124543
1427,1719,0.8423678986393646
1427,1752,0.39094540167876973
1427,1785,0.3792264664826388
1427,1859,0.21497992282727252
1427,1912,0.3771216173067651
1427,1951,0.39226159783140163
1427,2093,0.24383011504819266
1427,2105,0.37105296538874083
1427,2111,0.3743929896177168
1427,2113,0.5307905538590664
1428,1714,0.38015285101904656
1428,1738,0.23480044399857897
1428,1761,0.29974889319531334
1428,1762,0.4542113469139952
1428,1872,0.29722158415055305
1428,1916,0.2503914395863155
1428,1924,0.49359212276719544
1428,2089,0.3918917311918709
1429,1564,0.34494202520240036
1429,1587,0.40880340507266727
1429,1591,0.5543135139350498
1429,1690,0.519298333687226
1429,1747,0.5008776533511321
1429,1897,0.3930829212056826
1429,1929,0.276005253072017
1429,2043,0.48803333443773406
1429,2053,0.4216043325063907
1429,2087,0.3507242629045097
1429,2184,0.36908181723844885
1429,2255,0.47579741808846865
1429,2259,0.41080160548908035
1429,2264,0.4332474301160986
1430,1957,0.35534733192113255
1430,2221,0.3397540188498477
1430,2238,0.43510915086670576
1430,2348,0.3936628836376078
1430,2349,0.19862495690910853
1431,1438,0.8170410132134837
1431,1682,0.3928061937709052
1431,2341,0.259787231202229
1431,2872,0.43819585876087824
1438,1956,0.40902034513844915
1438,2341,0.31581862936688115
1438,2872,0.39201678396237066
1439,1443,0.7502185865253103
1439,1448,0.3834990375603632
1439,1456,0.6009633126606561
1439,1465,0.5784377678984789
1439,1620,0.3410864276667726
1439,2210,0.40105705161372346
1439,2402,0.37498190765578604
1439,2407,0.36239532048806444
1439,2408,0.39345517232629784
1439,2409,0.6257943404922736
1439,2445,0.550417705317199
1439,2446,0.36356680204445513
1439,2449,0.400279601658954
1439,2504,0.3763459125874688
1439,2570,0.5110092031598449
1440,1447,0.3149830283748195
1440,1490,0.27839425889391534
1440,1491,0.3237682728352334
1440,2063,0.2431544041216362
1440,2119,0.6118387470764527
1440,2395,0.7087596845803775
1440,2591,0.2911232127894837
1440,2595,0.32285520745246565
1440,2596,0.27613733214616576
1440,2648,0.6067661687340942
1443,1448,0.5342030353948629
1443,1461,0.434712770081149
1443,1465,0.8012970298817845
1443,1620,0.3138901697142582
1443,2210,0.422578722242851
1443,2391,0.3388755161952978
1443,2409,0.4488778303851165
1443,2445,0.40537644480506785
1443,2449,0.37952680307707565
1443,2472,0.4462807720064994
1443,2504,0.6316626190123162
1443,2552,0.3684347087642311
1443,2570,0.6986695473450171
1443,2586,0.33205719141237783
1443,2814,0.3742335726412923
1444,1459,0.5055411106253513
1444,1467,0.5735918018557674
1444,2363,0.4958502918253559
1444,2371,0.378309531703555
1444,2412,0.6149833986966168
1444,2446,0.5024334797153734
1444,2447,0.7036714514968267
1444,2454,0.2778517718330091
1444,2483,0.2525021728865362
1444,2496,0.35405153155000413
1444,2501,0.4258345140857356
1444,2516,0.49836876219342235
1444,2524,0.38495573192464866
1444,2538,0.27940459898532144
1444,2590,0.21208371546403781
1444,2600,0.20385547451895464
1444,2651,0.6159384245287959
1445,1453,0.30512217523268653
1445,1461,0.3172410100590291
1445,1468,0.6384277243704511
1445,1472,0.32236518222474714
1445,1500,0.3463935672164311
1445,2409,0.4476539109700394
1445,2465,0.4069674516269356
1445,2478,0.29883455456197666
1445,2504,0.47259376308131334
1445,2604,0.3898525337196586
1445,2606,0.31719746882416894
1445,2649,0.31005831567718667
1445,2814,0.5791181100912728
1446,1461,0.37216265358338846
1446,1464,0.6034382093751026
1446,1481,0.571162397878206
1446,1500,0.379287518343774
1446,1501,0.4011922675210915
1446,1877,0.4260905423398112
1446,2217,0.2781798965191285
1446,2393,0.36657042204695744
1446,2478,0.29693667293208115
1446,2588,0.3496750271770868
1446,2649,0.20494288764275861
1446,2879,0.36730032701260723
1447,1454,0.603597607234346
1447,1490,0.6549628919331549
1447,1492,0.362873873667292
1447,1652,0.357068550065659
1447,1881,0.40466622219871345
1447,1905,0.43799101043103533
1447,2224,0.3852950039456316
1447,2595,0.4914737767455306
1447,2652,0.6226568529332238
1448,1456,0.37829575251187775
1448,1465,0.6695621983982993
1448,2391,0.3325123548588154
1448,2416,0.33666223571769305
1448,2446,0.48510961446809947
1448,2469,0.3121343598154067
1448,2491,0.6374411158164575
1448,2492,0.5130759394862524
1448,2493,0.6855568368570141
1448,2504,0.4355219624524756
1448,2552,0.39405662472524944
1448,2587,0.37505743935288594
1448,2590,0.3398699665408891
1449,1700,0.4300824544329703
1449,1879,0.36281916344769594
1449,2002,0.5489539770465423
1449,2019,0.5061578260380031
1449,2062,0.5897599203569621
1449,2070,0.34668055344245335
1449,2230,0.17373662063259857
1453,1468,0.2981054110015612
1453,1500,0.23286126097154042
1453,2362,0.6325663320158579
1453,2411,0.7846880002463498
1453,2587,0.5890855775395843
1453,2597,0.5884067860146901
1453,2602,0.24510315848808675
1453,2604,0.4951921777491662
1453,2606,0.5013067794111166
1453,2876,0.6026799566194296
1453,2881,0.5356564901354748
1454,1463,0.5670184455572911
1454,1490,0.5832633212366406
1454,1495,0.4260830116798109
1454,1586,0.3984564383000223
1454,1652,0.461648685831527
1454,1881,0.6638323789904795
1454,1905,0.46831629590400614
1454,1906,0.5325741174418661
1454,2227,0.36536867216528146
1454,2652,0.6115636607135054
1456,1465,0.3575851747852506
1456,2383,0.2659261803991868
1456,2398,0.4335626959053928
1456,2402,0.6138291534356756
1456,2407,0.5533238475293278
1456,2445,0.36787944117144233
1456,2446,0.5750134252605011
1456,2473,0.27123472565456813
1456,2483,0.33188286966669667
1457,1459,0.6487040890596787
1457,1467,0.28961014003613805
1457,1493,0.4997038835315673
1457,2501,0.2766840297853031
1457,2524,0.6777321668338152
1457,2550,0.13828589864425847
1457,2553,0.17820748480351153
1457,2555,0.12421498081848956
1457,2565,0.2011339525457526
1457,2568,0.3318952012443525
1457,2576,0.1226830453157167
1457,2585,0.20521610786504177
1457,2600,0.32695321005850575
1459,1467,0.5376672236008327
1459,1493,0.49435301415520577
1459,2370,0.2021766153955125
1459,2371,0.4241124026720125
1459,2412,0.6227814754193175
1459,2447,0.6427685591237975
1459,2501,0.3641195535505895
1459,2524,0.9434040337283198
1459,2568,0.412640073568601
1459,2585,0.18309375322899668
1459,2592,0.3672331235340219
1459,2600,0.3174249151090662
1459,2651,0.4440971543018126
1461,1464,0.33605473696370697
1461,1468,0.34988153091281354
1461,1481,0.3998739089269311
1461,1500,0.4191780768167767
1461,1620,0.3467920858790875
1461,1783,0.4789159722681723
1461,2392,0.3657424938337805
1461,2409,0.35039369308384405
1461,2465,0.4592506717589935
1461,2472,0.47457012045271535
1461,2478,0.8894963909060108
1461,2492,0.3390856925433089
1461,2493,0.3647974826829461
1461,2504,0.5275636249032299
1461,2586,0.6649346352688715
1461,2588,0.7935702997560388
1461,2646,0.2862456356127045
1461,2649,0.4630392820733741
1461,2814,0.7489515684119425
1463,1490,0.5425054035839748
1463,1495,0.7629352250137366
1463,1876,0.4797324295714038
1463,1905,0.5381401822195625
1463,1906,0.7423942873572965
1463,2169,0.510174328222145
1463,2334,0.36787944117144233
1463,2813,0.36047451696102695
1464,1481,0.9385894926802605
1464,1501,0.4299725138978493
1464,1877,0.639366674513774
1464,2393,0.33372039384294017
1464,2478,0.315087049136305
1464,2646,0.5029771664119461
1464,2649,0.24162192892981857
1464,2808,0.2558103858818518
1465,1467,0.3761252990320349
1465,2391,0.6025375669885541
1465,2409,0.28294975651619675
1465,2445,0.340330682736749
1465,2446,0.5447582372691704
1465,2449,0.3623126052908978
1465,2491,0.5802736973407392
1465,2492,0.4365764144739027
1465,2493,0.38351815610600637
1465,2498,0.48019033076934264
1465,2500,0.4792269255654289
1465,2504,0.581908798169434
1465,2552,0.5175020895567729
1465,2570,0.6522480589433085
1465,2651,0.3040812947395838
1467,1493,0.45863441795018955
1467,2371,0.4197279395191155
1467,2412,0.37947333780478754
1467,2446,0.4595752462618393
1467,2447,0.3458456578436353
1467,2491,0.3887637896465664
1467,2498,0.36099353060299183
1467,2500,0.43273304504428073
1467,2501,0.37885958011448423
1467,2516,0.27124555230894026
1467,2524,0.4860247535785479
1467,2590,0.32326607797964824
1467,2592,0.42994732374243705
1467,2600,0.3714032276333963
1467,2651,0.811815833251718
1468,1472,0.46765377499941707
1468,1484,0.34764515215526826
1468,1500,0.6781884369423499
1468,2393,0.37162257238285973
1468,2403,0.5696076801141284
1468,2410,0.3234141716784416
1468,2411,0.1795859333738025
1468,2422,0.44320421303240254
1468,2465,0.34839248251798866
1468,2478,0.3830371984019756
1468,2588,0.3715340454163166
1468,2597,0.3486178092044702
1468,2649,0.5955762846847872
1468,2814,0.5251215645102203
1468,3013,0.6487724451686515
1472,1500,0.3833682839568387
1472,2312,0.5858873090935584
1472,2392,0.29258063907902654
1472,2393,0.39181039162058195
1472,2403,0.6952198075646873
1472,2422,0.6838799500495909
1472,2478,0.4498851353526146
1472,2547,0.42239841042104037
1472,2571,0.34166662298440337
1472,2588,0.3621041668458656
1472,2644,0.5711244473984068
1472,2646,0.2905332181471076
1472,2649,0.6709025025635632
1472,2814,0.4447663396102603
1472,3013,0.5489243386170043
1473,1474,0.25678841060501756
1473,1483,0.463288912346639
1473,1511,0.5317267994927042
1473,1518,0.41228948973097135
1473,1519,0.38015279281939307
1473,1521,0.3162306284863975
1473,1704,0.36732895653229986
1473,1875,0.32016075528969123
1473,1876,0.5300801322212121
1473,2165,0.2970441349822566
1473,2186,0.3275693800946427
1473,2188,0.33066050756503135
1473,2223,0.31131963488250924
1473,2334,0.5868191806123021
1473,2593,0.38912606719088916
1474,1483,0.4658420546197801
1474,1549,0.5480204769960872
1474,1704,0.2894227479630339
1474,1899,0.33427941266195843
1474,2002,0.24326485344531473
1474,2186,0.15695035078701838
1474,2223,0.2332249226669961
1474,2593,0.22781110231168136
1475,2429,0.30276189650351315
1475,2454,0.3478350033761748
1475,2462,0.5633186246118722
1475,2470,0.3788296172449666
1475,2475,0.37075602165013843
1475,2482,0.4185761495906015
1475,2487,0.657781193679133
1475,2502,0.699210876399735
1475,2512,0.5157166645195278
1475,2520,0.3965598326096872
1475,2528,0.5872922018063832
1475,2531,0.3973585771499895
1475,2551,0.44975774257300244
1475,2555,0.7360644929527014
1475,2560,0.4162781242460275
1475,2565,0.2705090307938518
1475,2576,0.4523886513858241
1475,2581,0.3723564932352859
1477,1489,0.5138198899851784
1477,1495,0.6231060202500837
1477,1740,0.4003769066520522
1477,1863,0.45848737649647353
1477,1906,0.3939116126229085
1477,1936,0.410124931019951
1477,2607,0.20614172433210046
1477,2619,0.3810404809363516
1477,2647,0.6860721168490345
1478,1486,0.3150972431484511
1478,1504,0.5609688085950738
1478,1708,0.7375389943353516
1478,1861,0.3003656641471019
1478,1885,0.5227270375855608
1478,1893,0.3448882982957697
1478,2108,0.3988707567545397
1478,2124,0.32000912649209884
1478,2177,0.520078522797472
1478,2189,0.3922315508600133
1480,1491,0.3378463290313483
1480,1496,0.4118659644825
1480,1726,0.33351554590759247
1480,1758,0.45621567730954576
1480,1890,0.291849692457679
1480,2044,0.30124910833891466
1480,2063,0.40020936605060725
1480,2101,0.30299198171798186
1480,2119,0.17982816513693312
1480,2169,0.2635022829350337
1480,2395,0.2727241372366766
1480,2595,0.6556611956216816
1480,2644,0.33833617241870123
1480,3009,0.37639315534517237
1481,1877,0.536930267574862
1481,2392,0.32832204345048
1481,2393,0.3176600888564148
1481,2478,0.34332500556394924
1481,2586,0.3332258047883753
1481,2588,0.2974304845291753
1481,2646,0.5462094882984361
1483,1876,0.232714434886765
1483,1982,0.27930315139848344
1483,2169,0.20895135653831304
1483,2186,0.16776949703282182
1483,2188,0.22264543197340536
1483,2334,0.1606787104672267
1483,2593,0.2847347056139364
1484,1491,0.6135923832119884
1484,1500,0.2999055377773347
1484,1501,0.3254769046470801
1484,2063,0.5305182901538397
1484,2597,0.4026668081460025
1484,2644,0.3442620382144386
1484,2648,0.5141878772997039
1484,3013,0.6878640005493504
1486,1504,0.45231383731376096
1486,1742,0.3362109771549983
1486,1893,0.29378173857192225
1486,1936,0.4413485503991301
1486,2108,0.2752105521937529
1486,2124,0.3875344284131694
1486,2177,0.6916773492848713
1486,2231,0.40136264021848417
1486,2598,0.3859870285707865
1488,1506,0.36094587039172316
1488,1620,0.6250348761673216
1488,1665,0.4008798411440337
1488,1783,0.6445831963186599
1488,2210,0.44415795288371634
1488,2312,0.6579792617944574
1488,2392,0.3623951818914669
1488,2478,0.3764015852310045
1488,2547,0.2905473640249077
1488,2588,0.3575958102733426
1488,2649,0.3253328288264073
1489,1495,0.39234581841106303
1489,1740,0.5295995764110398
1489,1863,0.36658088563420876
1489,1906,0.39633913539552407
1489,1936,0.21988923105909064
1489,2047,0.5599616405908007
1489,2619,0.7310885315099872
1489,2647,0.4573637357447579
1489,2884,0.35624208096602406
1490,1491,0.4706373054002741
1490,1492,0.38022100228279143
1490,1881,0.35077505527924646
1490,1905,0.7759934081577337
1490,2063,0.4514031713567317
1490,2169,0.3486023853240704
1490,2224,0.30165915105342267
1490,2337,0.3743214431923034
1490,2595,0.3735880610032772
1490,2652,0.6419301518508505
1491,1492,0.39948984153974343
1491,1501,0.38572572360317453
1491,1905,0.28034584022564635
1491,2063,0.854281321194984
1491,2119,0.2083695829765822
1491,2395,0.2988626829355524
1491,2595,0.4295095703476899
1491,2648,0.6047726166432141
1491,3013,0.33210118149969936
1492,1496,0.6218283340677709
1492,1652,0.3854859357747226
1492,1905,0.32347086792381297
1492,2033,0.3818944554921455
1492,2063,0.5607781845836117
1492,2337,0.39291315326080667
1492,2644,0.4217509661105769
1492,2652,0.564717422073624
1492,2808,0.47858366270177727
1493,2371,0.45893345469532526
1493,2412,0.29521620737439785
1493,2437,0.3368826590079931
1493,2500,0.13514162340915328
1493,2524,0.56734240920155
1493,2552,0.29317285003834126
1493,2592,0.5924155543652756
1493,2600,0.3465090429083314
1493,2651,0.39568468130110845
1494,1520,0.3322649662424785
1494,1589,0.4059637956748282
1494,1596,0.4354302054093249
1494,1710,0.436196937655064
1494,1731,0.6380125810124465
1494,1768,0.24123717055154373
1494,2111,0.43002537445925443
1494,2120,0.6047474519202748
1494,2171,0.5463385254829759
1494,2180,0.36402779774439664
1494,2189,0.42726014062269513
1494,2327,0.44646747456376984
1495,1740,0.3554739854726929
1495,1863,0.36309908774965716
1495,1905,0.3142241445282338
1495,1906,0.8434063445438378
1495,2647,0.3581019165939214
1496,1501,0.405884332043697
1496,1560,0.509379784677423
1496,1600,0.3368095973153885
1496,1652,0.40518771688266464
1496,1758,0.3008546718316809
1496,1877,0.3621453059998382
1496,1952,0.40903121465606596
1496,2033,0.4922079198655599
1496,2044,0.6465020172014605
1496,2164,0.630440442956795
1496,2228,0.21684510666240558
1496,2337,0.3978580658157278
1496,2644,0.43025696101355715
1496,2652,0.43095167366224485
1496,2808,0.9453737277632881
1500,1501,0.6620075942460104
1500,2312,0.3740834982915192
1500,2403,0.45593951559566626
1500,2465,0.6009965313243484
1500,2478,0.4865883794436333
1500,2588,0.5231200252359999
1500,2597,0.3157472534487477
1500,2649,0.7904294500009795
1500,2814,0.5314197270112608
1500,3013,0.5517732847454886
1501,1877,0.36231952985964466
1501,2337,0.4504468789007195
1501,2403,0.4239550753119229
1501,2597,0.3298348748045813
1501,2644,0.4876658551478057
1501,2649,0.4745354930426081
1501,2808,0.4333124773434411
1501,3013,0.4660734244570514
1504,1708,0.34417823162295474
1504,1885,0.317904440311836
1504,1899,0.29251276126404274
1504,2019,0.35628311291837117
1504,2124,0.26113405856747723
1504,2177,0.6353031923927606
1504,2231,0.4970618827150436
1506,1665,0.4058269847572649
1506,1783,0.36067665275483574
1506,2004,0.43745077030776613
1506,2193,0.8302132346214369
1506,2217,0.33980631783231907
1506,2220,0.46221818226367833
1506,2243,0.5819966370922144
1506,2281,0.42618771990077314
1507,1508,0.4445809615837341
1507,1877,0.2016469609648514
1507,2217,0.6194672107898731
1507,2218,0.3816796649145449
1507,2222,0.5865172605828735
1507,2224,0.41326391496534176
1507,2227,0.2299532707410849
1507,2228,0.2914663010645376
1507,2236,0.34877244522019246
1507,2243,0.42028322614223707
1507,2879,0.42549652450223774
1508,1509,0.22675787101840358
1508,1704,0.34503618885862924
1508,2218,0.47921554917867004
1508,2236,0.562546914383489
1508,2241,0.5530871410575837
1508,2245,0.48684900211917204
1508,2248,0.42291019933675583
1508,2879,0.5697043319480474
1508,2882,0.5922415129458192
1509,1672,0.3172357057762774
1509,1673,0.5437132746328308
1509,1704,0.4224211600367934
1509,1999,0.5259855774555728
1509,2010,0.4035686841967242
1509,2040,0.2503820983044187
1509,2218,0.3636503731625463
1509,2222,0.35140157190726473
1509,2223,0.46756355047174564
1509,2225,0.36348006236879193
1509,2229,0.5125489166957494
1509,2232,0.4742033201061443
1509,2233,0.33289874141736975
1509,2236,0.508639831257873
1509,2241,0.4319277686915155
1509,2882,0.5129092037184609
1510,1512,0.6672719109728047
1510,1518,0.30088306265415277
1510,1519,0.3849085125165593
1510,1549,0.33121911857827563
1510,2148,0.22392093565641905
1510,2233,0.27155900312130316
1511,1518,0.6013467120930219
1511,1519,0.3596579954083487
1511,1521,0.7184011142901768
1511,1704,0.42024951882001976
1511,1876,0.273035205382087
1511,2227,0.38566899109679625
1511,2233,0.404273755793766
1511,2241,0.37327684487926727
1511,2334,0.47204851769717926
1511,2882,0.4108156426868673
1512,1518,0.40621028143735693
1512,1519,0.7041415486469047
1512,1676,0.28661798012989637
1512,2225,0.5754767029436453
1512,2233,0.6946030288074377
1512,2241,0.40779480606140006
1512,2248,0.5205242254185346
1518,1519,0.6829589936814995
1518,1521,0.6228965266456837
1518,1549,0.2434894431839222
1518,2223,0.39417196445896824
1518,2233,0.5010700310461972
1518,2334,0.553240427298964
1518,2813,0.42863891772964496
1519,1990,0.3078180113048085
1519,2223,0.40878687205273123
1519,2225,0.46072514242162993
1519,2233,0.6795928032300619
1519,2241,0.3722934893839706
1519,2248,0.2907013421474474
1520,1522,0.6139759330561116
1520,1731,0.581032610779669
1520,2174,0.23913745475266038
1520,2180,0.20637902164737376
1520,2211,0.3766677806831903
1520,2327,0.4743853556735953
1521,1549,0.26617167725843316
1521,1704,0.5243556059185307
1521,2223,0.5552408070090512
1521,2232,0.48695261408520885
1521,2233,0.3688762975556764
1521,2241,0.36276643347123105
1521,2334,0.4570787022498408
1521,2882,0.3971461576716478
1522,1579,0.2016163084948183
1522,1710,0.3218586003522423
1522,2046,0.37405424558925715
1522,2174,0.3839964445876129
1522,2187,0.45605197307606377
1522,2327,0.5520983675914446
1523,1598,0.4869262103942405
1523,1665,0.47054926047087314
1523,1977,0.2633597618911308
1523,1979,0.29101323108654525
1523,2144,0.4394174333701155
1523,2161,0.6109452347984647
1523,2275,0.3766085187352544
1523,2281,0.4305302000670606
1525,1586,0.43105342410964825
1525,1599,0.4649839156594097
1525,1652,0.29594678452372036
1525,1668,0.741205373467133
1525,1765,0.3660415683031521
1525,1881,0.3949140927160861
1525,2032,0.33571622583701854
1525,2033,0.4539043303145404
1525,2169,0.4846683635433291
1525,3009,0.49045094330073696
1526,1539,0.7692904309221751
1526,1540,0.7591232640867117
1526,1553,0.4633454171939248
1526,1563,0.22877140552718997
1526,1577,0.6724753065999071
1526,1674,0.3568677763205484
1526,1765,0.6656980908323218
1526,1879,0.4448971910895005
1526,2165,0.41292943438499524
1526,2167,0.4764465125754332
1526,2188,0.38162116408994634
1526,2280,0.6483616681249303
1526,2286,0.29391600399341833
1526,2289,0.3373734418021675
1526,3005,0.43633053594519877
1527,1575,0.21064857401491738
1527,1668,0.4364970255488738
1527,2000,0.29471377150835826
1527,2228,0.41775265868090716
1527,2279,0.4286435320856276
1527,2808,0.19872808884773205
1528,1530,0.33132136377240096
1528,1557,0.37682300034967886
1528,1679,0.4260143747627146
1528,1694,0.3730191595163559
1528,1696,0.4078883750591775
1528,1698,0.3675065153401125
1528,1705,0.3742502221222662
1528,1706,0.5277586285884175
1528,1759,0.4776489945413755
1528,1780,0.4070140224346737
1528,1950,0.4598735011051257
1528,2173,0.4153336268601351
1528,2296,0.5653020503151635
1529,1530,0.6752908948847048
1529,1536,0.43088010158505813
1529,1583,0.4381257332786199
1529,1685,0.5130205976133037
1529,1694,0.4890070213078411
1529,1759,0.3710147182473066
1529,1780,0.5790169071091955
1529,1895,0.39616847409476674
1529,1900,0.45695229258156667
1529,1950,0.4399594745205222
1529,2073,0.3565682263768393
1529,2293,0.3291587884316802
1529,2298,0.5416501622242241
1529,2307,0.2943090107847584
1530,1557,0.41166406603171113
1530,1685,0.25368406516372294
1530,1696,0.5952758541750914
1530,1745,0.5326430382480228
1530,1759,0.25147006981704967
1530,1780,0.46509446361335116
1530,1904,0.34021686610893836
1530,1930,0.49641895971658156
1530,1950,0.34510133878019134
1530,2028,0.7146225903020273
1530,2298,0.41338369095567623
1530,2317,0.34150321345357953
1530,2322,0.46925828175445594
1532,1557,0.3173737261054702
1532,1616,0.29209358931118945
1532,1628,0.5229991350089814
1532,1666,0.33262290915378134
1532,1930,0.40172514266390497
1532,1941,0.4449997366626773
1532,1948,0.32113516045033136
1532,2076,0.4141321810981959
1532,2295,0.6622393614233668
1532,2305,0.49062792893829466
1533,1624,0.30936784757471836
1533,1644,0.3575163377437023
1533,1653,0.333897097479716
1533,1663,0.3168829005036927
1533,1693,0.2678713077529251
1533,1782,0.48903518012767416
1533,2030,0.40006479513067855
1533,2036,0.48775157697938615
1533,2155,0.3825765361916584
1533,2299,0.43475015938908645
1533,2300,0.6232838049512068
1533,2308,0.24205054050641914
1533,2317,0.3433320164152067
1533,3012,0.27495734320349396
1534,1546,0.5321131540136209
1534,1711,0.5173458835595709
1534,1733,0.43071411565056544
1534,1776,0.33186981845935054
1534,1886,0.3923270374873949
1534,1895,0.2885351206799673
1534,1902,0.5013438948162171
1534,1938,0.5071722610161936
1534,2073,0.3700984577850377
1534,2269,0.576434885187856
1534,2330,0.7561908732633975
1535,2039,0.38032150694361555
1535,2041,0.36787944117144233
1535,2158,0.4175276875540276
1535,2322,0.41013135549233803
1536,1550,0.641333259464993
1536,1685,0.2844759046716684
1536,1711,0.35578441453939386
1536,1895,0.5976645946829531
1536,1947,0.42119218577497913
1536,2035,0.5680620897660256
1536,2059,0.3350030022415006
1536,2073,0.3499027361575391
1536,2253,0.3047394375638724
1536,2293,0.34049004343694306
1536,2298,0.5120193852082923
1536,2309,0.5482585203796825
1536,2315,0.4155072707653477
1536,2324,0.3937165528444426
1537,1543,0.40970253123445405
1537,1547,0.34992931579350167
1537,1551,0.49490655845791814
1537,1690,0.357615063306796
1537,1777,0.3964913350960826
1537,1892,0.378772748396195
1537,1909,0.42373087365980683
1537,1918,0.46855122483349765
1537,1929,0.45768757104214747
1537,2067,0.3542339586316603
1537,2152,0.4451376980206101
1537,2255,0.3487644233680919
1537,2256,0.38571602826410245
1537,2259,0.5336314485386546
1539,1540,0.3995448887939387
1539,1553,0.5136506318401632
1539,1577,0.6568911205994131
1539,1592,0.45230925604475297
1539,1765,0.4995661676074699
1539,1879,0.6455891022584854
1539,1980,0.3149292213804156
1539,1982,0.2524206607989325
1539,2186,0.3862918657795182
1539,2280,0.655479797198109
1539,2286,0.3033618793504877
1539,2289,0.3695395078355014
1539,2311,0.3379973208637092
1540,1553,0.4077523105038402
1540,1563,0.40767924922664994
1540,1577,0.45581842484625285
1540,1740,0.5773099940303557
1540,1765,0.439047665818009
1540,2165,0.3897650578638138
1540,2167,0.6299468549389788
1540,2188,0.36197314610385106
1540,2619,0.4050882226047361
1540,3005,0.4128858702700572
1541,1559,0.5314384917593304
1541,1567,0.4249026453292684
1541,1569,0.3000753876794107
1541,1739,0.34766975199696687
1541,1743,0.500013153732303
1541,1749,0.7098595665816982
1541,1761,0.5001371318552073
1541,1928,0.287622569734152
1541,1935,0.38970461591697725
1541,1945,0.5138750581655298
1541,1949,0.559415534985293
1541,2095,0.5797879961793808
1541,2096,0.73935519353957
1542,1715,0.35677834463797603
1542,1733,0.25172198501179943
1542,1750,0.5362643831026006
1542,1868,0.21415075749887463
1542,1884,0.39932164932711645
1542,1898,0.3974247032545575
1542,1908,0.4233292620070787
1542,2178,0.5869901949535341
1542,2269,0.3084757001764602
1542,2321,0.3796121545065903
1543,1544,0.4363297885934607
1543,1591,0.39394699679908163
1543,1594,0.493987177483638
1543,1627,0.7401637299550244
1543,1690,0.43384432457067856
1543,1897,0.7509008745439173
1543,2042,0.3721925156317767
1543,2259,0.34853248103932993
1543,2315,0.42701090173184353
1543,2618,0.47645120832111737
1544,1594,0.47319230248362903
1544,1648,0.5501437662918999
1544,1655,0.33478186566471746
1544,1897,0.4412223668345624
1544,2157,0.3310590647387129
1544,2618,0.3511655477069077
1545,1547,0.35086492922219636
1545,1573,0.4730892719529213
1545,1602,0.4158791303854139
1545,1635,0.50747737797124
1545,1657,0.5376071822648073
1545,1660,0.42585826281904654
1545,1662,0.37803067118617534
1545,2197,0.4405952232238267
1545,2207,0.6290174999734017
1546,1574,0.3981934872829825
1546,1711,0.35280300037375834
1546,1715,0.433946715884923
1546,1733,0.3982409971780905
1546,1750,0.4257374692259679
1546,1902,0.335921507805731
1546,2035,0.41664403780081527
1546,2056,0.3809383472727075
1546,2269,0.6679389331694673
1546,2309,0.4325370582321031
1546,2315,0.37692417615651436
1546,2330,0.4940529935111781
1547,1551,0.3975052731114354
1547,1571,0.31493483931664884
1547,1573,0.7655675777018088
1547,1605,0.6387157934010517
1547,1614,0.6123932686826834
1547,1637,0.3861883343982942
1547,1657,0.7281444815010476
1547,1892,0.37360916303089126
1547,1909,0.37755578640045345
1547,2197,0.6285904488509305
1548,1561,0.30140401718704407
1548,1887,0.49644717297467894
1548,1915,0.2934927771567644
1548,1926,0.6588362394711035
1548,2077,0.3733368538026503
1548,2206,0.473769326952427
1548,2262,0.2731759183305711
1549,2002,0.22718583608386717
1549,2223,0.3011390253469577
1550,1554,0.2988339518129162
1550,1697,0.5640439775987199
1550,1925,0.2762104456462802
1550,1947,0.4778646622061704
1550,2059,0.38142552769799826
1550,2069,0.40170174173779943
1550,2272,0.5343552351349036
1550,2293,0.32858655676196535
1550,2298,0.3864862228288612
1550,2309,0.27949590826120563
1550,2324,0.4238837469854942
1550,2325,0.39603417479111
1551,1573,0.29667107248517627
1551,1607,0.3527141478587944
1551,1892,0.4691501884827187
1551,1918,0.5053489914711842
1551,2067,0.47568307487187805
1551,2254,0.5899370683254789
1551,2256,0.4231565908778848
1551,2260,0.40660828531663934
1552,1918,0.16455419352192102
1552,2054,0.3843468995176736
1552,2094,0.22232708827014502
1552,2156,0.1892279266419369
1552,2260,0.23355387002734096
1552,2271,0.6611123921315203
1553,1577,0.7133061257908163
1553,1592,0.40455270637945634
1553,1667,0.4127931789307864
1553,1920,0.3277292960927667
1553,2074,0.49934842396033424
1553,2168,0.6183854408488454
1553,2188,0.42933799807162487
1553,2593,0.3405700095226762
1553,2619,0.3919176400002652
1554,1556,0.2816937339595792
1554,1596,0.5066534054271559
1554,1719,0.6644806393991534
1554,1947,0.23037507625148687
1554,1951,0.36306030149730756
1554,2111,0.44485450595366594
1554,2121,0.4246181882506149
1554,2131,0.19659723453068836
1554,2183,0.4597492773153704
1554,2264,0.5547776870353833
1555,1579,0.18339366601304305
1555,1688,0.47352194350041377
1555,1705,0.36968238341943954
1555,1774,0.3063222545579654
1555,1888,0.8627804118182527
1555,1937,0.4017927605697904
1555,2122,0.25681849912729227
1555,2179,0.4696216660778501
1556,1596,0.3399937211763388
1556,1717,0.3355299067783957
1556,1755,0.8551992399552771
1556,1852,0.515874440972258
1556,1859,0.22511258481792987
1556,1862,0.3686303357406937
1556,1886,0.4228455370546353
1556,1889,0.33194123611504545
1556,1894,0.42393579177953167
1556,1910,0.6741430559249485
1556,1951,0.7604194770752932
1556,2090,0.3280668947441594
1556,2121,0.44659698591082647
1557,1578,0.4795339151664999
1557,1611,0.3621244303336074
1557,1694,0.3829873448261896
1557,1706,0.2905553361188151
1557,1745,0.2699017516282195
1557,1780,0.49873832590519956
1557,1904,0.8564641016577237
1557,1930,0.5064913983281345
1557,1939,0.3920181521875499
1557,1944,0.3618001369136844
1557,1948,0.6837625416634757
1557,1950,0.5420400790384229
1557,2296,0.325132587008119
1557,2299,0.40043032789931443
1557,2310,0.42953336706283896
1558,1581,0.32578270345445015
1558,1587,0.4913687265233369
1558,1591,0.32491806289284164
1558,1627,0.3985948788114075
1558,1631,0.4936393490449976
1558,1769,0.6494907791623803
1558,1897,0.2838099715175325
1558,2043,0.48680941968667263
1558,2053,0.3258765719979741
1558,2066,0.39009814852514574
1558,2200,0.29523251094662784
1559,1569,0.6021396346550162
1559,1747,0.32028071470185804
1559,1749,0.5493603084189822
1559,1761,0.4800980799668981
1559,1916,0.34079412675324133
1559,1949,0.7654935549669247
1559,2096,0.6499709912408611
1559,2256,0.3160017747061884
1560,1598,0.3821807773670283
1560,1845,0.4716992194947185
1560,1952,0.5811465638437245
1560,2033,0.33197182954756893
1560,2044,0.4547929553184845
1560,2164,0.8877754756167721
1560,2251,0.6296376236813771
1560,2808,0.47448152266634736
1561,1637,0.3382858855543712
1561,1640,0.4180960106115538
1561,1648,0.32823657616709095
1561,1689,0.2908013760594043
1561,2091,0.4331045749230109
1561,2197,0.35988760545109544
1562,1608,0.26605850375262174
1562,1645,0.4138880135677065
1562,1679,0.4015580846980576
1562,1700,0.6008932721132276
1562,1759,0.37738456101442974
1562,1879,0.4460976538316098
1562,1880,0.5251116000315972
1562,2153,0.20137402189123335
1563,1740,0.26458306770249945
1563,1876,0.24271637483979108
1563,2165,0.38115039782656235
1563,2167,0.477043363504008
1563,2186,0.29789212266794357
1563,2188,0.31854534466427115
1564,1648,0.3629952921489476
1564,1747,0.37906712128048925
1564,1938,0.32045881112469426
1564,2056,0.4440694734351286
1564,2077,0.7240231833367907
1564,2184,0.4362019895835047
1564,2315,0.3511507255915653
1565,1642,0.36564840253931286
1565,1661,0.5008948776281666
1565,1663,0.38519665434288625
1565,1693,0.8075711048029743
1565,2153,0.1609044036631089
1566,1570,0.390891831208492
1566,1621,0.5876755072762447
1566,1642,0.4083644169701297
1566,1941,0.5391574129138902
1567,1617,0.18395587377703895
1567,1680,0.4585302121202938
1567,1743,0.7361566404306836
1567,1746,0.4994392420209538
1567,1749,0.4364948390241894
1567,1891,0.36249326708919605
1567,1896,0.3476380557686754
1567,1921,0.30773600382198146
1567,1935,0.7381353487967179
1567,2078,0.4494827793264071
1567,2079,0.2896467420809446
1567,2091,0.47964960975269066
1567,2095,0.3405851846229958
1567,2096,0.3562123447222349
1567,2266,0.5823852973162978
1568,1696,0.6252270539245407
1568,1698,0.641550066036742
1568,1915,0.585965807477647
1568,1930,0.5483537715016494
1568,1948,0.3260040592233357
1568,2028,0.619745148535099
1568,2184,0.3768159892812284
1568,2206,0.4234578195036346
1568,2322,0.39525895121197413
1569,1747,0.3787174522990145
1569,1749,0.24834141506372792
1569,1761,0.40968643605696287
1569,1773,0.2831124524687045
1569,1916,0.3943780207192216
1569,1917,0.3470128819432287
1569,1949,0.3663353883322664
1569,2088,0.11952643410706125
1569,2096,0.38473483035577866
1569,2255,0.326868578870256
1569,2256,0.6916817062771535
1569,2258,0.44357580988988293
1569,2270,0.4025442451263909
1570,1628,0.40890756851056476
1570,1630,0.32600106556383185
1570,1648,0.363044144540965
1570,1687,0.7742298158066839
1570,1930,0.4096765259382687
1570,1941,0.38569228633780467
1570,2305,0.7390969731323638
1570,2317,0.4593141900007986
1570,2322,0.38900915181363294
1571,1573,0.4800029382848012
1571,1602,0.3823110273350112
1571,1605,0.32033587504445166
1571,1607,0.6288541137153139
1571,1614,0.4510070014883008
1571,1622,0.19417282969432764
1571,1635,0.24573718718227044
1571,1657,0.35930196904302986
1571,1660,0.7585450333728277
1572,1621,0.26364301921896505
1572,1628,0.40832535951276416
1572,1630,0.4500761071790233
1572,2295,0.5096915804029023
1573,1602,0.3548538110146589
1573,1605,0.43031203578655175
1573,1607,0.2902903854314795
1573,1614,0.749817558910808
1573,1635,0.14875631177114615
1573,1637,0.4722121700457755
1573,1657,0.7847219382979097
1573,1660,0.541853329184568
1573,1662,0.2791655566012406
1573,2197,0.6666548293806098
1573,2207,0.4064554705355838
1574,1685,0.3681263496949993
1574,1776,0.3194619704426955
1574,2035,0.3566585210451904
1574,2055,0.2637716400661648
1574,2308,0.3922312255348637
1574,2309,0.49370699325378553
1574,2326,0.5059447468304875
1574,2332,0.3416755841666641
1575,1598,0.5232761270388399
1575,1600,0.3316711535166965
1575,1764,0.6946728395890475
1575,1952,0.6381354245115441
1575,1977,0.6130989377913363
1575,2000,0.30116044881716153
1575,2004,0.28955721548477775
1575,2251,0.6242287299991316
1575,2281,0.3743556671135611
1575,2318,0.5400883524998316
1575,2887,0.44703049806036893
1577,1592,0.4146103317722001
1577,1667,0.26812151754886715
1577,1765,0.4022684050567551
1577,1879,0.33795030614182237
1577,1922,0.3377427827959405
1577,2167,0.36157227058056035
1577,2168,0.3700385860296037
1577,2280,0.40976963784493853
1577,2311,0.40390918640878104
1577,3007,0.4790556796588487
1578,1618,0.3483660761599927
1578,1694,0.4542695281249754
1578,1699,0.2539707870575003
1578,1708,0.3707444326832067
1578,1752,0.4824034985566088
1578,1780,0.46343011991481436
1578,1885,0.23712439854494854
1578,1904,0.4116339967274395
1578,1912,0.33285927386402675
1578,1931,0.2949592643784576
1578,1934,0.3410331488552533
1578,1939,0.49560031874006505
1578,1948,0.37460182743359405
1578,1950,0.44377538450450477
1578,2272,0.32427355432188865
1578,2274,0.7676190889919292
1579,1686,0.3645744293262135
1579,1688,0.4091970661946235
1579,1901,0.1456341320965881
1579,1938,0.1792526255935717
1579,2046,0.26169642672547044
1579,2150,0.2769023350566446
1579,2176,0.3725086070688784
1579,2328,0.429155916503397
1580,1582,0.3109455541490094
1580,1732,0.39829309781095523
1580,1773,0.3876850530757059
1580,1781,0.3850648893783512
1580,1853,0.39364127052504244
1580,1868,0.33340533273672013
1580,2058,0.34393593456958044
1580,2127,0.4747976242092717
1580,2128,0.46470181510164366
1580,2139,0.42692868203955053
1580,2175,0.3846691459856482
1581,1587,0.35655197272807804
1581,1591,0.38375405535390233
1581,1593,0.30451582888903866
1581,2053,0.5215193691192203
1581,2064,0.44444269084388266
1581,2117,0.2553817038475648
1581,2128,0.2558959764546028
1581,2129,0.36371045646029415
1581,2142,0.31344773888242766
1582,1585,0.3942655850596594
1582,1622,0.25097129127287465
1582,1626,0.33999058408967625
1582,1727,0.6759808145156917
1582,1771,0.40297620467478756
1582,1781,0.8166568502951658
1582,2067,0.23833513521184602
1582,2127,0.3592024833032539
1582,2136,0.18693326100168262
1582,2156,0.39920215233252054
1582,2162,0.8296138744932327
1583,1595,0.28631186993761754
1583,1694,0.6943120822433675
1583,1696,0.3940434058527427
1583,1705,0.42596397007459474
1583,1780,0.7622670357153705
1583,1900,0.5672967380865034
1583,1931,0.30130877812393464
1583,1950,0.6144279893906561
1583,2174,0.4283960445226407
1583,2179,0.30694511116217144
1583,2296,0.4118705193807306
1583,2307,0.3797904893450159
1583,2316,0.26450058012750954
1584,1864,0.21799273720027243
1584,2112,0.2042327913848487
1584,2116,0.1194265096984349
1584,2125,0.22651869734641475
1584,2130,0.3470669548133881
1584,2143,0.33877231136523167
1584,2323,0.36565917072514625
1585,1781,0.47765003989057847
1585,2022,0.45393687304116614
1585,2054,0.35832445960820436
1585,2094,0.25889028745013154
1585,2160,0.36994486903526064
1585,2162,0.3291382573614849
1586,1652,0.7790361748735117
1586,1668,0.5025073472450321
1586,1707,0.3327599672811961
1586,1881,0.875454110144918
1586,1986,0.43134591499577124
1586,2032,0.8658428121331789
1586,2033,0.7166214138996879
1586,2227,0.4090811445859431
1586,2282,0.40400800092937217
1586,2288,0.42228741118907787
1586,2320,0.4100777415312269
1586,2652,0.47045651563091717
1587,1591,0.7639919823673533
1587,1627,0.4182963168097637
1587,1897,0.35693388662622544
1587,2043,0.4322090097705193
1587,2050,0.7645053779477848
1587,2053,0.7069103296820152
1587,2059,0.4094761655048508
1587,2061,0.3218025374333402
1587,2066,0.48541184596707987
1587,2264,0.33325725283783453
1588,1988,0.37910933401356295
1588,2304,0.7152484553007854
1588,2314,0.6358486132094588
1589,1595,0.27752129539992393
1589,1731,0.31560050737832496
1589,1742,0.6318645770483479
1589,1768,0.39723217818228596
1589,2105,0.35998458462123606
1589,2189,0.6276541002577782
1590,1725,0.20343605170259926
1590,1787,0.35297994068170013
1590,1854,0.6066411827826097
1590,1857,0.706777841425748
1590,1860,0.6003494702498333
1590,1903,0.21235712355798309
1590,1907,0.21238837369691704
1590,2052,0.29029838580216
1590,2130,0.10843224254308095
1590,2132,0.911496520326368
1590,2134,0.3714516288289607
1590,2181,0.36992255389632644
1591,1627,0.5748481222977473
1591,1897,0.41214412670345113
1591,2043,0.3791957633111854
1591,2050,0.5290654523872534
1591,2053,0.7343655615398119
1591,2059,0.6533709759461811
1591,2066,0.3220672274419994
1591,2618,0.36756441548287117
1592,1608,0.41213332515688456
1592,1709,0.44115028543344886
1592,1982,0.5328828607426652
1592,2335,0.274878340313478
1593,1702,0.27864781410374256
1593,1728,0.25005025585920454
1593,1850,0.27477290097242385
1593,1853,0.30857534023731836
1593,2121,0.4547314675653517
1593,2128,0.6227825555380604
1593,2267,0.4214184720613019
1593,2329,0.4463341212153953
1594,1715,0.501435713577728
1594,2042,0.26493291717955914
1594,2154,0.42682743020680747
1594,2157,0.4437255412510001
1594,2315,0.3073066412505814
1595,1731,0.4779912640707926
1595,1931,0.5499849114848544
1595,2105,0.39435092318907866
1595,2174,0.38292943688254105
1595,2180,0.42643609099823676
1595,2189,0.4282094686260915
1595,2327,0.3842715012967125
1596,1719,0.44170184460734224
1596,1785,0.48210871394596233
1596,1852,0.3832387633799551
1596,1951,0.5060532191248268
1596,2111,0.69996950468267
1596,2120,0.6177415189848704
1596,2131,0.2985596415086906
1596,2171,0.45643127143584117
1596,2183,0.6523615947190516
1596,2211,0.29885558305250776
1597,1632,0.42458918086282293
1597,1874,0.4141590441045598
1597,1971,0.4399642340762364
1597,1979,0.5352806501196928
1597,2190,0.6756185164415173
1597,2275,0.3909519625703878
1597,2463,0.31183856835443785
1598,1952,0.4090603928307108
1598,1977,0.655818898422533
1598,2161,0.4027862726602507
1598,2251,0.6680602760146136
1598,2281,0.31849517674274064
1598,2887,0.4346318926285344
1599,1919,0.4034491385726293
1599,2252,0.4169545332027398
1599,2286,0.39276718859452087
1599,2289,0.42158115108335376
1599,3005,0.32045741953306545
1600,1726,0.3315396753906234
1600,1764,0.616309343071881
1600,1952,0.3709953020895525
1600,2044,0.4152843487396403
1600,2237,0.13803101491458045
1600,2808,0.3216709124832818
1601,2366,0.07278246014082239
1601,2369,0.06285982010637388
1601,2381,0.04797427813208721
1601,2388,0.05047952219094498
1601,2428,0.06666102917756447
1601,2446,0.09065144776265274
1601,2454,0.07016268253931342
1601,2471,0.04608628752308374
1601,2493,0.2364684498022017
1601,2512,0.05922830073680228
1601,2523,0.10182177472829582
1601,2538,0.42938181286977456
1602,1614,0.287384960782788
1602,1635,0.35982568031194884
1602,1637,0.2978302066743459
1602,1657,0.41771300404335654
1602,1660,0.3378498194047329
1602,2197,0.2938052640646092
1603,2025,0.32811945071689036
1603,2203,0.6877329010179597
1604,1987,0.5885853580223291
1604,2191,0.47524562257402875
1604,2194,0.3828540477635527
1605,1614,0.32740357749305166
1605,1657,0.36250035598685576
1605,1660,0.34642259482576326
1605,1892,0.5212787659711559
1605,2152,0.6384573750716728
1605,2154,0.34785785757427473
1605,2159,0.4693441151577713
1605,2260,0.49776858662527435
1606,1777,0.48621341816886776
1606,1909,0.4627296093649806
1606,1925,0.524438552945931
1606,2257,0.7727540017638038
1607,1614,0.27286616872752023
1607,1635,0.359194616494154
1607,1657,0.3628532233096926
1607,1660,0.35913160147782813
1608,1700,0.5283733059610406
1608,1709,0.4135289898137839
1608,1972,0.35101648134351854
1608,1973,0.36023169301834584
1608,1978,0.46235688669079433
1608,2008,0.36216446667060787
1608,2009,0.3031843522941721
1608,2011,0.3040658892024475
1608,2062,0.3643504337365509
1608,2070,0.5456914485002491
1608,2311,0.39702732683764275
1608,2886,0.34313624633906564
1610,1656,0.6251672179633466
1610,1766,0.5172431740153178
1611,1628,0.4630037391325919
1611,1629,0.46833230025724726
1611,1631,0.5062610731679946
1611,1703,0.6892015688857434
1611,1769,0.3636179557661323
1611,1904,0.4653521066786752
1611,1930,0.3562229369925306
1611,1944,0.4394244494608009
1611,1948,0.5894295625060539
1611,2036,0.3787579012776417
1611,2069,0.30645051544635404
1611,2295,0.33904784613334815
1611,2301,0.5382663965438875
1611,2305,0.4006173437464801
1612,1697,0.34639103426980195
1612,1770,0.37119288319206134
1612,1948,0.2979925800212715
1612,2021,0.8363626016361049
1612,2027,0.4533394811257473
1612,2183,0.33064462536181743
1612,2211,0.30724782329792477
1613,1727,0.2696180572242029
1613,1771,0.3411510474999518
1613,2127,0.19086888334569407
1613,2136,0.3060292782102117
1613,2162,0.31173180914777154
1614,1637,0.5418833878666409
1614,1657,0.6004499324930037
1614,1660,0.3018327255056033
1614,1777,0.3629019623323353
1614,1909,0.4190336769961374
1614,2197,0.49830213404009643
1615,1683,0.35508186211353593
1615,1863,0.2877551336644318
1616,1630,0.5951251939890755
1616,1631,0.2748121900336493
1616,1689,0.3218865155906935
1616,2061,0.28861813107910045
1616,2295,0.26454982657734527
1617,1680,0.23120079153599515
1617,1714,0.16716624762830487
1617,1743,0.3901791037841267
1617,1870,0.2459547379359788
1617,1891,0.24056264892493573
1617,2079,0.7062325457890649
1617,2082,0.20961896434570856
1617,2089,0.24302197630297437
1617,2095,0.19561293852324652
1617,2207,0.17884863585574215
1618,1629,0.4667324378575771
1618,1703,0.37274152457236664
1618,1752,0.3779309157883042
1618,1788,0.5724039523813136
1618,1912,0.5200167488669257
1618,1939,0.42473524547903935
1618,1983,0.5676032048225367
1618,2333,0.636874041234859
1619,1623,0.6403011726557137
1619,1788,0.3309105409024773
1619,1983,0.30848176638178537
1619,2045,0.19056206302932563
1619,2336,0.20396335773818886
1619,2710,0.39960685029109666
1619,2883,0.3107552265077038
1620,1783,0.44037649761727027
1620,2210,0.7312917772165823
1620,2312,0.6025797509999916
1620,2408,0.4587072451219642
1620,2465,0.3387298849298529
1620,2478,0.37348320684937736
1620,2646,0.37672139446402664
1620,2814,0.41961813805922804
1621,2212,0.4536407195442653
1622,1626,0.7499017066671423
1622,1727,0.31450163828439576
1622,1771,0.571582785629153
1622,1775,0.27365742808478255
1622,2136,0.4125932932423658
1623,2045,0.327058777518673
1623,2060,0.250526016232311
1623,2336,0.3046090154232257
1623,2710,0.2938747919816723
1624,1625,0.5209902830494304
1624,1661,0.34273761291127575
1624,2030,0.8451196895176091
1624,2034,0.4735877300595928
1624,2036,0.3306942185134325
1624,2155,0.329885997008409
1624,2215,0.5445061707127996
1625,2030,0.44567422751742714
1625,2034,0.5426576955260034
1625,2340,0.2328152319333667
1626,1727,0.5710699944630995
1626,1771,0.7201866901792447
1626,1775,0.3761326234648637
1626,2088,0.25608904461780213
1626,2136,0.16669452430573375
1626,2254,0.3290014178637453
1626,2258,0.27932328928642064
1627,1897,0.752987783147445
1627,2042,0.4995947791019762
1627,2059,0.3892591758858561
1627,2315,0.3845668031753163
1627,2618,0.4415515811713242
1628,1629,0.40285609813896867
1628,1630,0.250550536503097
1628,1631,0.3623639016529797
1628,1687,0.292635531648791
1628,1703,0.3815492638252364
1628,2295,0.7550394531742561
1628,2301,0.39945785942216255
1628,2305,0.7193440961427573
1629,1703,0.6015911004086741
1629,2287,0.3437820440685244
1629,2301,0.5826072335363881
1629,2333,0.561258703551016
1630,2195,0.4855670263816486
1630,2295,0.3654520429941692
1631,1703,0.5629475817364044
1631,1769,0.5939685615406848
1631,2021,0.36197961526289285
1631,2200,0.2583711345034143
1631,2305,0.3203736026688837
1632,1971,0.5245778276860804
1632,2190,0.47205066332289636
1632,2221,0.24245047963288316
1632,2226,0.2773370477052205
1632,2275,0.46238454462849116
1633,1638,0.3364461187394871
1633,1645,0.3145474732342821
1633,1650,0.22676071279859264
1633,1658,0.6864052946137742
1633,1988,0.3341191589975621
1633,2199,0.4512742071166625
1633,2202,0.49017748842246534
1633,2230,0.2518148047167219
1634,1766,0.3495960012059059
1635,1657,0.27373005688643715
1635,1660,0.27912946853487636
1636,1638,0.5457044413147863
1636,1639,0.5830512881896288
1636,1641,0.9226143688027383
1636,1649,0.4818729657395472
1636,2199,0.5735452250228261
1636,2292,0.436576810502069
1636,2302,0.8042718268850273
1637,1640,0.2870944449292325
1637,1657,0.5182534604223102
1637,1662,0.33145934619832895
1637,1689,0.4582359551972929
1637,2195,0.40054431057937206
1637,2197,0.7913915687689305
1638,1641,0.6121928231081051
1638,1645,0.43823482911722084
1638,1650,0.2759427064457004
1638,1658,0.44529227064407423
1638,2199,0.5186469672114199
1638,2202,0.3912759832852013
1638,2294,0.35263921851979235
1638,2302,0.5245900187913857
1639,1641,0.43859323684207185
1639,1645,0.27929358283491335
1639,1649,0.45171358382366855
1639,1663,0.3762501785592745
1639,1693,0.34207580969066864
1639,2012,0.37072453137200434
1639,2153,0.209741112870752
1639,2292,0.7344914909237864
1639,2302,0.5686583792567083
1640,1648,0.3101131463905744
1640,1654,0.34447405455549657
1640,1662,0.5455258702416174
1640,2197,0.4417722645368923
1641,1649,0.5449608561457666
1641,1658,0.4087158240950554
1641,2199,0.5803903863307958
1641,2202,0.2799516811487259
1641,2292,0.37776512860921946
1641,2302,0.8912355189415748
1642,1663,0.5502201586941238
1642,1693,0.44515019194267247
1643,1649,0.5102616378357255
1643,1658,0.4750977156514436
1643,1669,0.17444399498337354
1643,1670,0.3770387501138475
1643,1682,0.2495777436311966
1643,1973,0.40059077365134
1643,1975,0.3772864784864756
1643,1988,0.34008972374218777
1643,1991,0.32902197671054156
1643,1992,0.5689266619806178
1643,1996,0.6419360339287284
1643,2009,0.40936084258349653
1643,2278,0.36734632972295855
1643,2297,0.5118188410522121
1644,1653,0.3861119334266231
1644,1655,0.32263718662236707
1644,1664,0.745999806220708
1644,2018,0.3724518145618447
1644,2039,0.42794472049325166
1644,2332,0.5565270864507537
1645,1658,0.5132470419980024
1645,1759,0.46851333805067763
1645,2153,0.3734040109183529
1645,2294,0.2391278994705127
1645,2302,0.3405393798282895
1646,2017,0.3918404959360533
1646,2023,0.275724662613856
1646,2212,0.4980820195566339
1647,1651,0.5526250983225046
1647,1654,0.49640902108151397
1647,2201,0.8441273490633773
1647,2208,0.4384459302452767
1648,1655,0.31529355495795125
1648,1897,0.3995553326863462
1648,2204,0.37279328790508
1648,2317,0.3595079187424977
1648,2322,0.32297200980573426
1649,1658,0.37734344783611773
1649,1682,0.2509758273689404
1649,1973,0.34260875631676474
1649,2012,0.414428479286413
1649,2292,0.7003628149930701
1649,2297,0.2834399648007083
1649,2302,0.6810057826620504
1650,1686,0.5611390313653849
1650,1688,0.5993932149404011
1650,2199,0.24275976706914085
1650,2294,0.40347433380565334
1650,2328,0.23878183559843136
1651,2201,0.3669556974759697
1652,1707,0.3337534029629395
1652,1726,0.4503220255478158
1652,1881,0.828374024812112
1652,2032,0.5069713908361474
1652,2033,0.8147707385411417
1652,2044,0.4475552107548503
1652,2282,0.36935899914164283
1652,2652,0.6702815860570458
1652,3009,0.36783444439408847
1653,1664,0.5499402387893539
1653,2308,0.3088343607792338
1654,2201,0.7010187727630807
1654,2212,0.4694188973940514
1655,1664,0.32424592154058557
1655,2039,0.34401738161731404
1656,1782,0.47088426206446315
1656,2017,0.548682311031822
1657,1660,0.3572484913490128
1657,1662,0.37962940956654356
1657,2197,0.7646916093467027
1658,2230,0.22307427784249723
1658,2294,0.267108472301187
1658,2302,0.5129842361139006
1659,1675,0.3801763750472747
1659,2034,0.4597803248926632
1660,1892,0.421492761702715
1660,2136,0.08269275586097811
1660,2207,0.3906131535777888
1661,2030,0.31013702007910804
1662,2195,0.36695219396868717
1662,2197,0.5526538372526852
1662,2207,0.3381017938034398
1663,1693,0.6562620710744821
1663,1745,0.39488425878280586
1663,2153,0.14782378665974477
1663,2317,0.5615250322833363
1664,1730,0.29126388785268237
1664,2018,0.45991007033940706
1664,2308,0.32997901207974145
1664,2332,0.6636792796811968
1665,1874,0.3234558960198227
1665,1979,0.6291063878874081
1665,2144,0.3505399364195683
1665,2161,0.5928433867546711
1665,2193,0.31062934055175945
1665,2210,0.4705032191779233
1665,2275,0.6930201669480951
1665,2281,0.6586845289681387
1666,1706,0.3863411751194861
1666,1846,0.6617532174954686
1666,1880,0.39880746049521654
1666,1934,0.38080547335563486
1666,2048,0.4248485194091901
1667,1683,0.5766438951695623
1667,1863,0.3700960207290274
1667,1883,0.34761115343500215
1667,1920,0.6616303421396754
1667,2047,0.3248583409567234
1667,2074,0.635967603293177
1667,2647,0.37577687281400984
1668,1881,0.3720277922825196
1668,1993,0.39261899345228907
1668,2032,0.5059165706639457
1668,2033,0.45643209475111735
1668,2164,0.28979971829046086
1668,2169,0.3443668049291639
1668,2282,0.2753071781684752
1668,2288,0.30943615963450616
1669,1670,0.2437107204874106
1669,1676,0.7576658600427459
1669,1682,0.41174203171857376
1669,1991,0.615476203834145
1669,1992,0.22269693816168767
1669,2278,0.16660067692245717
1669,2297,0.31541080078816547
1670,1671,0.40744740847589417
1670,1679,0.34032566142770915
1670,1700,0.2993723868695874
1670,1899,0.3635782266768437
1670,1991,0.4625654897235115
1670,1992,0.41740608577254457
1670,1996,0.3815209311040251
1670,2002,0.4541817602968739
1670,2009,0.44684073815513514
1670,2062,0.2683814843468939
1670,2070,0.38132025937530356
1670,2297,0.31680648612329776
1671,1679,0.5185336566583234
1671,1701,0.22470695131818405
1671,1899,0.6065425374067807
1671,1950,0.2575664223676219
1671,1975,0.40913418658826334
1671,1976,0.41623514335666323
1671,1994,0.3635611219607429
1671,1996,0.4181547166929781
1671,2009,0.39739056391015354
1671,2148,0.5527485364801452
1671,2234,0.37350298953861344
1671,2296,0.4745030460555911
1672,1673,0.3474294627498896
1672,2146,0.6656699240963173
1672,2218,0.48965510891765
1672,2225,0.5308618774419471
1672,2229,0.5502737327167999
1672,2880,0.3715267506829956
1673,1999,0.4946590251685282
1673,2010,0.260056594580409
1673,2218,0.5762504169515019
1673,2219,0.3594564940818426
1673,2222,0.36853940948697045
1673,2229,0.7074986682202234
1673,2236,0.5550768765189091
1673,2245,0.46701420275435684
1673,2882,0.5296433761059077
1674,1980,0.33588292282000065
1674,1990,0.3707655143359557
1674,1993,0.4204518567098997
1674,1995,0.3178417705714527
1674,1999,0.24417044191772524
1674,2165,0.4121967363696809
1674,2280,0.38100623167855874
1675,1922,0.44192985216491965
1675,1985,0.4019099000730093
1675,2060,0.8409947652668024
1676,1991,0.5656959460508918
1676,1992,0.19249834438301827
1676,2148,0.17893701539069104
1676,2278,0.19462566657710265
1678,1784,0.6112629673554015
1678,1891,0.38863575255607385
1678,1915,0.34737252016526016
1678,1938,0.6066289886428031
1678,2046,0.4257976463183717
1678,2056,0.36951000556636276
1678,2150,0.6851398169428404
1678,2184,0.42626455853886835
1679,1700,0.5196990129214161
1679,1899,0.592233955719898
1679,1950,0.30939707938297994
1679,2062,0.36099464328902603
1679,2173,0.6857555091370858
1679,2296,0.638122193260491
1680,1681,0.3188160415286008
1680,1743,0.4922837115453567
1680,1746,0.29246796538099773
1680,1773,0.2436025377050208
1680,1896,0.5684789618773289
1680,2087,0.2937845780901924
1680,2095,0.33135061520165304
1680,2207,0.7184315692625793
1680,2213,0.3633955894323568
1680,2255,0.3743490357086976
1681,1714,0.5496580470955872
1681,1743,0.3906306189577398
1681,1761,0.5687144721055561
1681,1848,0.5323143428759545
1681,1856,0.5441354938405918
1681,1891,0.41404339263481565
1681,1945,0.35299520850195143
1681,1949,0.3274274322302806
1681,2080,0.5849789329600293
1681,2087,0.7558285765853328
1681,2089,0.514632284289885
1681,2142,0.39307711018872743
1682,1973,0.16413973177468283
1682,1992,0.26095902780622887
1682,2297,0.6470920910654772
1682,2302,0.16690071175126103
1683,1760,0.45740203435622373
1683,1863,0.40720719306149694
1683,1920,0.8935027805652186
1683,2047,0.32731186507260235
1683,2074,0.7330853512131175
1683,2647,0.33776070271620684
1683,2710,0.42004096268444036
1683,2884,0.6294245392775845
1685,1745,0.3748776376438448
1685,1759,0.48411925334230255
1685,1900,0.2607703618712112
1685,2035,0.2322586991775513
1685,2153,0.4604110589865796
1685,2300,0.27774766612743773
1685,2308,0.45880664274524785
1685,2309,0.39046721101359577
1686,1688,0.4953191488392453
1686,1692,0.4330649482343253
1686,2174,0.21361574588887702
1686,2294,0.3855783584980401
1686,2328,0.5816918884883209
1687,2041,0.37303219595464776
1687,2155,0.4139137526586006
1687,2204,0.41764448074315264
1687,2208,0.2923098620758929
1687,2305,0.5901845721014536
1687,2317,0.4618732064124929
1688,1774,0.4342706227302901
1688,1888,0.29963705810901897
1688,2294,0.6591558208229225
1688,2307,0.25369800037285584
1688,2328,0.3676841591183885
1689,1691,0.47022065103155763
1689,1929,0.4630470040821764
1689,2043,0.33981242924473865
1689,2061,0.5415221112186653
1689,2077,0.359639893832056
1689,2255,0.3144395708194163
1689,2262,0.39531239652285144
1690,1747,0.4127282452725934
1690,1897,0.32687376389914424
1690,1917,0.36048682458201076
1690,2259,0.5947914238592035
1690,2309,0.3254374853253609
1690,2315,0.3553486853217058
1691,1927,0.40584002291376375
1691,1941,0.3449230281167114
1691,1949,0.28376028511861534
1691,2075,0.5198108488084353
1691,2077,0.2576364302205919
1691,2262,0.5678828561226601
1692,1701,0.8060913694800319
1692,1705,0.22788719921501688
1692,1776,0.266674611737115
1692,1878,0.7248494242067123
1692,1900,0.5189015361794751
1692,1975,0.2763791364376187
1692,2073,0.28856373997535695
1692,2174,0.23721198468242813
1692,2294,0.43121136238814295
1692,2307,0.5088364647810504
1692,2328,0.2681200060057351
1693,2153,0.2701722265333062
1693,2299,0.3078127283019096
1694,1699,0.30830678096660596
1694,1759,0.25513733821771634
1694,1780,0.8870410062636143
1694,1900,0.3930597575055815
1694,1904,0.29363074867759875
1694,1931,0.45945480071265665
1694,1950,0.878110957077587
1694,2051,0.35548544845277735
1694,2253,0.22995380446459765
1694,2293,0.31188220943910583
1694,2296,0.4904445472689838
1694,2310,0.4030362940661378
1696,1698,0.43851318539306494
1696,1930,0.44755092487991366
1696,2028,0.9358787357547871
1696,2041,0.486362055216944
1696,2206,0.4374712738828901
1696,2307,0.32259432981749636
1696,2322,0.33658663355271873
1697,1766,0.27546304878824845
1697,1769,0.3344894130214103
1697,1904,0.41433457030482046
1697,1939,0.36787944117144233
1697,1948,0.4686297188615058
1697,2059,0.36937411647914503
1697,2069,0.4185904689547785
1697,2272,0.5568751512862409
1697,2298,0.4726877220827039
1698,1705,0.3664275719778248
1698,1744,0.11616021698265033
1698,1756,0.4336668594223723
1698,1915,0.45374038158842317
1698,1930,0.2847918783630179
1698,2028,0.4352264322618973
1698,2075,0.32003242106245733
1698,2077,0.4437270997965348
1698,2184,0.37101175592032765
1699,1770,0.5496123559676069
1699,1997,0.3751159302531917
1699,2007,0.49388699811891174
1699,2051,0.7619234677086631
1699,2253,0.3707697140526512
1699,2272,0.48255809966071567
1699,2293,0.46322135495730504
1699,2324,0.4075355283644299
1700,1879,0.5608347910239335
1700,2009,0.3989444636075456
1700,2062,0.46101493466278953
1700,2070,0.4806263539913239
1700,2303,0.26331201759675005
1701,1878,0.7951806039440922
1701,1900,0.42968780011012736
1701,1975,0.42426391663477475
1701,1976,0.3250559757793903
1701,1994,0.4458394838295046
1701,2073,0.23442859648200762
1701,2307,0.26862348445823525
1702,1732,0.41411623595877217
1702,1753,0.3744382268820276
1702,1773,0.6812028586188329
1702,1853,0.6138089212937328
1702,1856,0.3644935593961012
1702,1862,0.5078553624991932
1702,1868,0.5060774186129168
1702,1873,0.3526759552559979
1702,1884,0.33707871265868294
1702,1908,0.4356190478438978
1702,1928,0.45278951413247387
1702,2081,0.6145352879162727
1702,2121,0.3579580478255208
1702,2267,0.5415947543515881
1703,1769,0.3998331325426332
1703,1948,0.3972979173234141
1703,2021,0.3976701646242933
1703,2295,0.34653622180613225
1703,2301,0.4354099988048202
1704,2223,0.8001325963158358
1704,2232,0.6511461789405624
1704,2233,0.3345335073702833
1704,2241,0.5060086244565404
1704,2248,0.33117839815828776
1704,2882,0.8301181811354107
1705,1744,0.13758287747710116
1705,1780,0.3504029341856127
1705,1888,0.3217933217230523
1705,1900,0.4702540986820294
1705,1931,0.4693752407900313
1705,2174,0.40164951764017354
1705,2179,0.8567011494358552
1705,2307,0.7281647721911858
1706,1846,0.4411042192397343
1706,1880,0.6231247254817632
1706,1934,0.5421467397930421
1706,2075,0.37563074142157094
1706,2274,0.3128249248670862
1707,1845,0.32979690696335734
1707,1919,0.3841213740423893
1707,2033,0.32021534014569764
1707,2101,0.3538523632190352
1707,2282,0.636644109954181
1708,1752,0.5432696651152734
1708,1846,0.44965557936959216
1708,1861,0.27379328105612694
1708,1885,0.548553108922972
1708,1893,0.45149824775716285
1708,1934,0.5315609988755684
1708,2108,0.3135810313761217
1708,2109,0.21466573000289096
1708,2124,0.22483475390166185
1708,2177,0.3805906699143138
1708,2274,0.568130353167377
1709,1778,0.3671794094609116
1709,1982,0.2280543494609032
1709,2001,0.3527637293175551
1709,2045,0.37268847503295094
1709,2062,0.5359534515561449
1709,2070,0.44113475000481933
1709,2336,0.4059739411040334
1710,1717,0.42307817474754195
1710,1731,0.3086184978474104
1710,1894,0.3826426871436413
1710,1942,0.41155261706928636
1710,2046,0.644247731178337
1710,2120,0.380070462191487
1710,2171,0.35572141560234705
1710,2174,0.4089054189589188
1710,2176,0.21963227768850524
1710,2180,0.5720075881421738
1710,2187,0.44502314054285425
1710,2327,0.47491705711124854
1711,1728,0.4310008641383448
1711,1886,0.4769562799218026
1711,1895,0.3500239308697123
1711,1902,0.29362234684457894
1711,1947,0.4097042077525467
1711,2035,0.4074091238026184
1711,2073,0.6937453749894509
1711,2180,0.3584770793512602
1711,2253,0.3634514255645226
1711,2309,0.39239238504569424
1711,2330,0.5609247921780575
1712,1852,0.4529541981212592
1712,1873,0.4136851794311385
1712,1903,0.43388790787898834
1712,1984,0.25050377459925516
1712,2031,0.6805182998214204
1712,2052,0.49915031460572756
1712,2064,0.44635294242062373
1712,2081,0.41125565575204764
1712,2134,0.4864973214745713
1712,2267,0.49233585573482097
1714,1762,0.48111175991882815
1714,1940,0.3891499596736189
1714,1945,0.42263380645140014
1714,2079,0.22227692895520537
1714,2082,0.6661787247854797
1714,2089,0.9243161910912457
1714,2137,0.4025115532608141
1715,1908,0.4195830216831113
1715,2037,0.4076521606007527
1715,2094,0.31426638228346754
1715,2157,0.5053098292717397
1715,2269,0.32080220724361375
1715,2329,0.42981995655370275
1717,1755,0.4961968358116056
1717,1889,0.5101511432403539
1717,1894,0.6255266078736308
1717,1910,0.38459551422253097
1717,2172,0.611432324255908
1717,2176,0.42427422368782797
1718,1737,0.23385751125016035
1718,1851,0.5567852344569664
1718,1855,0.7771242193683565
1718,1858,0.5234788221047875
1718,1864,0.2182610903122935
1718,1865,0.419622676310531
1718,1871,0.16547029829652485
1718,1923,0.5004449241388976
1718,2112,0.350042499525689
1718,2116,0.573058395363222
1718,2125,0.3566796361589729
1718,2127,0.42563755725549546
1718,2138,0.6434128219768148
1719,1752,0.3228561535585648
1719,1785,0.3695797689376995
1719,1859,0.27895131393639194
1719,1951,0.5505408472326482
1719,2105,0.3656907103571522
1719,2111,0.5545654536741592
1719,2113,0.33071112489584653
1719,2183,0.333512717142464
1719,2264,0.3593506842329419
1722,1732,0.684957005394799
1722,1741,0.5215645099021383
1722,1753,0.5551493699256904
1722,1884,0.36783810381061555
1722,1896,0.4657778251853469
1722,1908,0.4537000738130075
1722,1921,0.42359640078026223
1722,2049,0.5300896425593276
1722,2058,0.6110984213234965
1722,2213,0.6580284682768719
1724,2156,0.25922034227682694
1725,1737,0.5028147025380932
1725,1751,0.4043271289623787
1725,1854,0.5565517881346208
1725,1857,0.2621695946600729
1725,1862,0.32023014136426764
1725,1868,0.3847626972347419
1725,1873,0.3942175679523237
1725,1884,0.5431793535728765
1725,1898,0.3520377467395704
1725,1903,0.4777670752572568
1725,1907,0.6896699200601509
1725,1928,0.37997742575174104
1725,1933,0.28811890636513726
1725,1943,0.39302545202141265
1725,2052,0.41929114822500735
1725,2085,0.3900978134379231
1725,2140,0.35912944369809713
1725,2178,0.3382545900949937
1725,2181,0.573993739593035
1725,2185,0.3605553761313719
1726,1758,0.7044871835373614
1726,2101,0.5405908179996728
1726,3009,0.38289535095266686
1727,1771,0.6773851096079039
1727,1781,0.44594196532679653
1727,2057,0.31251732961938156
1727,2067,0.25100843289440977
1727,2127,0.31593920671829995
1727,2162,0.5647972668743795
1727,2254,0.4539894166269656
1728,1850,0.3586597116783877
1728,1947,0.5128640723619526
1728,2121,0.2273029935994422
1728,2145,0.069626949279179
1728,2267,0.2606603422484246
1728,2309,0.3567846142801266
1728,2324,0.35094133617593476
1728,2329,0.5401357235924533
1730,1901,0.5428810317092596
1730,2294,0.3398156434785873
1730,2304,0.24925850782670406
1730,2317,0.3386975220455455
1731,2111,0.25252805419952984
1731,2174,0.34478008122194664
1731,2176,0.26476408216856295
1731,2180,0.5282617360137126
1731,2327,0.6376827575747411
1732,1741,0.31248085996645425
1732,1753,0.8324669742511925
1732,1773,0.3386309179579088
1732,1896,0.4063491289582388
1732,1908,0.6186322219535976
1732,1918,0.4876289817295361
1732,2049,0.4374162882316459
1732,2058,0.35490691410290026
1732,2067,0.3757501885996552
1732,2094,0.3971206227571447
1732,2256,0.4170624910510263
1733,1750,0.571765707662422
1733,1902,0.5671746595314724
1733,1903,0.38531158647775865
1733,2052,0.4265218976548355
1733,2056,0.3411604810386327
1733,2178,0.39112307174156724
1733,2269,0.8299978465834413
1733,2321,0.44215769376351444
1733,2330,0.5961571239498946
1737,1853,0.6021884345917212
1737,1858,0.2435423617332497
1737,1868,0.6910571028062202
1737,1873,0.6422194680097812
1737,1884,0.3971359672169302
1737,1907,0.568048550370498
1737,1923,0.24544763609275091
1737,2085,0.5156073775321323
1737,2098,0.5012587482259264
1737,2139,0.19347376758687984
1737,2140,0.8573580400495749
1737,2175,0.5983477358654855
1737,2185,0.4921123499711284
1737,2267,0.40680860363755583
1738,1849,0.3247135513174686
1738,1859,0.39588569753642605
1738,1872,0.3785809819979398
1738,2100,0.2039408596966459
1738,2114,0.38362818864524323
1738,2126,0.32747506219320993
1738,2129,0.13542936032721428
1738,2182,0.28452482649258054
1739,1751,0.7149387017991312
1739,1848,0.31289566291797044
1739,1921,0.3760311502468307
1739,1928,0.31072996407800163
1739,1940,0.45646301878508455
1739,1943,0.7017487405122751
1739,1945,0.82072633157618
1739,2079,0.2800991527435072
1739,2082,0.37295598153835174
1739,2090,0.5101203842561676
1739,2181,0.36287435114251276
1739,2266,0.6560688506591189
1740,1760,0.23226468008324538
1740,1863,0.5804085753290228
1740,1920,0.25379912656433123
1740,2074,0.3849539681489057
1740,2167,0.3657614294457217
1740,2168,0.34301354719704913
1740,2619,0.7196764516426436
1740,2647,0.334444207703764
1741,1753,0.29540016422948584
1741,1884,0.2760112604188688
1741,2049,0.8263448646394956
1741,2058,0.40993976775311314
1741,2127,0.3328355512670479
1741,2160,0.3705373536053165
1741,2213,0.32357454855100926
1742,1893,0.1988019731966483
1742,2124,0.31885351868169587
1742,2177,0.1612612611685814
1742,2189,0.21962119320026074
1742,2598,0.6427346276940432
1743,1761,0.26826706540117085
1743,1784,0.3108964320728744
1743,1891,0.49179451482571906
1743,1935,0.35508915851165546
1743,1945,0.4656022435196763
1743,2079,0.5205538049184877
1743,2095,0.3652347885046022
1743,2262,0.36109918954881765
1743,2266,0.44100877915802456
1744,1756,0.218156211205888
1744,1940,0.13796085027421007
1744,2075,0.18794449407527164
1744,2090,0.23798030203257342
1745,1759,0.35850219804774447
1745,1930,0.2840793188029697
1745,1941,0.5549498188477991
1745,1944,0.4002091815569335
1745,2028,0.3396486489949461
1745,2077,0.37508637119090227
1745,2153,0.15902535853760055
1745,2299,0.31630011566063865
1745,2317,0.4040275910729513
1746,1749,0.38771932180691404
1746,1896,0.3459064435560461
1746,1918,0.2650828737336286
1746,1935,0.6113412051954322
1746,2078,0.5427156131512078
1746,2096,0.38685145904528173
1746,2271,0.3864461272094471
1747,1848,0.7603083263280652
1747,1856,0.4470671839566577
1747,1896,0.37194070654523265
1747,1908,0.3133878988828839
1747,1949,0.325606810825798
1747,2056,0.3868678459314291
1747,2087,0.6002754400093505
1747,2090,0.37590337143409785
1747,2255,0.41871067696991177
1749,1935,0.6547115836874082
1749,1949,0.40538844788648765
1749,2078,0.3786030977853206
1749,2091,0.3930539368181926
1749,2095,0.3607743476536387
1749,2096,0.8520659218800793
1750,1751,0.4124049800989244
1750,1884,0.3841101162390334
1750,1898,0.35046016428003696
1750,1908,0.5221032663621544
1750,1921,0.3579131158844147
1750,1943,0.46248945421343546
1750,2056,0.3561257538688418
1750,2078,0.27858188808569373
1750,2081,0.30745236854459723
1750,2090,0.3737186203176707
1750,2178,0.525261170626633
1750,2269,0.7272757984455372
1751,1884,0.29608406069119186
1751,1921,0.4614383750207709
1751,1928,0.294995374697253
1751,1933,0.34646617861733153
1751,1943,0.7357312910829928
1751,1945,0.37004383349672626
1751,2090,0.38658501952203567
1751,2181,0.6519872951583523
1751,2266,0.6328101372258617
1752,1786,0.28163944701350163
1752,1861,0.25826994691311905
1752,1885,0.36479797924451135
1752,1912,0.4735657077793286
1752,1931,0.3922168258508716
1752,1939,0.427052257422009
1752,2105,0.4799519368080247
1752,2109,0.276534402100606
1752,2189,0.38428903175740897
1752,2274,0.586068081748238
1753,1773,0.33853750846153796
1753,1868,0.35113306804458844
1753,1884,0.38862114717339513
1753,1896,0.35841556777974576
1753,1908,0.680552169981306
1753,1918,0.38654759021832824
1753,1928,0.5341964782802885
1753,2049,0.31630643638140343
1753,2095,0.2965613360143312
1753,2256,0.49909119616853714
1754,1887,0.5882919738629695
1754,1926,0.2762322362979265
1754,2196,0.6150922470295986
1754,2206,0.2724997625839779
1755,1762,0.41816815967491483
1755,1852,0.3423196835054041
1755,1886,0.4546991564494755
1755,1889,0.4365536485087949
1755,1894,0.4192290741251972
1755,1910,0.6555837002526149
1755,1940,0.5069591288786511
1755,1943,0.3702476170643898
1755,1951,0.5413349059464682
1755,2090,0.4562411431598288
1755,2172,0.39611705235437383
1755,2176,0.19002999837912393
1756,1915,0.34111990102618633
1756,1916,0.3100169048790764
1756,1927,0.47593213462279793
1756,2075,0.6496876450210262
1756,2184,0.38756274329891083
1756,2264,0.4204537036362601
1757,1851,0.31716551558393663
1757,1871,0.5144887697937865
1757,1933,0.22924821063709833
1757,2065,0.5641484007452269
1757,2112,0.283592430805575
1757,2137,0.1704454425255442
1757,2140,0.10444350823479794
1757,2185,0.19896438980301662
1757,2265,0.563958292480366
1758,1845,0.38133320108374386
1758,1952,0.33942584782738355
1758,2044,0.3696531565067554
1758,2101,0.7159741683454559
1758,2644,0.3910524571968237
1758,3009,0.34482345885249177
1759,1950,0.29652201370953446
1759,2009,0.2805031185743833
1759,2153,0.5238749365582447
1759,2296,0.4744316095505941
1759,2310,0.4693175979220092
1760,1863,0.20939175360062492
1760,1920,0.6339858229463616
1760,2074,0.4461563145225504
1760,2168,0.2553001099443695
1760,2884,0.2545451023952244
1761,1848,0.38741722029334796
1761,1856,0.35768872178034256
1761,1916,0.5620789711062439
1761,1924,0.35485525120112693
1761,1927,0.24221938555590583
1761,1949,0.7175196792934005
1761,2072,0.37535938286755377
1761,2080,0.6334480765263092
1761,2087,0.5237305510528408
1761,2089,0.2934907421152059
1761,2096,0.28896325063026174
1762,1848,0.3196982294870036
1762,1910,0.5907362771326581
1762,1940,0.7955332031932034
1762,2082,0.32743193024212636
1762,2089,0.3391319734353505
1762,2090,0.2991457040717129
1762,2137,0.401857760170101
1762,2172,0.438846976046347
1762,2185,0.3535383756565164
1762,2265,0.25071869371068756
1764,1952,0.4579724824928778
1764,2004,0.45384893148119104
1764,2044,0.4459002585714538
1764,2193,0.38512087929020566
1764,2282,0.43153095127212177
1764,2318,0.7329699831429971
1765,2252,0.6141462718302024
1765,2280,0.6458596474723982
1765,2286,0.4757734438951724
1765,2289,0.5248714802418174
1765,3005,0.5317708525481277
1766,1788,0.375996154402424
1766,2069,0.3887810886368524
1768,1785,0.16244803236094157
1768,1786,0.8123421433652593
1768,2105,0.6074193753970262
1768,2111,0.2922230469290519
1768,2113,0.33028310906500763
1768,2120,0.18394813239051627
1768,2131,0.3794240415590002
1768,2189,0.5282707247905805
1769,1777,0.3689103029036779
1769,1897,0.34194810616948673
1769,1929,0.33221148092405417
1769,2043,0.6667136993057476
1769,2200,0.30952128896518993
1769,2259,0.3555059900679257
1770,1788,0.26100986412429106
1770,2021,0.42845992207408234
1770,2234,0.4016393142272492
1771,2128,0.20970474301940686
1771,2136,0.2392245439240405
1771,2139,0.34452539096554374
1771,2162,0.3136889855711024
1773,1848,0.31523028108370155
1773,1853,0.42840749498554354
1773,1856,0.5832881177592283
1773,1862,0.40302501602754204
1773,1907,0.4107656685715641
1773,1928,0.5356012403953528
1773,2081,0.31970448043487787
1773,2087,0.3759984459975929
1773,2098,0.30340121678155124
1773,2255,0.3906784747631734
1773,2256,0.24769173951366696
1774,1888,0.35377137801184655
1774,2122,0.7165323907739544
1774,2328,0.5464785104649743
1775,1777,0.2835248398930807
1775,1932,0.4374192176812333
1775,2128,0.3961236488420011
1776,1878,0.45954670786840673
1776,1901,0.327357355961919
1776,1989,0.6175779882109551
1776,2035,0.38034417772516865
1776,2055,0.3280401916422256
1776,2304,0.3132105395781263
1776,2330,0.3370126531760884
1777,1909,0.628262654058532
1777,1925,0.3010605642511409
1777,1929,0.5445869238271592
1777,2200,0.29868153202655606
1777,2257,0.6705053209953861
1777,2259,0.4572202626562897
1778,1922,0.5913403263150733
1778,2045,0.7029970805604996
1778,2060,0.4979432400867213
1778,2287,0.5485458699526812
1778,2333,0.6742727635779378
1778,2336,0.4871053522207253
1780,1900,0.37150963162477707
1780,1904,0.4165760967055569
1780,1931,0.3854330610126212
1780,1950,0.8048745855781251
1780,2296,0.400412239938586
1780,2307,0.2516997228971595
1781,2067,0.2828318136523913
1781,2094,0.38449539137727734
1781,2128,0.3742402874097274
1781,2156,0.42048320573635195
1781,2162,0.5919957940561366
1782,2036,0.7104345236022033
1782,2069,0.3780989330534219
1782,2300,0.3149452520287577
1783,2210,0.4760092021636587
1783,2312,0.4289283314881106
1783,2392,0.566162169808466
1783,2472,0.46968406002412344
1783,2478,0.6596640681897835
1783,2547,0.32622225179169384
1783,2571,0.25552195777185505
1783,2582,0.33833165688421507
1783,2588,0.7043700275180038
1783,2649,0.32552356660671333
1784,1887,0.29236793946245326
1784,1891,0.7524054940175443
1784,1921,0.3772835768765057
1784,1926,0.43586392165853577
1784,1938,0.3317853234689286
1784,2056,0.38591926745546506
1784,2150,0.36925787341306826
1784,2196,0.25220112508874787
1784,2198,0.45319485063390746
1785,2100,0.4654559138248278
1785,2111,0.4009784200275733
1785,2113,0.5083986290000468
1785,2117,0.32663207170055586
1785,2120,0.557738146868226
1785,2171,0.3796273815185004
1785,2183,0.6080992843492626
1786,1788,0.3903363006548531
1786,1983,0.35771181376114464
1786,2027,0.3468590065604544
1786,2105,0.5680056535118785
1786,2109,0.4021733100491136
1786,2111,0.2576676597305682
1786,2113,0.2991758342964444
1786,2131,0.40572901374242265
1786,2189,0.37662471379722345
1787,1857,0.4348319129621609
1787,1860,0.41185591406170535
1787,2068,0.4433061180918497
1787,2100,0.30283775974376104
1787,2110,0.5382162034000312
1787,2117,0.47120931796581234
1787,2118,0.4332594524257031
1787,2130,0.09477439516049478
1787,2133,0.4780209130709189
1788,1912,0.23617575772176685
1788,1983,0.6048858823780497
1788,2021,0.2980789962396938
1788,2045,0.2944663046470027
1788,2109,0.37278447114699387
1788,2333,0.2790320245449109
1845,1952,0.4212976730188766
1845,2044,0.3207520787829898
1845,2101,0.45708345024364305
1845,2164,0.439806623478453
1845,2251,0.6282369903838606
1845,2282,0.3259249056096834
1846,1880,0.38994887003717305
1846,1893,0.36508914323466846
1846,1934,0.6952198395093557
1846,2048,0.47243594453750287
1846,2168,0.3510876399922519
1846,2274,0.5277964671626598
1848,1856,0.6262232003045642
1848,1928,0.38249027344574926
1848,1940,0.4458910085874632
1848,1943,0.42088737495888834
1848,1945,0.292881116422343
1848,1949,0.33912041520464564
1848,2087,0.769049822241083
1848,2090,0.48835454222595087
1849,1859,0.5177167666487729
1849,1916,0.1786959898365587
1849,1917,0.47984092769622533
1849,1932,0.6501159262164667
1849,2088,0.6854381346879905
1849,2258,0.30997705650861307
1849,2270,0.43667627552210825
1850,1858,0.39934629309331215
1850,1868,0.1831840945797479
1850,1923,0.4674992182830962
1850,2037,0.47647001349125917
1850,2145,0.09042064910091407
1850,2267,0.24158499377470555
1850,2329,0.6680594914884477
1851,1855,0.5633869176011208
1851,1864,0.5615641840339168
1851,1865,0.3846511466368574
1851,1871,0.3867823512338076
1851,1933,0.6899746859252487
1851,2065,0.27832595570173646
1851,2085,0.3532865245202974
1851,2112,0.4395730259303626
1851,2116,0.5203457799547577
1851,2185,0.3362112501667275
1851,2323,0.27432793315118215
1852,1862,0.5884105741076597
1852,1894,0.3858668776881014
1852,1902,0.39148191773131846
1852,1903,0.5603524761388322
1852,2031,0.2913143543181696
1852,2064,0.5158781995989149
1852,2081,0.5419822613868238
1852,2121,0.49785111260424825
1853,1862,0.3524094789378372
1853,1868,0.6533855646159854
1853,1873,0.46213270900387166
1853,2098,0.4497832564076123
1853,2128,0.33720559683115153
1853,2129,0.37039764682934606
1853,2140,0.5328078189375755
1853,2175,0.6415967867493985
1853,2267,0.48161761452816637
1854,1857,0.7380298848222928
1854,1860,0.6671679637276485
1854,1869,0.2862816310951144
1854,1907,0.44828903514544394
1854,1933,0.35442341507960984
1854,2052,0.3163871578352705
1854,2065,0.29895521119217944
1854,2112,0.3285429706143702
1854,2132,0.5307311874562031
1854,2134,0.3544722264711285
1854,2181,0.6459676243581399
1855,1858,0.6359367010472449
1855,1864,0.401348577866544
1855,1865,0.60289875251764
1855,1871,0.30247165643709845
1855,1923,0.519012090375772
1855,2116,0.3732155562056114
1855,2125,0.5030614484784418
1855,2127,0.32469599568084323
1855,2138,0.4999555306132123
1856,1862,0.35959897134036733
1856,1916,0.38927585177095875
1856,2072,0.30176272958829053
1856,2080,0.5412672131567697
1856,2087,0.816102023533263
1856,2255,0.5277699323431132
1857,1860,0.9423506939992671
1857,1907,0.36046136861618866
1857,2065,0.23256696614435837
1857,2068,0.3248837935442417
1857,2110,0.410743552226073
1857,2112,0.3083511058991939
1857,2118,0.44165892988923916
1857,2130,0.04048036256035523
1857,2132,0.6383467849064411
1857,2133,0.584459199892745
1858,1868,0.47358494090592496
1858,1871,0.3470230844145101
1858,1884,0.4518954879656935
1858,1923,0.8543026032416516
1858,2085,0.2562621513281084
1858,2138,0.3973251024284202
1859,1910,0.1905384166014549
1859,1947,0.333957067528919
1859,1951,0.284160455301577
1859,2121,0.16479863497585714
1859,2129,0.1698558382344971
1860,1907,0.47889814598092295
1860,2068,0.45690462717554364
1860,2110,0.41819267971594654
1860,2112,0.27058762949097614
1860,2118,0.4527187864999933
1860,2132,0.5476446103398219
1860,2133,0.5554518659297104
1861,1883,0.4846776403413903
1861,1885,0.5140805981204452
1861,2108,0.4038643865859026
1861,2109,0.8931472761187118
1861,2124,0.544372140140133
1861,2593,0.24729691385576485
1861,2883,0.3915034276532002
1862,1873,0.4788773144754186
1862,1903,0.44654756602918616
1862,1907,0.5467765425635233
1862,1910,0.28895110512406524
1862,2064,0.3375280198629154
1862,2081,0.5673797618301692
1862,2121,0.4045593710280164
1862,2129,0.283565484594073
1862,2140,0.2857207709219434
1862,2267,0.4295277606611498
1863,1906,0.3403231689958983
1863,1920,0.3925328506041447
1863,2074,0.41598735669015896
1863,2619,0.3756730291819043
1863,2647,0.69751006386095
1864,1865,0.48949432736668624
1864,1870,0.23674897944522258
1864,1871,0.38261482116371515
1864,1933,0.310146494902447
1864,2116,0.2879978431313514
1864,2125,0.4129213049879461
1864,2323,0.43221256607398106
1865,2116,0.4324474258138922
1865,2125,0.8050805135117568
1865,2127,0.4598697385903556
1865,2138,0.33974527132506593
1868,1873,0.48824676035959325
1868,1884,0.701947143738969
1868,1908,0.3100305436065378
1868,1923,0.4193256289277097
1868,1928,0.37020859930792166
1868,2085,0.45712375884146444
1868,2140,0.4774407907090761
1868,2175,0.40647949055465704
1868,2267,0.5122198137171954
1869,1889,0.25393618047227023
1869,1898,0.2510872238315061
1869,2065,0.4300327323733697
1869,2134,0.5416678288073625
1869,2145,0.17685374852421512
1870,1933,0.5914406146152429
1870,2082,0.5697317149065293
1870,2085,0.3177909124664143
1870,2095,0.5411712059860159
1870,2098,0.26207687063223706
1870,2185,0.28737655759374076
1870,2323,0.26143083829922603
1871,1884,0.11163901635072956
1871,1898,0.17673441209403012
1871,1923,0.3468815732706023
1871,1933,0.1875917164822234
1871,2140,0.11166963647152169
1871,2145,0.20280334545014703
1872,2068,0.2681836790180061
1872,2098,0.17080034655053963
1872,2114,0.30022514859664295
1872,2143,0.41785013049999026
1872,2175,0.1644089308329843
1872,2323,0.38366952621375255
1873,1898,0.37728059924911866
1873,1907,0.3551824487393997
1873,1923,0.2516069500363975
1873,1984,0.2383238852364508
1873,2031,0.2454886182062791
1873,2081,0.3469953152468976
1873,2140,0.587630568531713
1873,2178,0.37299599491541213
1873,2267,0.7961774536430968
1874,1979,0.5831082726667624
1874,2407,0.36574987471514986
1874,2408,0.44603773562007293
1874,2463,0.21416810736499828
1874,2472,0.33496835504116557
1874,2513,0.4084954927655896
1874,2582,0.5398981416716527
1875,1876,0.6437481746123459
1875,1881,0.37040514167070726
1875,1980,0.5202251364563967
1875,2169,0.3451911825539294
1875,2188,0.3317764142339682
1875,2227,0.42645327578228037
1875,2252,0.4449513330175021
1875,2288,0.47331667978071584
1875,2320,0.3768607655556327
1875,2335,0.24918467197276645
1875,2813,0.3733824912570381
1876,2165,0.5356075388362663
1876,2167,0.36108721030552415
1876,2169,0.5167482575942508
1876,2186,0.37948760742011156
1876,2188,0.6119848135301077
1876,2334,0.5835064874423078
1876,2813,0.40340660627630087
1877,1890,0.3510878448497084
1877,2044,0.35210923343559886
1877,2217,0.20247570872329226
1877,2337,0.3468895031464736
1877,2808,0.48002963072550975
1877,2879,0.11613365169580422
1878,1900,0.49158599082639426
1878,1975,0.5339085491483011
1878,1976,0.40257210218879613
1878,1989,0.3090996235710954
1878,2073,0.2531855017603134
1878,2307,0.2873883007151387
1879,2002,0.30870395515563226
1879,2062,0.36928468376163837
1879,2186,0.3937278035660306
1879,2280,0.35717079894295295
1879,2303,0.3191469440174137
1880,1934,0.4866668770591261
1880,2076,0.29513150604340577
1880,2168,0.41996882894587917
1881,2032,0.6554991195686618
1881,2033,0.6503744789124737
1881,2169,0.38475946951342366
1881,2227,0.5377721461279241
1881,2288,0.37642270617533014
1881,2320,0.33405471624272304
1881,2652,0.6857661490246696
1881,3009,0.36331308279784685
1883,2047,0.4411721197784699
1883,2108,0.855112972849806
1883,2109,0.3010208744447405
1883,2124,0.5675574550392297
1883,2710,0.5510997471336274
1883,2883,0.808287750062631
1883,2884,0.43130008287691896
1884,1898,0.3660817607187546
1884,1908,0.422051778251289
1884,1923,0.46513355903256287
1884,1928,0.3835089784313875
1884,2085,0.3930671236990087
1884,2178,0.5315981249781458
1884,2267,0.3507826515717886
1885,1934,0.3920837667859739
1885,2109,0.4454775435763964
1886,1889,0.7930828880376705
1886,1894,0.47430443494671165
1886,1898,0.4208048034344036
1886,1902,0.3782013629392038
1886,2176,0.5428296840532834
1886,2180,0.33001237930381466
1886,2330,0.5278957517102566
1887,1926,0.7646767661648589
1887,2091,0.3350210255682141
1887,2196,0.36424537108364535
1887,2206,0.3663486696009173
1888,1937,0.4203537215143411
1888,2122,0.4188988013146987
1888,2179,0.4954597326509789
1888,2328,0.14538840514249055
1889,1894,0.5802657418363306
1889,1898,0.5672011076565696
1889,1903,0.31516101928677825
1889,2176,0.6056220516167157
1890,2393,0.7031983363146777
1890,2403,0.3361553589985679
1890,2410,0.6070266231818844
1890,2422,0.33496902783403765
1890,2595,0.45238448218326044
1890,2644,0.2559280072412963
1891,1921,0.5139773788357528
1891,2079,0.34287329538182
1891,2087,0.24841871396449258
1891,2196,0.3660790602977296
1891,2213,0.3645256377158887
1891,2266,0.4110111614776154
1892,1918,0.4459003390403971
1892,2094,0.36027644654248814
1892,2152,0.6642341251653457
1892,2156,0.631911207560689
1892,2207,0.4014222104452653
1892,2260,0.5339796990467808
1893,2177,0.5994838083793752
1893,2274,0.3748801452824469
1894,1910,0.39154242368559683
1894,2176,0.43211595741029485
1895,1901,0.31920725837817765
1895,1902,0.3233644546330077
1895,2007,0.3474765075067159
1895,2035,0.4990666439677882
1895,2059,0.5232855719282241
1895,2073,0.44186359357158983
1895,2180,0.31839316992025807
1895,2184,0.37151426566614393
1895,2264,0.37556123311829387
1895,2298,0.5093747933247466
1895,2315,0.4544320959813687
1895,2330,0.32172520642513325
1896,1908,0.34483866997660106
1896,1921,0.38326000064558013
1896,1935,0.33004339539469135
1896,2056,0.3817454617402373
1896,2087,0.3716354516541016
1896,2207,0.3481150578511909
1896,2213,0.3968874826262183
1896,2255,0.6318927979399145
1897,2042,0.5294165930200432
1897,2259,0.33677332863043163
1897,2315,0.475645685304775
1898,1943,0.3614497569930085
1898,2178,0.8589343414356688
1898,2267,0.3125930770350702
1898,2321,0.32813061815955896
1899,2002,0.4589538994411911
1899,2173,0.7491948240476632
1899,2296,0.28400393344031294
1900,1950,0.26801328901952765
1900,2073,0.5360181345844208
1900,2174,0.398639351504215
1900,2294,0.2115123694393834
1900,2307,0.72799045590347
1901,2028,0.3744939437759187
1901,2046,0.45731322421943693
1901,2150,0.40395731223447
1902,1903,0.5003068254929618
1902,2031,0.2813707886951187
1902,2046,0.35580835095715335
1902,2056,0.3733849589576557
1902,2081,0.41416962507993227
1902,2150,0.3956559361572512
1902,2269,0.6081362916392343
1902,2330,0.8200717295454616
1903,1907,0.33084637373949805
1903,1921,0.4264992035066124
1903,2052,0.6146182132877478
1903,2081,0.740098401649484
1903,2132,0.35165743604147703
1903,2134,0.29412806582834916
1903,2178,0.32282704191702843
1903,2181,0.3724204513990266
1903,2267,0.35641802563458436
1903,2269,0.39981056367294177
1903,2330,0.30630132741049027
1904,1930,0.465569494712611
1904,1939,0.4600568829535807
1904,1944,0.36350220127205013
1904,1948,0.8109963150088227
1904,1950,0.3912595777543656
1904,2069,0.3101820493491443
1904,2272,0.4458387018021814
1904,2299,0.32057215498848024
1904,2310,0.3081319669923884
1905,2040,0.2973494907046038
1905,2063,0.2779225880324983
1905,2224,0.42882778261299953
1905,2227,0.3391792600064663
1905,2337,0.3535809342266988
1905,2652,0.39892725288623904
1906,2619,0.3168024851768223
1906,2813,0.43733530643860496
1907,1928,0.4036666005199047
1907,2085,0.40513904342011386
1907,2098,0.40770400913240573
1907,2132,0.24140781310181267
1907,2140,0.4408399831557153
1907,2181,0.2914211174055306
1907,2185,0.473304341678792
1908,1928,0.3654374245163851
1909,1929,0.6752134285180619
1909,2257,0.4477620489107638
1909,2259,0.5799648691037762
1910,1940,0.4289377362529662
1910,1951,0.6653253371691047
1910,2126,0.2928749243618768
1910,2137,0.37493635186243
1910,2172,0.4665342668004872
1910,2182,0.463040876832262
1912,1939,0.38303606201889534
1912,1983,0.3386587696320298
1912,2093,0.24171227763211162
1912,2113,0.5203696732084511
1912,2274,0.37741243393760826
1915,1942,0.3560265320478259
1915,2061,0.5190317880745636
1915,2077,0.41112977077553
1915,2184,0.6343133843519284
1915,2206,0.44921256421623623
1916,1917,0.3381311771203381
1916,1924,0.2671205298347478
1916,1927,0.33887810706763233
1916,1949,0.3918611788830044
1916,2072,0.5926242936682394
1916,2080,0.6434421767945753
1916,2087,0.3622317215310802
1916,2258,0.39344184009450206
1916,2270,0.6976830433959937
1917,1925,0.4365497622356755
1917,1932,0.3342510218296711
1917,2088,0.26980473127377186
1917,2259,0.4004954613648017
1917,2270,0.44311176874302693
1918,2054,0.3363641809595306
1918,2057,0.1697433664794189
1918,2067,0.7728251184540637
1918,2094,0.44996377830482903
1918,2152,0.43568133384302227
1918,2156,0.39815535635271704
1918,2254,0.24589919026211943
1918,2256,0.5595369324101466
1918,2260,0.5197719532405934
1919,2006,0.35848038163337514
1919,2252,0.7475823951554277
1919,2320,0.4521512481612616
1920,2074,0.8376090528659914
1920,2647,0.33011611447349015
1920,2710,0.30765819037402187
1920,2884,0.508992514080191
1921,1943,0.45052109270146046
1921,2056,0.49109102472917376
1921,2081,0.3957222615452668
1921,2181,0.4113383455378655
1921,2213,0.5298713159704423
1921,2266,0.5831464376528211
1922,2047,0.396349362188138
1922,2048,0.3812612220959282
1922,2060,0.5604485746650226
1922,2074,0.3946076014099279
1922,2333,0.4394093858283954
1922,2336,0.3972746117728617
1922,2710,0.3929727902523669
1922,2883,0.3527229542727762
1922,2884,0.4455681583465138
1923,2138,0.36964872849290015
1923,2178,0.3096213344007918
1924,1927,0.6711708655527336
1924,1949,0.39036757785512166
1924,2072,0.26480119086163223
1924,2075,0.3597432370238208
1924,2080,0.2238716528187978
1924,2093,0.46570476092995006
1925,1932,0.38794902236170264
1925,2069,0.2574850348338178
1925,2088,0.26089735453372276
1925,2257,0.5033059642364567
1925,2259,0.38177617493821103
1926,1938,0.30297860876883304
1926,2091,0.38801964406597417
1926,2198,0.3755354837768456
1927,1949,0.32564469326572204
1927,2072,0.3965457682230168
1927,2075,0.7746140681329492
1927,2080,0.2718306691673103
1927,2093,0.6908822014288653
1928,1943,0.4053168801793507
1928,2085,0.6485999088931066
1928,2090,0.35430415526513237
1928,2095,0.49496553848064695
1928,2098,0.46830269178052
1928,2266,0.38396280094422236
1929,2043,0.498040154197124
1929,2072,0.36053865399919416
1929,2255,0.4120093171904134
1929,2257,0.36916032673364885
1929,2259,0.7136211342506065
1930,1941,0.3499241634170332
1930,1948,0.6563650052691017
1930,2028,0.5668611777309548
1930,2041,0.3747971506278068
1930,2077,0.291617300644099
1930,2305,0.5159163689649153
1930,2322,0.6962697760831171
1931,1950,0.2604115563838742
1931,2179,0.4260796357179992
1931,2253,0.3144129287201931
1931,2274,0.41609260442511736
1932,2088,0.60428074273372
1932,2257,0.28270878790653337
1932,2258,0.343386283236035
1932,2270,0.38322204091285367
1933,2082,0.37152229673718656
1933,2085,0.48084890331496744
1933,2095,0.3828769417286212
1933,2185,0.4135040868823067
1933,2265,0.4237734490228651
1934,2168,0.41908178310987454
1934,2173,0.3139094868732225
1934,2274,0.4981667802278289
1935,2078,0.7431323572297065
1935,2091,0.5681966722298744
1935,2096,0.47349305991671253
1935,2266,0.45995538314441825
1936,2124,0.47340731677198844
1936,2598,0.46041807508891447
1936,2601,0.33987189430291265
1936,2607,0.40989265983730067
1936,2619,0.1504001502520879
1936,2647,0.275206722798665
1937,1942,0.5481793746487071
1938,2056,0.4053271889402391
1938,2150,0.4352758668281523
1938,2269,0.32072035715124286
1939,1948,0.3248798137567089
1939,2272,0.7139057451354431
1940,1943,0.48824250676592734
1940,1945,0.4799545253716791
1940,2082,0.379675948361528
1940,2090,0.5651353350706276
1940,2172,0.3828328668095424
1940,2185,0.3871611278241664
1940,2265,0.3010134438947666
1941,1944,0.5917684913651061
1941,2295,0.3944119198615253
1942,2120,0.3289109740464386
1942,2187,0.3979360112114514
1943,1945,0.3971861329652333
1943,2090,0.7302066221225506
1943,2181,0.3988490771541051
1943,2266,0.4174805914212915
1944,1948,0.28596948784517523
1944,2069,0.4885587736326169
1944,2301,0.4124145138654812
1945,2079,0.39371464194559336
1945,2082,0.5661049554468598
1945,2089,0.3829533847485266
1945,2266,0.4895705227420053
1947,2007,0.3487826924288935
1947,2121,0.2677897854945175
1947,2253,0.5908546495434359
1947,2309,0.32440325737090325
1947,2324,0.8003550106637883
1948,2021,0.25442708736724057
1948,2322,0.41328547491655665
1949,2075,0.3003117917438362
1949,2080,0.32534709947904983
1949,2087,0.36799748523055587
1949,2096,0.4586756440264277
1949,2262,0.31635575889204215
1950,2051,0.2463696789913534
1950,2296,0.6931844919079655
1950,2310,0.5972905242325102
1951,2111,0.33251305479906695
1951,2172,0.2818621470414305
1952,1977,0.2973806860407441
1952,2044,0.6424091104683867
1952,2164,0.596078003511202
1952,2251,0.7274546861742069
1952,2282,0.31452033678046865
1952,2808,0.3985904578134252
1952,2887,0.34187056168440877
1954,1959,0.3151365941749718
1954,1960,0.5020563842905258
1954,1965,0.5664652579332112
1954,1967,0.3651179349443614
1954,2249,0.22459124047651827
1955,1957,0.6638237093221021
1955,1961,0.33865747350953906
1956,1962,0.7422493570288757
1956,1963,0.6610710531349167
1956,1968,0.37462326200630336
1956,1969,0.42404749793656804
1956,2250,0.3072345546964725
1956,2339,0.6040725321706295
1956,2341,0.35049754671860284
1956,2872,0.3904201099005856
1957,1958,0.3611625841482064
1957,1961,0.4290006367352105
1958,1969,0.3071361123294282
1958,2345,0.5045773761124512
1959,1960,0.834330173162534
1959,1963,0.4806687718750614
1959,1965,0.6435645473463004
1959,1966,0.3297553070334907
1959,1967,0.4922487050072818
1959,1968,0.4969673130592856
1959,2249,0.6160681205525078
1960,1965,0.5914451131762192
1960,1966,0.25307673146711657
1960,1967,0.5405983295159368
1960,2249,0.5809294258607787
1961,2250,0.4383431458780167
1961,2338,0.6386579041901979
1961,2339,0.512220374593176
1962,1963,0.7925435368871866
1962,1968,0.4405250112723015
1962,1969,0.727473969400899
1962,2250,0.3859064979864553
1962,2339,0.46331151608256255
1963,1966,0.23879782921887116
1963,1968,0.6193409103866658
1963,1969,0.6995418555309044
1963,2339,0.5126175838626938
1965,1966,0.6168460438801612
1965,1967,0.388096694316525
1965,1968,0.4050515251760783
1965,2249,0.462641257702823
1966,1967,0.3128649743652239
1966,1968,0.4373273755878022
1966,2249,0.23711972069707374
1968,2249,0.43879679898237295
1968,2341,0.2946727396035449
1968,2343,0.3200857117376335
1969,2250,0.3730446866166691
1969,2339,0.3173546096067781
1970,2244,0.45913571357023847
1970,2250,0.3808136910173993
1970,2348,0.3483274993752141
1971,2190,0.6034693971602686
1971,2401,0.10245430907024551
1971,2575,0.10339577938886987
1972,1978,0.549215802454341
1972,2008,0.5265371580727289
1973,1992,0.4836894374460682
1973,1996,0.4044129411664591
1973,2009,0.5473288763308047
1973,2012,0.38920849196063034
1973,2070,0.3280212506316674
1973,2278,0.40461142174491455
1973,2292,0.4596386012375969
1973,2297,0.26718994103008736
1973,2303,0.38879961813992997
1974,2005,0.5264551277993739
1974,2006,0.35045523305592285
1974,3011,0.2989599486270216
1975,1976,0.8728926208119283
1975,1988,0.3158116356734965
1975,1994,0.37204609324546023
1975,1996,0.3511833604679684
1975,2297,0.521540942866945
1975,2314,0.33459318866742044
1975,2316,0.351644559997458
1976,1988,0.3157448605189852
1976,1992,0.5128165923137846
1976,1994,0.48354255062285206
1976,1996,0.46314755996312257
1976,1997,0.3648543624507769
1976,2009,0.3959869898470501
1976,2148,0.38393873101787246
1976,2297,0.5432833120664893
1977,1979,0.40859361219867313
1977,2144,0.3850693262784438
1977,2161,0.394481773225155
1977,2251,0.4234758274156496
1977,2281,0.41733036670797485
1977,2887,0.7688745339082139
1978,1981,0.34576834904023307
1978,2008,0.5848599582501715
1978,2011,0.43257881059655184
1978,2311,0.5897545468121922
1979,2144,0.39354452164598935
1979,2161,0.5035539917158766
1979,2275,0.7936680093664041
1979,2281,0.3946946770533301
1980,1982,0.39648822954004503
1980,1990,0.5309358168372554
1980,2165,0.34565977613931903
1980,2186,0.41778469954103364
1980,2188,0.32489412849723653
1980,2335,0.658785126875026
1981,1990,0.6795986782448183
1981,2008,0.7315164814086854
1981,2011,0.6733078336856735
1981,2146,0.435885272819114
1981,2335,0.47894283311869884
1982,2062,0.20900451404149314
1982,2070,0.21158469876267658
1982,2186,0.30523602002138017
1982,2335,0.5225123625456802
1982,2593,0.3671916454671298
1983,2021,0.3494057304948632
1983,2048,0.3170216198187677
1983,2109,0.26042646914425227
1983,2333,0.3960509411785153
1983,2883,0.35371140831384634
1984,2031,0.36758106652386463
1984,2064,0.2724996884988821
1984,2114,0.33114108008231113
1984,2118,0.506870618161808
1984,2126,0.5513725010987042
1984,2129,0.23115301859566625
1984,2131,0.4049671109164939
1984,2139,0.35261589671006416
1985,2060,0.5701810094850507
1985,2235,0.38843999184250766
1985,2311,0.7171308478952653
1985,3007,0.5990467797375497
1986,2005,0.4797556323226637
1986,2006,0.6488720156483062
1986,2010,0.3267989641871612
1986,2032,0.5807936721658726
1986,2282,0.4176840684638877
1986,2288,0.5368568562638374
1986,2320,0.6124668234731026
1986,3011,0.5762586759531925
1987,2012,0.5020262305411507
1988,1996,0.351904584107044
1988,2296,0.4183363381253088
1988,2310,0.36949380219625677
1988,2314,0.7567349283545663
1989,2055,0.42576040871970183
1989,2304,0.6081003351569395
1990,2008,0.5448721262960768
1990,2011,0.6280258524341331
1990,2146,0.35687665047229655
1990,2335,0.44781934087620656
1991,1996,0.2007133671672616
1991,2002,0.4785429191442944
1991,2070,0.17691039396529204
1991,2223,0.35970115374532513
1991,2303,0.294603163630511
1992,1994,0.29562152220088067
1992,1996,0.7710608235569497
1992,2001,0.33034460661176296
1992,2009,0.6889111646407964
1992,2070,0.3313041583903715
1992,2148,0.4806679188079667
1992,2278,0.783048089723516
1992,2297,0.6040071081994689
1993,1995,0.4746059153980377
1993,1999,0.23352733228273986
1993,2005,0.3921868258378382
1993,2006,0.4229591449883742
1993,2010,0.5463764078397035
1993,2024,0.29285813333994337
1993,2032,0.4322213366601602
1993,2288,0.37653866653199736
1993,2289,0.3616665774265181
1993,3011,0.4465174921974104
1994,1996,0.2241720790748013
1994,1997,0.710432521997208
1994,2001,0.32379054114842104
1994,2051,0.28684594879980424
1994,2148,0.44357464747810066
1994,2278,0.29203290873757204
1995,2192,0.4027111023501475
1995,2280,0.37199628829823667
1995,2289,0.3690345477905359
1996,2001,0.31988296101120783
1996,2009,0.7165911334001638
1996,2070,0.4497647707058462
1996,2148,0.6921926086995993
1996,2278,0.7528808759873107
1996,2297,0.3375084490586631
1997,2001,0.4357291607512941
1997,2051,0.45699672474024483
1997,2148,0.3962212655033081
1997,2316,0.36694195781107414
1999,2010,0.5528187229471019
1999,2146,0.37103852610997473
1999,2229,0.4093196717184714
1999,2232,0.42244298448356943
1999,2880,0.3829496148209858
2000,2004,0.61177142033381
2000,2193,0.47877340867654844
2000,2279,0.54890016292826
2000,2281,0.5261197673258282
2000,2318,0.5167694764896227
2001,2148,0.4755533939422508
2001,2278,0.6369343022769053
2001,2886,0.33020848764549204
2002,2062,0.4057908445014154
2002,2070,0.262954082365485
2002,2165,0.35039488795739704
2002,2186,0.44333392203847743
2002,2230,0.35926772078985897
2004,2193,0.6482749900419851
2004,2219,0.22848497750582297
2004,2222,0.3154280328956061
2004,2243,0.30249111323286737
2004,2281,0.4542782488620304
2004,2318,0.8031824419069219
2005,2006,0.8278630926262326
2005,2010,0.35734450686243024
2005,2288,0.43975190680972204
2005,2320,0.5090558864540732
2005,3011,0.6956748034057304
2006,2010,0.27031433968171004
2006,2032,0.4054382056956369
2006,2288,0.5109385998109245
2006,2320,0.6305419105374429
2006,3011,0.7020293198064583
2007,2035,0.37848511628482956
2007,2051,0.4989270466797654
2007,2073,0.3310221949560533
2007,2158,0.6079200739077306
2007,2253,0.39389514664489383
2007,2298,0.4094269906089183
2007,2324,0.5438570594258063
2008,2011,0.7301759104997726
2008,2070,0.32294723799386055
2008,2303,0.41278373319397094
2008,2335,0.32039215235014984
2009,2070,0.46510364215692745
2009,2148,0.40656320478201485
2009,2278,0.582091400685577
2009,2297,0.33977052382671685
2009,2310,0.3595503484027362
2010,2227,0.360645669083729
2010,2229,0.2668223192547539
2010,2288,0.4749448079224591
2010,2320,0.3707879154180851
2010,3011,0.34611362761688436
2011,2070,0.45553331750888393
2011,2303,0.3443735502698373
2011,2886,0.36787944117144233
2012,2292,0.6509295814122136
2015,2163,0.4376266675184395
2017,2163,0.3399873305746076
2019,2231,0.47325079678535537
2019,2235,0.5015344615035874
2019,2336,0.38218890223109603
2019,3007,0.4831678963668828
2021,2027,0.425766098289916
2024,2040,0.33582374227200523
2024,2192,0.4120411706883433
2024,2620,0.29221599580940283
2024,2880,0.373330903947187
2025,2340,0.5900546544872367
2027,2111,0.25876022284878036
2027,2131,0.6401279980997665
2027,2158,0.2992340438124305
2027,2183,0.28561613733995067
2027,2211,0.6515577613662726
2028,2041,0.4882797854521663
2028,2206,0.47816727301078576
2028,2305,0.3102146538856527
2028,2322,0.5221645049226346
2030,2034,0.45264793218594024
2030,2036,0.37925730138071273
2030,2155,0.5250021824470908
2030,2215,0.5252986325064255
2031,2134,0.5021569300008932
2031,2267,0.2822591459388399
2032,2033,0.4485986265281951
2032,2224,0.20936528637896473
2032,2227,0.4007484852351893
2032,2288,0.44393725317051275
2032,2320,0.44015850310962235
2032,3011,0.31173544107578205
2033,2044,0.4978645254265721
2033,2164,0.5043954576600518
2033,2169,0.2559466893577709
2033,2282,0.40769764846859313
2033,2652,0.5198052573563605
2033,2808,0.35261848743636953
2033,3009,0.37763150450952515
2034,2036,0.3730837107888839
2034,2215,0.3147178788356565
2035,2055,0.6478498931338664
2035,2073,0.33702025866998214
2035,2298,0.3818823712490181
2035,2309,0.43299333242537336
2035,2315,0.4568847156273261
2035,2326,0.4705429765171918
2035,2330,0.31596629165971396
2036,2155,0.4322632158590187
2036,2276,0.42638740010654974
2036,2299,0.7626153384855632
2036,2301,0.40679843757013967
2037,2058,0.34355485499965
2037,2157,0.3309559834635192
2037,2160,0.6198064946430634
2037,2205,0.339410991586101
2037,2329,0.47880592597877936
2039,2042,0.4158707893768149
2040,2192,0.21505094283757947
2040,2224,0.5061397151218912
2040,2227,0.27650557110590274
2040,2228,0.25034088947014144
2041,2155,0.36675290520048726
2041,2305,0.5207885032915166
2042,2300,0.2710432037567848
2042,2315,0.6310817392527395
2042,2325,0.3641316100485398
2042,2332,0.33770786433705746
2043,2072,0.4187134817213585
2043,2259,0.5156867376855663
2044,2101,0.2239748940329087
2044,2164,0.6792843017023751
2044,2251,0.38545440355094074
2044,2282,0.46176780800072675
2044,2808,0.630822345562872
2045,2060,0.31655718594162974
2045,2287,0.7654473597957926
2045,2333,0.4865450367230514
2045,2336,0.37145593208455835
2046,2150,0.5552014634963583
2046,2174,0.5115883273678267
2046,2180,0.43557950376047977
2046,2187,0.3669761949348664
2046,2307,0.34340982356809674
2046,2327,0.38001340577465126
2047,2074,0.35408914097581895
2047,2108,0.3947786379520725
2047,2619,0.4658711542221644
2047,2710,0.4293577839859271
2047,2883,0.4230027934574124
2047,2884,0.6274401967273898
2048,2108,0.3410560046409722
2048,2177,0.3460717686171902
2048,2333,0.3903900815240837
2048,2710,0.3590545614767752
2048,2883,0.43965232534684034
2048,2884,0.48804680211385276
2049,2058,0.530159284640141
2049,2094,0.3874443851175792
2049,2127,0.43946142783344105
2049,2156,0.3446377738184634
2049,2160,0.49116123000825823
2050,2053,0.6516915154163456
2050,2059,0.3443579910867998
2050,2061,0.3795089744156028
2050,2064,0.3101180885544548
2050,2066,0.5785881991287614
2050,2184,0.3822006836138576
2051,2253,0.5141316030121352
2051,2272,0.3744564708476043
2051,2293,0.7225116511137737
2051,2324,0.4914706575068043
2052,2058,0.44694229029437094
2052,2081,0.4073170118319079
2052,2132,0.4035155313557613
2052,2134,0.5913321908663215
2052,2181,0.36063442261558515
2052,2213,0.3741782839677151
2052,2321,0.2971171521616724
2053,2064,0.39094377298778216
2053,2066,0.44804263746844375
2053,2142,0.2886221943764665
2053,2255,0.3665780206021985
2053,2618,0.5479155355258564
2054,2057,0.29055881678343864
2054,2067,0.46116773090931834
2054,2094,0.8569947932940144
2054,2152,0.4033703241372616
2054,2156,0.541379924398928
2054,2160,0.4923588950888232
2054,2260,0.38605950699984176
2054,2271,0.32767593398893635
2055,2326,0.5391595468006843
2056,2078,0.2666384888747808
2056,2081,0.4021873612538112
2056,2269,0.5875903706648994
2057,2067,0.33883265356254577
2057,2094,0.19386860567345757
2057,2268,0.5328282451183948
2058,2157,0.3572616608106913
2058,2160,0.3071505843231925
2058,2205,0.39285914109302816
2058,2213,0.5882464177967257
2059,2158,0.3351534759791344
2059,2315,0.5442571015732149
2060,2311,0.35838405192696315
2060,3007,0.35228635172970263
2061,2080,0.31201334179798584
2061,2142,0.6210309605511373
2061,2198,0.32747876400303927
2062,2070,0.7448350541256524
2062,2186,0.4252175318996246
2062,2278,0.26890837396271855
2063,2119,0.21927418881271243
2063,2595,0.36787944117144233
2063,2644,0.32245026908086954
2063,2648,0.4045539353198457
2063,2652,0.341787826135335
2064,2066,0.4127530004100507
2064,2117,0.40660051452566076
2064,2132,0.31574561964434156
2065,2112,0.5301955087384639
2065,2116,0.18491002010474286
2065,2133,0.2943860069471662
2065,2265,0.30816980262085814
2066,2205,0.38279793900561404
2066,2618,0.42868484770824167
2067,2094,0.5555987890950815
2067,2152,0.4362191213559918
2067,2156,0.48823672347573405
2067,2254,0.3046148329992972
2067,2256,0.4750574413431137
2067,2260,0.440441588828222
2068,2110,0.3680176346250488
2068,2117,0.4911901249530947
2068,2118,0.4200052378929577
2068,2133,0.34271135399830166
2068,2143,0.16030391319439266
2069,2272,0.5126852973625723
2069,2293,0.36187226547684576
2069,2298,0.3006661220197775
2070,2148,0.3258312747778861
2070,2278,0.5357323919572556
2072,2080,0.7916616061407427
2072,2093,0.2576422312673333
2072,2142,0.4732965760439128
2072,2258,0.3689748895677938
2072,2270,0.4984345787689075
2073,2180,0.5687842831290916
2073,2253,0.4307563040228695
2073,2307,0.40794119429183423
2074,2168,0.371836938258138
2074,2619,0.3176026948128515
2074,2884,0.6088847242920461
2075,2077,0.25846877769511556
2075,2093,0.4043114628758472
2077,2184,0.5505202966676914
2077,2322,0.38069431885424554
2078,2091,0.5597556820922875
2078,2266,0.3327548492960091
2079,2082,0.38556354055106035
2079,2089,0.2751962680492028
2079,2095,0.3012627950354326
2079,2266,0.3394141134439948
2080,2087,0.5669372933924021
2080,2142,0.44762325604645076
2080,2258,0.2554591379251512
2080,2270,0.3624591563077152
2081,2121,0.40239942585733357
2081,2267,0.5345106271399128
2081,2269,0.4454475275365134
2082,2089,0.5782397863340273
2082,2137,0.356917498279086
2082,2185,0.3403670355022832
2082,2265,0.47038449722409553
2085,2095,0.3828786444173966
2085,2098,0.7402186873625621
2085,2140,0.4743289171145519
2085,2175,0.48241389732641393
2085,2185,0.5556570576390412
2087,2255,0.5369574959152955
2088,2258,0.31614802169713674
2088,2270,0.24297230717746882
2093,2113,0.4534303657301734
2094,2152,0.5881532305640174
2094,2156,0.6891470403343959
2094,2160,0.5269405659270958
2094,2260,0.433652170952285
2094,2271,0.2672839799263835
2095,2096,0.3896644045158275
2095,2266,0.537367959173567
2096,2256,0.35742133296756007
2098,2140,0.5496255199007678
2098,2175,0.793518208976721
2098,2185,0.6030745862092564
2100,2110,0.47456624284149357
2100,2113,0.3759233916416983
2100,2117,0.36970531679546426
2100,2118,0.452267153563983
2100,2120,0.41876609177605634
2100,2126,0.35752492258866997
2100,2171,0.5604018407366539
2100,2182,0.36099560311805906
2101,3009,0.41790611275261724
2105,2111,0.6446805356922729
2105,2113,0.3273614640084175
2105,2131,0.274064568794653
2105,2183,0.3105890825452877
2105,2189,0.8021004351933408
2108,2109,0.25213645254180334
2108,2124,0.5967251426101643
2108,2710,0.42352642888360137
2108,2883,0.7850352675012183
2108,2884,0.3730495933018922
2109,2883,0.3055119081954929
2110,2118,0.5839826269589206
2110,2126,0.39448674361632013
2110,2133,0.7643687410246718
2110,2137,0.6862724847119245
2110,2143,0.16343790346959777
2110,2182,0.7031258031013461
2111,2120,0.4532746997264658
2111,2131,0.41429508642546475
2111,2183,0.6607217529872929
2111,2189,0.3747420838391466
2111,2211,0.397188079739857
2112,2116,0.6304401230046983
2112,2133,0.36835244235540243
2112,2143,0.43204113212043593
2112,2323,0.45200961975294185
2114,2126,0.30592724794184245
2114,2128,0.1724950842350113
2114,2129,0.1663453648571547
2114,2139,0.41059028190509667
2114,2140,0.12122082710562707
2114,2143,0.3600345040949112
2114,2175,0.1433217322484369
2116,2125,0.4453966228619586
2116,2127,0.3503193802901916
2116,2130,0.03498342881364851
2116,2138,0.4016641242213777
2116,2143,0.26378522800723236
2116,2323,0.4542939030904554
2117,2118,0.384095252975353
2117,2142,0.6611857513267907
2118,2126,0.6630462288655097
2118,2133,0.5436104476657284
2118,2171,0.35215679748214856
2118,2182,0.5860763146094164
2119,2395,0.6260274067665476
2119,2595,0.2860065576622775
2119,2648,0.47024838871727814
2120,2171,0.8076662851166516
2120,2183,0.5351406460088998
2120,2187,0.3997508657575471
2121,2267,0.45302531958824616
2122,2328,0.43697824279082753
2124,2177,0.2804007714839
2124,2598,0.2269953748872394
2124,2883,0.3084919567384205
2125,2138,0.4264096864623537
2125,2323,0.2689103153548774
2126,2133,0.44543818792735007
2126,2171,0.3289159731010469
2126,2182,0.7427011808971188
2127,2138,0.46562851937753785
2127,2139,0.3425857182370671
2127,2162,0.566180060631014
2128,2129,0.5250898728968516
2128,2139,0.5299046221542952
2129,2139,0.39702329660589475
2129,2175,0.40850631818906374
2130,2132,0.05746372157519094
2130,2136,0.5213854461314691
2130,2138,0.060882985854044176
2131,2183,0.26630476416372595
2131,2211,0.5802636381950032
2132,2134,0.4459849949937354
2132,2181,0.35783100121894745
2132,2213,0.3107431116044571
2133,2137,0.6332669561110396
2133,2143,0.3991528746898687
2133,2182,0.7314008458047041
2133,2185,0.2785151930632991
2133,2265,0.3525874137005012
2136,2139,0.160414996447527
2136,2162,0.1534051217980116
2137,2172,0.5816622394209089
2137,2182,0.6281652741441174
2137,2265,0.5366333853891776
2138,2139,0.453265567840069
2138,2162,0.3746008067635291
2139,2175,0.3918462979468638
2140,2175,0.6695429924199311
2140,2185,0.6846576120129576
2143,2182,0.2151146921775822
2143,2323,0.7248947614519052
2144,2161,0.4959510094556622
2144,2275,0.6520088949131093
2144,2281,0.45557781922728696
2145,2321,0.09452620856961376
2146,2880,0.6328215478897184
2148,2234,0.3185961401927571
2148,2278,0.6656843393560059
2149,2163,0.3096335442267781
2151,2342,0.3228793962493715
2152,2156,0.7095013658739898
2152,2260,0.6862156305142845
2153,2297,0.22988938432232114
2153,2302,0.14409356209435875
2154,2342,0.3059634149925966
2155,2215,0.35856149613372534
2155,2299,0.46334416724740657
2155,2317,0.3756253420839854
2156,2160,0.40212684897580736
2156,2260,0.6711071109999792
2157,2205,0.6437597010345095
2157,2618,0.5030794856574976
2158,2211,0.4021388022581525
2158,2298,0.4126878557452953
2161,2275,0.5751112352751612
2161,2281,0.3172369384770274
2163,2342,0.31537591224955164
2164,2251,0.5551866704452808
2164,2282,0.3796137464044346
2164,2808,0.5905550422489884
2165,2167,0.8259898346121081
2165,2186,0.8158147823973197
2165,2188,0.6907000024495955
2165,2334,0.5339418493199359
2165,2593,0.39257852952423616
2165,2813,0.5517966035110861
2167,2186,0.5168858165253074
2167,2188,0.5760955971897233
2167,2334,0.37872027159259514
2167,2619,0.48942532756048507
2167,2813,0.489320593197829
2168,2173,0.447130488310513
2168,2619,0.3257904292763779
2169,2652,0.3157033557686133
2169,3009,0.41636003802348825
2171,2182,0.3149595333619556
2171,2187,0.41351941287064087
2172,2265,0.3184306738571672
2173,2296,0.30942958978297286
2174,2179,0.5091600296108126
2174,2180,0.5398367151708968
2174,2307,0.3949338720828866
2174,2327,0.7735249731967917
2175,2185,0.44591175885984935
2177,2231,0.4292396211023895
2178,2267,0.42428863292398644
2178,2269,0.37453255919491946
2178,2321,0.43620566789409615
2179,2180,0.3912014415852986
2179,2307,0.5158711186005809
2179,2327,0.3370702862619595
2180,2327,0.5132480991756339
2181,2266,0.36787944117144233
2183,2211,0.4769746203213608
2184,2264,0.5656372390289045
2185,2265,0.4715449188090682
2186,2188,0.6135486737354477
2186,2593,0.5026347202489548
2188,2334,0.39205304805096725
2188,2593,0.5402293230517188
2188,2619,0.37901270123066555
2190,2226,0.18840162307661232
2190,2401,0.2886555274330043
2190,2455,0.2556958778292349
2190,2463,0.46776258354318245
2190,2466,0.2849042534528237
2190,2575,0.3910344400088958
2191,2194,0.5058673848784349
2191,2203,0.5069374525656374
2193,2220,0.33447616097827493
2193,2237,0.11279806726869607
2193,2243,0.44072807147742754
2193,2281,0.524650792294288
2193,2318,0.4613614488963732
2194,2203,0.3071233938159648
2195,2201,0.37654541030387917
2195,2208,0.472462835566254
2197,2207,0.36864921502537334
2198,2204,0.6365630995428974
2199,2202,0.7259337129020853
2199,2302,0.37347881135573585
2200,2257,0.3190555176320346
2201,2208,0.5110264214991184
2201,2212,0.3866091485431294
2204,2206,0.41858601738960416
2205,2618,0.5068656705499646
2208,2212,0.4324184081137386
2210,2408,0.5586651285028178
2210,2472,0.3691055822191827
2210,2511,0.3696586861727433
2210,2547,0.2849406916571861
2210,2570,0.3361850323357761
2210,2572,0.33863755132445994
2210,2582,0.40758487785874953
2213,2618,0.2905913062402714
2215,2340,0.2776115220772875
2216,2217,0.3652100154213323
2216,2226,0.35588715878467436
2216,2242,0.4647145088851048
2216,2391,0.1823324436003913
2216,2471,0.08168159494859975
2216,2498,0.15628007979535402
2216,2500,0.2167804125178079
2216,2513,0.1843375783284271
2216,2515,0.07021629919225342
2216,2550,0.1391775785407535
2216,2553,0.1039692441930261
2216,2554,0.16043648531438012
2216,2570,0.22157067599498512
2216,2572,0.34051784853074385
2217,2219,0.37098873506457747
2217,2222,0.3560411526073573
2217,2243,0.6963458252606551
2217,2245,0.45308513739919243
2217,2879,0.6288569812223388
2218,2219,0.3768327047143426
2218,2222,0.43845385662693565
2218,2225,0.504664900663241
2218,2229,0.7378957189379912
2218,2236,0.6058908146264123
2218,2241,0.42715680101453213
2218,2245,0.5705011155343237
2218,2248,0.31532570246095176
2219,2220,0.5332718038482348
2219,2222,0.35962671758395026
2219,2229,0.4361127230099558
2219,2243,0.5303548755115209
2219,2245,0.6167794684143568
2220,2221,0.6574191354534892
2220,2226,0.529095374761685
2220,2238,0.4254125733515305
2220,2243,0.5666730061938107
2220,2281,0.15567029613164327
2221,2226,0.8495082571979837
2221,2238,0.4436900444546599
2221,2513,0.09546370134276613
2222,2224,0.487578370092825
2222,2227,0.3119144260456158
2222,2228,0.5007677650506327
2222,2229,0.6521488504969594
2222,2236,0.5418153969112862
2222,2243,0.553254733433146
2222,2245,0.2830534136570845
2223,2232,0.7389670740630825
2223,2233,0.49798860493074415
2223,2241,0.5545543893674608
2223,2248,0.38614782260057107
2223,2882,0.5456577223450363
2224,2227,0.5428942872308905
2224,2228,0.7396771931307984
2224,2236,0.36250838256456336
2224,2237,0.23525552463177604
2224,2337,0.3762040936580876
2224,2652,0.239313821662303
2225,2229,0.34093550307923365
2225,2233,0.6107317054167084
2225,2241,0.5409800700254996
2225,2248,0.45835164875863543
2226,2238,0.3100750348638793
2226,2466,0.10544254483271408
2226,2513,0.1920409957002722
2226,2572,0.17676705607446397
2227,2228,0.4220833229854584
2227,2288,0.3816763253683189
2227,2652,0.35452083674548845
2228,2243,0.3894745916275535
2228,2337,0.6218702217434985
2228,2652,0.29743912096176234
2228,2808,0.22368029830959046
2229,2236,0.7047558724540928
2229,2245,0.42483642876285627
2229,2880,0.33864465832278307
2232,2236,0.3468009646986403
2232,2241,0.32785155983702546
2232,2882,0.5142704739206968
2233,2241,0.7991713112735259
2233,2248,0.6505167654789162
2233,2882,0.29893772769420657
2234,2316,0.7048698315662917
2235,2813,0.3450956129008961
2235,3007,0.5859300427273838
2236,2241,0.37602518384104605
2236,2245,0.4867606723979311
2236,2879,0.2718712672552197
2236,2882,0.47453269431814804
2237,2620,0.15813629468250084
2237,2621,0.3672986354141664
2241,2248,0.7658784096693291
2241,2882,0.5668158419433781
2242,2344,0.19297332193319217
2242,2469,0.10450246763224849
2242,2471,0.04442053189338697
2242,2487,0.0945809618523013
2242,2515,0.05653410150212488
2242,2525,0.03944936796082128
2242,2528,0.10636707835253001
2242,2551,0.027506678813750237
2242,2553,0.056638221191978005
2242,2555,0.05682478520395582
2242,2568,0.2361226807318637
2242,2581,0.040991316906204625
2243,2245,0.4096857712630227
2243,2879,0.3157835513875878
2244,2345,0.3230941169131431
2244,2348,0.34065452828869164
2244,2349,0.39603011371247165
2245,2879,0.5691363088565243
2248,2882,0.32486514064481586
2249,2341,0.37209908633484895
2250,2339,0.45572839993398606
2251,2887,0.3453921756379461
2252,2288,0.28684676264840053
2252,2320,0.349706865370988
2253,2293,0.45701956782959235
2253,2324,0.7585943614792527
2254,2256,0.35755165970995784
2255,2256,0.304877443888434
2256,2258,0.3697103904090901
2257,2259,0.31281895216679395
2258,2270,0.7324325098980748
2260,2268,0.2252154213324735
2260,2271,0.2838453569153338
2267,2329,0.23774907115173488
2269,2321,0.26509810192984873
2269,2330,0.6646720629693808
2272,2293,0.5586116735434693
2272,2298,0.34481671524777363
2272,2324,0.26671628435369055
2275,2281,0.5279873779235175
2276,2299,0.3762387169891964
2276,2310,0.3933961395603263
2276,3012,0.5124902077396751
2278,2886,0.3423190522339673
2279,3011,0.2765118484588462
2280,2286,0.6315822117926283
2280,2289,0.7686393014759028
2280,2311,0.4572680840084963
2280,3005,0.49621189093510126
2281,2318,0.4023669106850632
2282,2318,0.3758909498940458
2286,2289,0.7153103839646581
2286,3005,0.6605378247749478
2287,2333,0.4048649642224943
2288,2320,0.9415539028535358
2289,3005,0.40141409486509005
2292,2302,0.514520347699081
2293,2298,0.25552776727153964
2293,2324,0.4673800111462084
2294,2307,0.41697958184567024
2295,2301,0.43324319538842765
2295,2305,0.4534843784210411
2296,2310,0.6552437866234991
2298,2315,0.40346986523566697
2298,2322,0.35800364045145033
2299,2301,0.35573102641422555
2299,2310,0.6136655700586248
2300,2308,0.5930239321030369
2300,2332,0.49582149942699894
2300,3012,0.4324506285985056
2304,2314,0.5265996834049255
2308,2332,0.5049086496323755
2309,2315,0.23677407898754635
2309,2326,0.3441361991427386
2310,2314,0.3446823176502241
2311,3007,0.4033480797060657
2312,2465,0.43267527931222716
2312,2478,0.42709799337880816
2312,2547,0.4948879197983363
2312,2571,0.24197680385397363
2312,2588,0.37734986920152874
2312,2649,0.558270139524253
2312,2814,0.5151238166280608
2320,3011,0.3781970784032541
2321,2330,0.2846184907414899
2325,2326,0.4208581918684196
2326,2332,0.33782569156816855
2333,2336,0.3336788337477985
2333,2883,0.3038405284556054
2334,2813,0.6297755337821882
2336,2883,0.34800142511782556
2336,3007,0.38976243624219353
2337,2652,0.3706036795174646
2337,2808,0.4114652007255305
2337,2879,0.16692493052834145
2339,2872,0.34488211577990874
2341,2343,0.5302709909237839
2341,2872,0.604625117296438
2343,2872,0.43658136412760773
2344,2460,0.005135193134640116
2344,2476,0.004445072826440211
2344,2480,0.00901944268498602
2344,2481,0.013466424043629549
2344,2497,0.019156050471378305
2344,2503,0.03517595478331425
2344,2522,0.00923074550584822
2344,2533,0.0026998356019886614
2344,2539,0.017535537661522063
2344,2563,0.05599389274168048
2344,2564,0.04484206619329874
2348,2349,0.6517201243910011
2351,2354,0.5716123187751583
2351,2360,0.31540889034940867
2351,2372,0.3439654720533843
2351,2375,0.23848338160704516
2351,2376,0.31436534904360464
2351,2382,0.3524202225950148
2351,2399,0.36011828477558705
2351,2468,0.29520211467744406
2351,2477,0.3265805628342176
2351,2507,0.3897859918670346
2351,2549,0.4165375395600617
2351,2561,0.21198144352547152
2352,2353,0.44294869370187734
2352,2355,0.44786554638876686
2352,2357,0.37993316002265926
2352,2358,0.43831580019457456
2352,2440,0.2771725411080784
2352,2460,0.4358261178413614
2352,2461,0.7833264635680286
2352,2476,0.24920763230009488
2352,2518,0.3077727998411553
2352,2519,0.3417208415244723
2352,2522,0.2945386406003442
2352,2539,0.4004408147821907
2352,2542,0.26593109205290033
2352,2573,0.3640188970302839
2353,2355,0.5192138483557832
2353,2357,0.5575796208209542
2353,2358,0.5067857154578002
2353,2359,0.47996666935198795
2353,2439,0.6321232336010812
2353,2440,0.37750428583871637
2353,2461,0.5426638193030606
2353,2506,0.5308772243655154
2353,2510,0.45509931157563466
2353,2518,0.3528002144267703
2353,2519,0.39084834298824384
2353,2574,0.4196548165047041
2354,2374,0.2335493725508519
2354,2375,0.2873443856557899
2354,2382,0.28168864061919363
2354,2429,0.32722597903247463
2354,2468,0.2619971201570884
2354,2477,0.16488240616295047
2354,2507,0.23298631439367834
2354,2514,0.23902956292381639
2354,2549,0.3723123780968717
2354,2560,0.1288796962483061
2354,2578,0.1663538752502438
2355,2357,0.32217591420178554
2355,2358,0.3379049020572922
2355,2439,0.49484625115137354
2355,2440,0.47588293002915066
2355,2441,0.16957877903745427
2355,2443,0.37245700874405674
2355,2458,0.6327302758499974
2355,2459,0.6069784545130716
2355,2460,0.44095806157007617
2355,2461,0.5886550167237921
2355,2506,0.8295199903562771
2355,2510,0.3665533679018846
2355,2539,0.43420765406858863
2355,2542,0.6468662769962036
2355,2558,0.5397185427956773
2355,2567,0.41658126961470815
2355,2573,0.579123270871114
2356,2385,0.4240623050326028
2356,2387,0.2484583974103543
2356,2388,0.2868132439730389
2356,2389,0.7472555008300672
2356,2390,0.22831082599192745
2356,2434,0.40029983520002865
2356,2450,0.3675646609808625
2356,2464,0.3808768902078656
2356,2470,0.46401617218580277
2356,2520,0.2952060430861101
2356,2530,0.558571108065891
2356,2576,0.316414848736339
2357,2358,0.9598043469731156
2357,2359,0.7026842726274559
2357,2361,0.3860450861077024
2357,2373,0.2928159678074259
2357,2440,0.340136786010007
2357,2461,0.6574050213100198
2357,2506,0.30750075138642163
2357,2510,0.3283581549216337
2357,2518,0.3238513550068859
2357,2574,0.4328107536342706
2358,2359,0.7192208772428412
2358,2361,0.47036572932041376
2358,2440,0.29939262048152326
2358,2461,0.7199369590075132
2358,2506,0.29324650326387897
2358,2510,0.30027053569096873
2358,2518,0.39660774298759366
2358,2533,0.20391401758808417
2358,2574,0.45946816956765835
2359,2360,0.4998953697923197
2359,2361,0.7695385067163141
2359,2373,0.43071506286123346
2359,2461,0.3838043760229913
2359,2510,0.6337801515884999
2359,2518,0.6154347140586428
2359,2533,0.36864979012968374
2359,2567,0.32067907345027674
2359,2574,0.8078587019594976
2360,2365,0.3316643122436353
2360,2372,0.5910611133082874
2360,2427,0.39262152752062435
2360,2484,0.2907490732235703
2360,2505,0.5186987518370287
2360,2507,0.651641293192065
2360,2518,0.5016943123079466
2360,2521,0.2981326606978021
2360,2522,0.35893377504480667
2360,2529,0.4465401702013777
2360,2549,0.4267005658542481
2360,2557,0.7717983838936434
2360,2574,0.6701773414438758
2360,2577,0.31562516244552924
2361,2423,0.4405207206144627
2361,2460,0.3635280669852055
2361,2461,0.3146640121089537
2361,2476,0.5573237384167782
2361,2489,0.3490958367792965
2361,2497,0.47664852088901755
2361,2503,0.3250772241617232
2361,2510,0.5430758139041824
2361,2518,0.7165405625450791
2361,2532,0.44166163694851257
2361,2533,0.742249208524456
2361,2557,0.30012039231638726
2361,2567,0.6416276831234581
2361,2573,0.48844672791866034
2361,2574,0.6625445495101383
2362,2411,0.9229996439289901
2362,2437,0.4175896385069561
2362,2587,0.40435744967833276
2362,2597,0.4130659169293228
2362,2602,0.4462991087195829
2362,2604,0.42947955807885757
2362,2606,0.6043838847070844
2362,2876,0.6097987614415001
2362,2881,0.38554269288355036
2363,2371,0.29941635016000734
2363,2380,0.5898406970699716
2363,2384,0.2867954499755611
2363,2412,0.2416397080451772
2363,2428,0.48160825700506443
2363,2430,0.5718906233644035
2363,2431,0.5596145575363253
2363,2433,0.22736899182669992
2363,2447,0.4052523560874917
2363,2462,0.20914582743837395
2363,2464,0.5317760224925416
2363,2496,0.6071322146246898
2363,2501,0.3990229812072386
2363,2516,0.27121564367836154
2364,2365,0.7623977994565828
2364,2372,0.25450804629015245
2364,2373,0.7066899973518331
2364,2423,0.3059174937257532
2364,2427,0.4559844924079468
2364,2505,0.5377907986545263
2364,2507,0.29405603375241984
2364,2518,0.29023690758002446
2364,2519,0.48455025566412707
2364,2522,0.5017025669301897
2364,2549,0.28675029072310165
2364,2574,0.32673470431185975
2364,2589,0.13740937556257446
2365,2372,0.359299701664288
2365,2373,0.7353686405784227
2365,2423,0.4069930727487177
2365,2427,0.7867122966530112
2365,2505,0.46355371287492225
2365,2510,0.3173924207278879
2365,2518,0.2784864857239636
2365,2519,0.3426169979156596
2365,2522,0.37501633100808474
2365,2574,0.3576711075802882
2366,2369,0.8653768095077311
2366,2378,0.9164282364932189
2366,2379,0.7129321733366216
2366,2387,0.41100457926245326
2366,2388,0.445703314986128
2366,2400,0.4018447758761514
2366,2425,0.8737305242598377
2366,2428,0.40301811989869035
2366,2434,0.6416255136026321
2366,2436,0.42890524435067934
2366,2450,0.3543384273690738
2366,2475,0.32029254299444665
2367,2368,0.5024798569401633
2367,2383,0.49283279434393057
2367,2384,0.4019106436851968
2367,2386,0.6092093280507344
2367,2398,0.40045410082908867
2367,2401,0.7394094149421216
2367,2402,0.40662226413566627
2367,2404,0.5660161184001092
2367,2406,0.4409758214207498
2367,2407,0.26589286074858404
2367,2430,0.3628322696291523
2367,2431,0.27517930688419606
2367,2432,0.20814279305818786
2367,2433,0.6634038831383282
2367,2435,0.8422862123193943
2367,2451,0.34988431418689325
2367,2452,0.5107238768645982
2367,2453,0.5474183211906347
2367,2455,0.6099721238560659
2367,2463,0.3798850797416501
2367,2466,0.27822916415815346
2367,2467,0.2673670040916982
2367,2473,0.39113176754190815
2367,2575,0.3420472620088018
2368,2381,0.8057006286276865
2368,2384,0.48843897492312904
2368,2385,0.540300036394097
2368,2386,0.2769667579927761
2368,2387,0.6457649975068449
2368,2390,0.35938340713885797
2368,2401,0.3378757336143791
2368,2404,0.5060995229557108
2368,2435,0.6063449412625473
2368,2451,0.4224060155737438
2368,2452,0.7513769626811198
2368,2453,0.6584913694176222
2368,2455,0.591267098269369
2369,2378,0.783844764413964
2369,2379,0.5262642531559542
2369,2388,0.35125054792198607
2369,2400,0.3048591670498606
2369,2425,0.7980795546168777
2369,2426,0.40260301754185074
2369,2428,0.39909643657328336
2369,2434,0.5709031255609947
2369,2436,0.5897381610384218
2369,2454,0.5007564434512831
2369,2475,0.5177729531201909
2369,2512,0.4115420347954071
2369,2520,0.31048300747802166
2369,2578,0.375032287520189
2370,2412,0.34187563346654704
2370,2447,0.2445974522846675
2370,2524,0.2990781317948591
2370,2528,0.07648514088020522
2370,2538,0.2600814818530563
2370,2568,0.14357646492256568
2370,2590,0.47968098545012583
2370,2592,0.2764072693235968
2370,2602,0.4197400623615929
2370,2605,0.443691542121082
2371,2412,0.49701067927151904
2371,2446,0.2483196171315527
2371,2447,0.4828358133084585
2371,2592,0.3250766844434109
2371,2651,0.5229019197968408
2372,2374,0.40176505543917196
2372,2375,0.39323038489122014
2372,2377,0.5876965678305764
2372,2382,0.29218956609343194
2372,2399,0.4168259204030408
2372,2424,0.428031238155996
2372,2427,0.6022711174688558
2372,2477,0.4714043814198685
2372,2507,0.6090606784268285
2372,2517,0.3740096382295623
2372,2549,0.40510564505177277
2372,2557,0.2880648613673309
2372,2561,0.43818981353289954
2372,2577,0.44389766936374975
2373,2423,0.4199385248723982
2373,2427,0.38576040406639506
2373,2460,0.35835418361989135
2373,2505,0.7052768596597325
2373,2510,0.6425296652621525
2373,2518,0.3736473469096801
2373,2519,0.6644036514569894
2373,2522,0.339906347040779
2373,2574,0.49542901324741767
2373,2589,0.10277576697533866
2374,2375,0.7891422515715143
2374,2424,0.5231436802002235
2374,2427,0.4069355680500018
2374,2468,0.5464811792162736
2374,2477,0.5228594148853386
2374,2481,0.3504687063754365
2374,2490,0.36967977198866714
2374,2514,0.598300877554244
2374,2549,0.4796102699395202
2374,2561,0.785613151072222
2374,2578,0.33317857933246353
2374,2579,0.42165712855137877
2374,2583,0.5125508878709404
2375,2379,0.5357040082229646
2375,2399,0.3488046965258931
2375,2400,0.38345104958940784
2375,2424,0.6297792451896083
2375,2426,0.4157337389382851
2375,2427,0.310294477706758
2375,2468,0.3402704221426717
2375,2477,0.452667217339719
2375,2514,0.42295691907065697
2375,2561,0.5395089091601392
2375,2578,0.36466473899683804
2376,2377,0.5004706995239248
2376,2382,0.8839070859945224
2376,2399,0.5865543948131783
2376,2405,0.4765174672418943
2376,2424,0.3714993572960424
2376,2426,0.46144179814987935
2376,2429,0.3057246938459601
2376,2434,0.2674052736628672
2376,2436,0.41316540416018255
2376,2482,0.41944701449733857
2376,2576,0.30433626466012825
2376,2578,0.31485573374094006
2377,2382,0.6098321602579343
2377,2399,0.45539649175409125
2377,2405,0.44941359654259294
2377,2424,0.36127795626759057
2377,2426,0.3738525499655883
2377,2477,0.255338551570297
2377,2484,0.5001842836839971
2377,2507,0.3824371674597669
2377,2517,0.5295929475467945
2377,2521,0.26320214683731474
2377,2577,0.5859571653763016
2378,2379,0.8077995778060277
2378,2387,0.3408396624246585
2378,2388,0.434301533090243
2378,2400,0.6571022518756835
2378,2425,0.9541382422770938
2378,2434,0.666582389738024
2378,2436,0.5118523600074152
2378,2450,0.4798508771978892
2378,2475,0.3912397125321919
2378,2578,0.29364974482775763
2379,2388,0.333889304902007
2379,2400,0.672952020696402
2379,2424,0.3679757674093136
2379,2425,0.8502538641588341
2379,2434,0.4497218902560665
2379,2436,0.34541672452518646
2379,2475,0.2596272118598382
2379,2578,0.3353150804289629
2380,2381,0.3804772887708192
2380,2384,0.6368390746143331
2380,2385,0.33497649629668536
2380,2387,0.31258238008281247
2380,2428,0.6128603181679111
2380,2430,0.3482458863862558
2380,2434,0.36457003962405143
2380,2452,0.4115294443197181
2380,2464,0.6599698569583689
2380,2499,0.2727906761363464
2380,2530,0.3487150713425803
2381,2384,0.513390531970157
2381,2385,0.7923545140373764
2381,2387,0.8857974762684983
2381,2388,0.4240876718517784
2381,2389,0.28590168279065203
2381,2390,0.33138875642711046
2381,2404,0.31487922130729173
2381,2428,0.3781411381270252
2381,2435,0.33856519499772153
2381,2451,0.3231270575289668
2381,2452,0.6613765732339382
2381,2453,0.4837655730166786
2381,2455,0.3310681086856916
2382,2399,0.4597852065369852
2382,2405,0.374073798114942
2382,2424,0.330391105822413
2382,2426,0.41486120525414966
2382,2429,0.2851997545639571
2382,2436,0.2454548106059439
2382,2517,0.30931023216396814
2382,2577,0.2889294986399033
2382,2578,0.277739321666503
2383,2386,0.6779175045060831
2383,2398,0.7648038455211834
2383,2401,0.30712552815356603
2383,2402,0.73662117381086
2383,2406,0.726907679150484
2383,2407,0.5917947119671989
2383,2430,0.3523342160844806
2383,2431,0.4895002519402364
2383,2432,0.630154019996409
2383,2435,0.3272961411622594
2383,2449,0.2790005634799339
2383,2467,0.3489478013620792
2383,2511,0.321264692424255
2383,2526,0.346995531547761
2383,2554,0.4257122152124917
2384,2385,0.4410119713649644
2384,2386,0.41868200611434625
2384,2387,0.38593159889788303
2384,2430,0.3974243153382135
2384,2431,0.29243485190715623
2384,2433,0.4344664728274835
2384,2435,0.4278772649439194
2384,2452,0.6613939662493731
2384,2453,0.36787944117144233
2384,2530,0.40070697814119244
2385,2387,0.879049358862536
2385,2388,0.5759630868446117
2385,2389,0.6296526949246046
2385,2390,0.4808127662616387
2385,2434,0.3355565202787185
2385,2435,0.30717225209737886
2385,2450,0.3486851808475312
2385,2452,0.44339346738797764
2385,2530,0.49621387960357777
2386,2398,0.4345302039172271
2386,2401,0.3836446535450715
2386,2406,0.5780580113719966
2386,2432,0.3040510477323176
2386,2433,0.2859889019485577
2386,2435,0.5771533039545609
2386,2452,0.2613280112129105
2386,2455,0.3854680130309619
2387,2388,0.609879805726845
2387,2389,0.4492944406476177
2387,2390,0.5024168538650292
2387,2404,0.35506367660674804
2387,2428,0.36890654700115405
2387,2434,0.37569414336130624
2387,2450,0.3476801621568439
2387,2451,0.40609945313523454
2387,2452,0.5840313976260543
2387,2453,0.43106647831809364
2387,2530,0.3672352364486211
2388,2389,0.5585016650483634
2388,2390,0.33798139138621686
2388,2425,0.43211478186602864
2388,2434,0.3676554674101252
2388,2450,0.5352077524139665
2388,2520,0.3082560532128579
2389,2390,0.49391120850723774
2389,2434,0.40432675348734604
2389,2450,0.6692873525094581
2389,2470,0.3991860274915774
2389,2520,0.27732177526406404
2389,2530,0.5712164089748455
2389,2580,0.23267524469375053
2390,2404,0.5949566699038519
2390,2433,0.385392857935723
2390,2435,0.3868161842723058
2390,2450,0.428118646028213
2390,2451,0.6139122159609834
2390,2452,0.37370061156837664
2390,2474,0.6759959427816425
2390,2530,0.5764080839241108
2390,2534,0.4210734076551567
2390,2548,0.45298595163401195
2390,2580,0.6068451515662803
2390,2584,0.505595846571813
2391,2430,0.3505120126347527
2391,2431,0.38691977486814233
2391,2446,0.4287957765628549
2391,2471,0.2967999311419475
2391,2473,0.32237596797391926
2391,2483,0.3993629443146235
2391,2491,0.4396804745859781
2391,2492,0.472477207787962
2391,2493,0.26344191774091685
2391,2496,0.37513610989851
2391,2498,0.777971146239585
2391,2500,0.7381879152525969
2391,2523,0.3763481605019218
2391,2552,0.3179742837535646
2391,2570,0.45176549263050364
2391,2572,0.3699378077134589
2392,2408,0.6431623485554656
2392,2472,0.6016076830950718
2392,2478,0.45050885458133033
2392,2571,0.3177370675097271
2392,2582,0.6245131048042214
2392,2588,0.3868509087828505
2392,2646,0.33986552129424563
2393,2403,0.5862514304266805
2393,2410,0.7923011606427687
2393,2422,0.5345601471812738
2393,2478,0.41430627384384006
2393,2588,0.412258506001828
2393,2644,0.3236409056800936
2393,2649,0.3670106693224022
2393,3013,0.3781665618632574
2395,2591,0.2286494827681758
2395,2595,0.48646840541797054
2395,2596,0.22319408628011464
2395,2648,0.5416490426358316
2398,2402,0.8201785954398552
2398,2406,0.8268532307469846
2398,2407,0.4980006001567405
2398,2430,0.46544127490116294
2398,2431,0.6661169930665236
2398,2432,0.7056211559132209
2398,2433,0.297838589946576
2398,2449,0.3470580800053963
2398,2526,0.32428063287996484
2399,2405,0.6316652458918657
2399,2424,0.4993661249031303
2399,2426,0.4153925855210013
2399,2436,0.45997888433824374
2399,2468,0.38066838931115216
2399,2477,0.7278329146589819
2399,2482,0.3153081906770705
2399,2517,0.42543981699371597
2399,2560,0.40342892961420895
2399,2561,0.4060698385607494
2399,2577,0.3902925599184752
2399,2578,0.3846065605700104
2400,2425,0.6362460634247731
2400,2434,0.305781213864572
2400,2436,0.2834535942322291
2400,2450,0.382894126638328
2400,2477,0.27800161089386
2400,2561,0.34757318864098685
2400,2583,0.3754344151829054
2401,2402,0.28886522214376276
2401,2404,0.544140636634326
2401,2407,0.2524106166014907
2401,2433,0.4068911655150333
2401,2435,0.6625840785080875
2401,2451,0.343566677459127
2401,2453,0.5079496272316194
2401,2455,0.6826364837731411
2401,2463,0.6900279895736097
2401,2466,0.48611428759299313
2401,2467,0.42829228641608286
2401,2473,0.38960135543555413
2401,2556,0.4234636338058175
2401,2575,0.6213849433661134
2402,2406,0.523453601143827
2402,2407,0.7536216254520514
2402,2430,0.4018357818573998
2402,2431,0.6029674212428943
2402,2432,0.5428639728170118
2402,2445,0.2808826302859689
2402,2446,0.3974693772060864
2402,2449,0.33624034557248134
2402,2473,0.396491365388797
2402,2498,0.35946719605702365
2402,2554,0.31137600289339984
2403,2410,0.33559856525535997
2403,2422,0.7557860847963561
2403,2478,0.3438912678544899
2403,2597,0.269281350863385
2403,2644,0.5721949168790219
2403,2646,0.3712971185299278
2403,2649,0.5756526676435499
2403,2814,0.3417934995786535
2403,3013,0.585625892030015
2404,2433,0.6715100226152121
2404,2435,0.5637477862497798
2404,2451,0.893434708095491
2404,2452,0.6599133027913194
2404,2453,0.6872919032663857
2404,2455,0.4220923868934081
2404,2473,0.28431747559922227
2404,2474,0.6075675158658992
2404,2548,0.2561518027835299
2404,2556,0.42238088416271247
2404,2575,0.37616354017614795
2404,2580,0.37021488743214725
2404,2584,0.38133335824878345
2405,2424,0.669256693439436
2405,2426,0.8136087110473609
2405,2436,0.7007018761416182
2405,2477,0.40017398262507203
2405,2481,0.3243107676313036
2405,2482,0.5449305210591543
2405,2490,0.28386099653057223
2405,2508,0.37807687290773107
2405,2517,0.4895382609713533
2405,2560,0.3949829323578324
2405,2566,0.39405718222286146
2405,2577,0.4216202862941031
2405,2578,0.4948014323933581
2406,2430,0.4143074382836956
2406,2431,0.45775006819474734
2406,2432,0.7213879347743481
2406,2433,0.3668893295885035
2406,2435,0.26601297965718557
2406,2526,0.4750074550174323
2407,2408,0.5018682469385999
2407,2431,0.34032575757378547
2407,2445,0.3467761073205643
2407,2455,0.3569347982556442
2407,2463,0.31056145381991646
2407,2472,0.34368292663078304
2407,2473,0.2933837209046461
2407,2554,0.3616378858026087
2407,2582,0.4512846352972928
2408,2409,0.34591980944354084
2408,2472,0.647799886749983
2408,2511,0.4448197672812088
2408,2513,0.3545396293974588
2408,2554,0.394087089890144
2408,2582,0.7976804708442087
2409,2445,0.7961987956369997
2409,2449,0.5040270531982858
2409,2478,0.2828628250138193
2409,2504,0.4410079271503612
2409,2814,0.41704820689302846
2410,2422,0.4353748424410239
2410,2478,0.2846037029899046
2410,2588,0.3211680562594358
2410,2649,0.18798328163195518
2410,3013,0.2834879964867524
2411,2437,0.4559371996086217
2411,2587,0.45141822033788664
2411,2597,0.44670878736304304
2411,2602,0.4289148879185988
2411,2604,0.5505684903465587
2411,2606,0.7381903025120391
2411,2876,0.7855252820646696
2411,2881,0.4707636543411951
2412,2416,0.3564950212908066
2412,2446,0.2490551715534713
2412,2447,0.9165905481015253
2412,2524,0.5708423136449972
2412,2590,0.354164802747538
2412,2592,0.4646739549235601
2412,2651,0.5596805163044167
2416,2437,0.33570237069311054
2416,2445,0.3201285349081607
2416,2446,0.4017033258198831
2416,2491,0.37173049179176254
2416,2493,0.3634620757017789
2416,2587,0.4212951013906245
2416,2590,0.31390160931112215
2416,2592,0.43163216851927116
2416,2604,0.3941868121759696
2416,2651,0.5434385597594162
2416,2876,0.3939967998120609
2422,2571,0.3284212782457688
2422,2644,0.4373568716304813
2422,2649,0.32693279501584904
2422,3013,0.4812896055390675
2423,2459,0.4633220888820105
2423,2460,0.43392418938541394
2423,2476,0.6402220993691605
2423,2480,0.4211811711057574
2423,2497,0.45360687367262353
2423,2503,0.3840820310758352
2423,2533,0.5015071385684159
2423,2542,0.41126258851940395
2423,2558,0.376689577493553
2423,2567,0.5589487020676419
2424,2425,0.3534575573528
2424,2426,0.791697583646092
2424,2427,0.3709275101813574
2424,2436,0.5236665398938056
2424,2477,0.4489160228375001
2424,2481,0.3780433924581328
2424,2490,0.41440019280895174
2424,2561,0.46798718574655385
2424,2566,0.39595333549868356
2424,2578,0.362703975587395
2425,2426,0.3569328918382213
2425,2434,0.6625795541839692
2425,2436,0.5535026133974447
2425,2450,0.44119538035445444
2425,2475,0.47234059564298125
2425,2520,0.279620370564932
2425,2578,0.41432543187108983
2426,2436,0.6731460727641948
2426,2481,0.32406363766196894
2426,2482,0.38008150263640056
2426,2514,0.30515414547332415
2426,2517,0.35356229985488463
2426,2560,0.2719857055593822
2426,2566,0.3523327936894976
2426,2578,0.5269517749126911
2427,2490,0.39063545214536954
2427,2507,0.2868691909486919
2427,2529,0.3199615163867333
2427,2561,0.28723132221068876
2428,2434,0.39691167349110706
2428,2452,0.36065660908674974
2428,2454,0.36228950409787297
2428,2462,0.4997636593672184
2428,2464,0.4674379405197291
2428,2499,0.40679471696532454
2428,2512,0.3716319410960512
2428,2520,0.46769376699069
2428,2523,0.3253359059690634
2428,2534,0.2990132228844206
2428,2538,0.15442843642070334
2429,2462,0.3356153049944231
2429,2464,0.5094632095467498
2429,2470,0.41288715520030084
2429,2487,0.31710566673449364
2429,2502,0.5007099542827447
2429,2512,0.34742254336463696
2429,2514,0.3265117960408477
2429,2520,0.49033399498774094
2429,2555,0.4517578539786205
2429,2560,0.5190472521139559
2429,2576,0.5338252896435314
2429,2578,0.5719085433878032
2430,2431,0.7399451204985109
2430,2432,0.3544912542529717
2430,2433,0.5440062467872725
2430,2473,0.3674344284308508
2430,2496,0.7502950227216914
2430,2498,0.46775979124014666
2430,2523,0.4278624108555495
2430,2526,0.2838366749879604
2430,2534,0.3041065749017138
2431,2432,0.4150496643267584
2431,2433,0.25632121726126533
2431,2496,0.44886522015643004
2431,2498,0.4283462083457322
2432,2449,0.525978710661842
2432,2498,0.5242152824190189
2432,2511,0.36204798675439154
2432,2526,0.7097673310302758
2432,2554,0.4090950177724629
2433,2435,0.5608133879359583
2433,2451,0.5468256090580285
2433,2452,0.5318686121006578
2433,2453,0.38424905490660094
2433,2473,0.33420924059534685
2433,2474,0.4064350598834532
2433,2496,0.3679916947059061
2433,2526,0.1777667569948258
2433,2530,0.4012099989569901
2433,2534,0.448656094396248
2433,2548,0.40579401618468064
2433,2556,0.44941849239183873
2434,2436,0.4780640818393679
2434,2450,0.5554700276228295
2434,2454,0.3064187658451258
2434,2464,0.30227764261654494
2434,2470,0.3668688292979107
2434,2499,0.5921814020204045
2434,2520,0.44726811680761935
2434,2562,0.4264237554352485
2435,2451,0.34622450084047296
2435,2452,0.4974709516578368
2435,2453,0.49484988794300655
2435,2455,0.5367124232196634
2435,2463,0.3752673760468324
2435,2473,0.3514807804780882
2435,2575,0.3368514041718324
2436,2454,0.39437992895938884
2436,2475,0.4523733139098828
2436,2482,0.3889499532862567
2436,2560,0.3697173966206965
2436,2566,0.2603872341226971
2436,2578,0.5511875648726567
2437,2491,0.4275454372929349
2437,2504,0.3118961386500205
2437,2552,0.515037203473714
2437,2587,0.37681416452656125
2437,2592,0.5573825079275612
2437,2602,0.33723004190634087
2437,2604,0.6604998307198551
2437,2606,0.6746541088107619
2437,2876,0.6274651058190958
2439,2440,0.5730321536921343
2439,2441,0.4408281267820675
2439,2443,0.5198677606351717
2439,2460,0.2409197543160829
2439,2461,0.28228863704278
2439,2506,0.6828049338178721
2439,2510,0.4097658913319229
2439,2519,0.33127093998062873
2439,2542,0.23503513058143036
2439,2573,0.3314728181916538
2440,2441,0.34623295575262897
2440,2443,0.5479366967077853
2440,2458,0.5064718854067861
2440,2459,0.29682652628833894
2440,2461,0.434927590499427
2440,2506,0.671095412629747
2440,2536,0.34584742355398757
2441,2442,0.6571839854543544
2441,2443,0.5597912441573943
2441,2456,0.3234148829372418
2441,2494,0.2940934982360271
2441,2495,0.48572591803999077
2441,2506,0.23552212811897183
2441,2536,0.41750921782426764
2441,2537,0.36161252428995966
2441,2558,0.21090935081052706
2442,2443,0.43294693103618204
2442,2444,0.4837110419386309
2442,2456,0.43853182675975844
2442,2479,0.41040395256477846
2442,2485,0.3909418763891264
2442,2486,0.4870787609571767
2442,2494,0.4390943557551653
2442,2495,0.6560821757307825
2442,2509,0.46369460898933684
2442,2535,0.1346764250347437
2442,2536,0.46670801514517063
2442,2537,0.5397012982614371
2442,2541,0.4525693548755287
2442,2543,0.26018770323543505
2442,2544,0.29049601054579466
2442,2545,0.27681899536527527
2443,2458,0.4759675112521456
2443,2459,0.3256725149398533
2443,2485,0.3239547111075003
2443,2494,0.5001504257295585
2443,2495,0.6305394554926318
2443,2506,0.5755227114999375
2443,2536,0.6051863619379158
2443,2540,0.3965589766227528
2443,2558,0.3532081465759067
2444,2479,0.6468826414625587
2444,2485,0.233455534818104
2444,2486,0.8781340759788039
2444,2494,0.12481196738007207
2444,2495,0.22276179895320722
2444,2509,0.41601115552157286
2444,2535,0.5480054863623038
2444,2537,0.2595805414376278
2444,2541,0.670620366016076
2444,2543,0.6059687460805111
2444,2544,0.787039330718496
2444,2545,0.5903386282342553
2445,2446,0.3292009445805013
2445,2449,0.5420881531949152
2445,2493,0.3443556286113576
2445,2504,0.4465533613271894
2445,2586,0.4926292167084481
2446,2447,0.23977447468149343
2446,2483,0.301194785047382
2446,2491,0.6006632516638423
2446,2492,0.32657759889972693
2446,2493,0.4028090822899974
2446,2498,0.35400619386477283
2446,2516,0.2802764405235475
2446,2651,0.5649450223094864
2447,2501,0.2727219081467385
2447,2516,0.16436418538803668
2447,2524,0.5385328677164904
2447,2538,0.41735096128597166
2447,2651,0.44857642970813594
2449,2498,0.3710990721007174
2449,2554,0.41018955295605797
2449,2586,0.34706850021943475
2450,2475,0.3539751358909677
2450,2499,0.32146685556776217
2450,2520,0.29133424339926434
2450,2531,0.41440850890506
2450,2580,0.3293474870107717
2451,2452,0.6158618523916046
2451,2453,0.602087968351695
2451,2454,0.3423212301581359
2451,2455,0.3059491276902043
2451,2474,0.6620022876312965
2451,2499,0.41927728568633804
2451,2534,0.3821095137556865
2451,2546,0.3360892419877448
2451,2580,0.517244224506747
2451,2584,0.5132687507403306
2452,2453,0.7814208047988607
2452,2455,0.434368173419609
2453,2455,0.7129284712367825
2454,2462,0.46232301817738897
2454,2482,0.37539452445804145
2454,2499,0.5333254207801948
2454,2502,0.4277801308243015
2454,2512,0.3814395204263157
2454,2562,0.3825456209177456
2454,2569,0.5126897562400311
2455,2463,0.3837658566384572
2455,2473,0.3671120395373531
2455,2575,0.4456413830938043
2456,2457,0.8258728692946437
2456,2458,0.4084035405553387
2456,2485,0.5020474943053119
2456,2486,0.22821641505383047
2456,2494,0.6114025125968899
2456,2495,0.48148970992534207
2456,2509,0.4328274307025694
2456,2535,0.05548537172743697
2456,2536,0.7764190376827781
2456,2537,0.87213737933306
2456,2540,0.5694328284763743
2456,2541,0.3076149889799437
2456,2543,0.16581628740705587
2456,2544,0.15582435488438506
2456,2545,0.20307357489023334
2456,2558,0.24562717036888168
2456,2564,0.3566923085961284
2457,2458,0.3294930333551072
2457,2485,0.5682983332516857
2457,2488,0.35711379981353336
2457,2494,0.5167270266381373
2457,2495,0.418755048926932
2457,2509,0.411512838419705
2457,2536,0.5943041756420202
2457,2537,0.6325405460827763
2457,2539,0.23041892471979056
2457,2540,0.6324865272799657
2457,2545,0.2170175589267856
2457,2559,0.34703362690525436
2457,2564,0.41375916033895166
2458,2459,0.867253568519126
2458,2461,0.3792577925958479
2458,2494,0.4843370046077738
2458,2495,0.32471259749853093
2458,2506,0.546523048234554
2458,2536,0.6341358255324062
2458,2539,0.34056234965872395
2458,2540,0.5553335588479756
2458,2542,0.46053580336110606
2458,2558,0.5993357061282565
2458,2559,0.26105940535943617
2459,2461,0.34304279067242516
2459,2476,0.2970349846219952
2459,2494,0.38891656938171354
2459,2506,0.41386228255803204
2459,2536,0.435992403948344
2459,2539,0.3688020681517071
2459,2540,0.40486499323250413
2459,2542,0.5806298212939316
2459,2558,0.7494283668798918
2459,2559,0.26852978218584683
2459,2563,0.3041450811387085
2459,2564,0.2948149762329688
2459,2567,0.34006078024758146
2460,2476,0.5558848426009608
2460,2480,0.3459300027769896
2460,2489,0.5104492928783877
2460,2497,0.39393549903189806
2460,2503,0.28243538773390686
2460,2518,0.4603109195337324
2460,2519,0.7428786185378056
2460,2522,0.3948853041786683
2460,2532,0.35788678573811006
2460,2533,0.6268467788068279
2460,2539,0.47712227748943753
2460,2542,0.6069400501950667
2460,2558,0.3542796544239662
2460,2567,0.5019729353562677
2460,2573,0.6162652711152727
2460,2589,0.0586335670027407
2461,2506,0.431157463697698
2461,2518,0.28407482331719563
2461,2573,0.342017024355683
2462,2464,0.307295608926652
2462,2470,0.4796496457598956
2462,2475,0.3656037523649986
2462,2487,0.28466711216293017
2462,2499,0.4985875428040463
2462,2502,0.8370947995653225
2462,2512,0.8063010441227799
2462,2520,0.7541708798240887
2462,2525,0.571976022230645
2462,2528,0.2647062284861977
2462,2534,0.32290092621692157
2462,2538,0.18263500388279003
2462,2551,0.4495830794508906
2462,2555,0.3563019974827508
2462,2562,0.3485076689765687
2462,2569,0.4945612464079248
2462,2576,0.2911924668985045
2462,2581,0.3740552695102083
2463,2466,0.8023696958783947
2463,2467,0.8363905637342947
2463,2473,0.4453790771959373
2463,2511,0.42857103838756094
2463,2513,0.5310477069671259
2463,2556,0.45571968730568174
2463,2572,0.36767032881862344
2463,2575,0.6985754850329432
2464,2470,0.37869446811296453
2464,2499,0.30493744999996125
2464,2502,0.29596703966214044
2464,2520,0.38977701947893456
2464,2530,0.3114680085999401
2464,2576,0.4328107098017664
2465,2478,0.4162791545872343
2465,2504,0.32365570866514565
2465,2587,0.4984546403741106
2465,2588,0.43489901964110367
2465,2649,0.41965525119195124
2465,2814,0.6218913277801528
2466,2467,0.8340448122584629
2466,2469,0.32072828100694767
2466,2473,0.41541627030081485
2466,2474,0.2813560787588401
2466,2483,0.4582890559636833
2466,2511,0.44670432140045885
2466,2513,0.37711262343101887
2466,2546,0.3873059414761721
2466,2556,0.5997438245210186
2466,2570,0.31434577001628433
2466,2572,0.5218628886314084
2466,2575,0.5843906316576571
2467,2473,0.3396306836882842
2467,2511,0.7302391374265198
2467,2513,0.6104874468355279
2467,2526,0.2708134510200423
2467,2554,0.4297491882580924
2467,2556,0.3436679347140098
2467,2570,0.33807284454135805
2467,2572,0.5389855291245014
2467,2575,0.40968730466429476
2467,2582,0.2958703825809416
2468,2477,0.729454336716984
2468,2507,0.48032765062132327
2468,2514,0.7401087973134723
2468,2517,0.3786329109449328
2468,2529,0.35978419824893265
2468,2549,0.7685283729158089
2468,2560,0.49255844000971205
2468,2561,0.7129774870826383
2468,2577,0.36787944117144233
2468,2579,0.44662633191244866
2468,2583,0.571156201104603
2469,2471,0.49526952828131793
2469,2473,0.2709215144261324
2469,2483,0.6929808153694959
2469,2515,0.4736316808026413
2469,2516,0.5354297822823951
2469,2546,0.3873666128017984
2469,2556,0.24521459857289735
2469,2569,0.2536245730708124
2469,2572,0.41601617839569077
2469,2581,0.34116333981169134
2469,2584,0.21572601509081105
2469,2590,0.18719496422207185
2469,2600,0.14135308050393966
2470,2499,0.5134962729716656
2470,2502,0.366459617540424
2470,2512,0.35368119584304225
2470,2520,0.7486953436140773
2470,2525,0.48806204972993106
2470,2530,0.44938620579914057
2470,2534,0.38343500679952874
2470,2551,0.7054385646220518
2470,2553,0.3562049418772281
2470,2562,0.5535564912567822
2470,2576,0.6337152738574412
2471,2473,0.6409730117268471
2471,2483,0.5632861598690923
2471,2515,0.5436935426038282
2471,2516,0.4318648462198952
2471,2523,0.7600766328613737
2471,2525,0.3816567892025117
2471,2534,0.3395356385570413
2471,2538,0.1515442142776758
2471,2546,0.36203295503886446
2471,2556,0.39833720022476937
2471,2569,0.31393711868971336
2471,2572,0.24485093628143778
2471,2584,0.3881186819742083
2472,2478,0.4162650216243585
2472,2492,0.34848766811039417
2472,2511,0.36524902983417024
2472,2513,0.3781684665419345
2472,2554,0.49625501282080753
2472,2582,0.8046061814886792
2472,2586,0.5920360641661809
2472,2588,0.3854725762298306
2473,2483,0.4908117221846741
2473,2513,0.25891232715985385
2473,2523,0.6895219431162474
2473,2556,0.5552058725288808
2473,2572,0.30442398004012505
2473,2575,0.6615123804077851
2474,2531,0.3184946034257208
2474,2534,0.48272338242264745
2474,2546,0.7542912656184872
2474,2548,0.4412540078009068
2474,2556,0.6344394320660394
2474,2562,0.3901788372584118
2474,2569,0.3825387410376907
2474,2575,0.40484298952108244
2474,2580,0.8444041862044652
2474,2584,0.8111210568393149
2475,2502,0.454473106061021
2475,2512,0.6412189736113114
2475,2520,0.3983795194056743
2475,2531,0.42622682461668243
2475,2560,0.44670295297556
2475,2566,0.22583178939566823
2475,2578,0.4940753691751672
2475,2583,0.5718120607251213
2476,2480,0.48709701721140497
2476,2489,0.4760072490029149
2476,2497,0.8000491227060114
2476,2503,0.4389621853636879
2476,2518,0.3908600793018936
2476,2533,0.8370440672104139
2476,2539,0.6212110268001432
2476,2542,0.5448477274322572
2476,2558,0.30734234144301453
2476,2563,0.19255031405291376
2476,2567,0.7302682184770789
2476,2573,0.5175584221679217
2477,2481,0.21771239022284994
2477,2490,0.28364703572652566
2477,2507,0.4147088937451194
2477,2514,0.5391008405483235
2477,2517,0.3915463918179871
2477,2549,0.5005337389214106
2477,2560,0.40502711064740826
2477,2561,0.8059072425691245
2477,2577,0.37510961115729236
2477,2579,0.30841820638319883
2477,2583,0.41929418134210567
2478,2547,0.25162176746279286
2478,2571,0.23058503839689812
2478,2586,0.45807800544584376
2478,2588,0.9248247156686954
2478,2646,0.26190327528689095
2478,2649,0.6486018146663456
2478,2814,0.740648883170004
2479,2485,0.4906723923678404
2479,2486,0.8170929140697669
2479,2494,0.21922794263812367
2479,2495,0.27538275150483055
2479,2509,0.6097608692271316
2479,2535,0.37071779151262435
2479,2537,0.36980321179669295
2479,2541,0.9719370936072561
2479,2543,0.6239794679665083
2479,2544,0.7194951414750468
2479,2545,0.6539777441963008
2480,2488,0.4616730541777209
2480,2489,0.8368324631470807
2480,2497,0.3807911450998722
2480,2503,0.316431693268883
2480,2527,0.241656366906394
2480,2532,0.3735069625073347
2480,2533,0.4266037400543489
2480,2539,0.3594786366023883
2480,2542,0.590225523603517
2480,2558,0.5818244545972001
2480,2559,0.19558681617724083
2480,2563,0.48169279733616605
2480,2564,0.5053613701581944
2480,2567,0.6830863411947091
2481,2490,0.8796283774867548
2481,2508,0.5523906251975519
2481,2529,0.44017101786103613
2481,2561,0.3553657325416656
2481,2566,0.9094587063785666
2481,2579,0.5847186020212284
2481,2583,0.46716582319629346
2482,2499,0.22716093988655092
2482,2502,0.2624916278676472
2482,2555,0.332986176056814
2482,2562,0.24768689083439374
2482,2576,0.3260126393896408
2483,2496,0.45243115775533704
2483,2498,0.4045826475063606
2483,2500,0.36573032265156635
2483,2515,0.4298727385812969
2483,2516,0.7237592933020364
2483,2523,0.3489599091552025
2483,2534,0.2618902571258903
2483,2546,0.4295253272178305
2483,2550,0.38971993672173033
2483,2556,0.47173829374911547
2483,2569,0.29754211186608254
2483,2570,0.3067203774864361
2483,2572,0.35664892920171015
2483,2584,0.2880058114106449
2483,2600,0.0854435779195431
2484,2505,0.3147732550870409
2484,2507,0.2822988860480981
2484,2508,0.26457854064823244
2484,2517,0.2882478691133939
2484,2521,0.7891968599643685
2484,2529,0.23527251578741196
2484,2557,0.29842904144367677
2484,2565,0.4265733792270161
2484,2577,0.38255109925134084
2484,2589,0.2780239973137198
2484,2599,0.6269574579791143
2484,2605,0.25408773331254075
2485,2486,0.3012579658572118
2485,2488,0.5367364452854189
2485,2494,0.7681151224647018
2485,2495,0.6530965161384493
2485,2509,0.5203571485230936
2485,2527,0.2802836458465013
2485,2535,0.06768157417019877
2485,2536,0.54153678100326
2485,2537,0.41737841090606315
2485,2540,0.7930675491157843
2485,2541,0.4420873283559857
2485,2543,0.15871542524332907
2485,2544,0.22533243200365802
2485,2559,0.5333301417820607
2486,2495,0.2449277362120634
2486,2509,0.6277967174433923
2486,2535,0.5082679402199389
2486,2537,0.40543506157437315
2486,2541,0.8747027008591933
2486,2543,0.7118647955493401
2486,2544,0.8433111457109184
2486,2545,0.7683301891624562
2487,2502,0.4851569393992477
2487,2512,0.35377049283769485
2487,2528,0.9406350519315347
2487,2551,0.24126173739358298
2487,2555,0.9175458798704317
2487,2560,0.41278584441977545
2487,2565,0.7423894218395481
2487,2568,0.39429335491124734
2487,2576,0.3200549638297469
2487,2578,0.28368094465594024
2488,2489,0.302643650610089
2488,2494,0.5984785719032637
2488,2495,0.5003196475361569
2488,2509,0.38194563046527774
2488,2527,0.5273484931624537
2488,2536,0.3660061708666991
2488,2537,0.2655919256742277
2488,2540,0.4754370586572387
2488,2542,0.25987072112836357
2488,2558,0.42420995684717494
2488,2559,0.502985766373824
2488,2563,0.7226903549491378
2488,2564,0.8150298466897399
2489,2497,0.36787944117144233
2489,2527,0.18118026983781318
2489,2532,0.5943763210219722
2489,2533,0.5484789043176519
2489,2539,0.41367568954007866
2489,2542,0.6565302152610804
2489,2558,0.5105304273221942
2489,2563,0.26118430987659413
2489,2564,0.3728831365808492
2489,2567,0.7369246462052254
2489,2573,0.5724058767512277
2490,2508,0.4363654423590036
2490,2529,0.40102726456101206
2490,2561,0.4558387873163679
2490,2566,0.8334180656870955
2490,2579,0.422289761191759
2490,2583,0.38568191877061775
2491,2492,0.6353856513491121
2491,2493,0.6411465346756938
2491,2498,0.2815865781035626
2491,2500,0.4819935021515793
2491,2504,0.4108620349735085
2491,2552,0.6222797714274362
2491,2590,0.34726228939829634
2491,2592,0.3577165926026311
2491,2651,0.4265106622524715
2492,2493,0.7926438694073996
2492,2500,0.29466780614934956
2492,2504,0.36753600248347224
2492,2552,0.49143660484165164
2492,2586,0.6380528995796024
2493,2504,0.35728535178845533
2493,2552,0.3507180841195875
2493,2586,0.5033889770085724
2493,2587,0.416509990916541
2494,2495,0.8445683491892988
2494,2509,0.4114326305358339
2494,2527,0.23813555069969586
2494,2536,0.8459617111477262
2494,2537,0.48071459364872143
2494,2540,0.7968793593858077
2494,2558,0.4688376532188834
2494,2559,0.35841870983427443
2494,2563,0.3124171582956302
2494,2564,0.42023645929402004
2495,2509,0.47712012403539433
2495,2527,0.3314236462225183
2495,2536,0.7119248329167661
2495,2537,0.43286723418789497
2495,2540,0.5458229820092065
2495,2541,0.26645486307305183
2495,2558,0.38851037270285416
2496,2498,0.47463250961592274
2496,2500,0.4305105398688243
2496,2501,0.5690233775444677
2496,2516,0.5619617270378792
2496,2523,0.45240395389643434
2496,2525,0.3774928657097155
2496,2534,0.4088970876877462
2496,2550,0.37068221626559755
2496,2553,0.48873513830035925
2496,2585,0.3545525273232868
2497,2503,0.7211422612977003
2497,2518,0.4069238534908043
2497,2533,0.7167394644518663
2497,2539,0.4938483165124895
2497,2567,0.4766786638768998
2497,2573,0.37171425656884527
2498,2500,0.7514131042319415
2498,2501,0.40228485741391845
2498,2526,0.40525062020178076
2498,2550,0.45651672694639983
2498,2552,0.24993480564765339
2498,2570,0.48724648448374286
2499,2502,0.3499593600309963
2499,2520,0.5049794346256685
2499,2530,0.3446924390663956
2499,2531,0.33859871314784296
2499,2534,0.4476530427405395
2499,2562,0.8749053406289141
2499,2569,0.4372448289127597
2499,2576,0.360330955697897
2499,2580,0.3747662465785222
2499,2584,0.3670943281679606
2500,2501,0.6457035090756477
2500,2515,0.24474256538917377
2500,2516,0.33619575230747883
2500,2550,0.3540901049356244
2500,2552,0.39615632372652043
2500,2553,0.35876147501039635
2500,2568,0.3082051099308841
2500,2570,0.34307834662105
2501,2515,0.42517815318850616
2501,2516,0.5034632457827857
2501,2524,0.29568452114008026
2501,2525,0.4154914789883814
2501,2538,0.22625572783090372
2501,2550,0.42201782080217365
2501,2551,0.2578358115226642
2501,2553,0.708899635521288
2501,2568,0.5697135005817422
2501,2585,0.6538776466409028
2502,2512,0.8068062107460388
2502,2520,0.6202976269502298
2502,2528,0.4538442128476827
2502,2538,0.21763546617682433
2502,2551,0.31136178446691926
2502,2555,0.5679796381336616
2502,2560,0.4148841576342437
2502,2576,0.34309171803043664
2502,2578,0.5509615235061552
2503,2518,0.33501038525656107
2503,2522,0.4277275522093997
2503,2529,0.2706891653016169
2503,2532,0.3430937512793322
2503,2533,0.4755975772854092
2503,2567,0.30132601128379105
2503,2605,0.1274470011577297
2504,2552,0.6312775694154168
2504,2586,0.4376997511262055
2504,2587,0.27144333188463077
2504,2604,0.3487636332897615
2504,2606,0.21648240125129947
2504,2814,0.47876027096720425
2505,2507,0.43043746243489195
2505,2510,0.4712190956578072
2505,2518,0.4080479869563741
2505,2519,0.6669838100442883
2505,2521,0.5114222920918301
2505,2522,0.4193021258636895
2505,2532,0.37315547512365665
2505,2557,0.3875000415220677
2505,2574,0.5298492779055849
2505,2589,0.1530741052774894
2505,2599,0.30642458769849423
2505,2605,0.10848389171322324
2506,2510,0.3393208677854204
2506,2542,0.40901986252590794
2506,2558,0.37271676995144903
2506,2573,0.46734498791877027
2507,2508,0.34156522969202846
2507,2514,0.3574273611632299
2507,2517,0.5063128227265443
2507,2521,0.32632832487210656
2507,2522,0.3495393631695422
2507,2529,0.5510480859512792
2507,2549,0.774913367648285
2507,2557,0.540843325494358
2507,2561,0.3600088346372593
2507,2577,0.6174461867937018
2508,2514,0.3700931508358131
2508,2517,0.6123495699892111
2508,2528,0.3442648550016099
2508,2529,0.8026462411261328
2508,2557,0.37760437376294576
2508,2560,0.286188647482084
2508,2565,0.48083882882350887
2508,2566,0.4756819385014495
2508,2577,0.6643104650297381
2508,2579,0.7825908167101376
2508,2599,0.19900982984136836
2508,2605,0.0730399363411049
2509,2527,0.44928200721133477
2509,2535,0.12599418715466404
2509,2536,0.28804653411360276
2509,2537,0.5895809747097457
2509,2541,0.6352392125965736
2509,2543,0.2721247405472612
2509,2544,0.37143880956660047
2509,2545,0.3613402111054299
2510,2518,0.41174963574600687
2510,2519,0.4845200573248336
2510,2532,0.5703789953325185
2510,2533,0.35201097220162186
2510,2567,0.43381160987142725
2510,2574,0.5775012306901828
2511,2513,0.6186093020763056
2511,2526,0.33873013028572446
2511,2554,0.7434995049791164
2511,2570,0.49483199927549704
2511,2572,0.5258439760375414
2511,2582,0.514548641768796
2512,2520,0.645724957110105
2512,2525,0.37137149375613676
2512,2528,0.35994075221456345
2512,2538,0.27165510491767236
2512,2555,0.37122334959158537
2512,2560,0.316622636895386
2512,2569,0.32753673830935826
2512,2578,0.43028807173802874
2513,2554,0.49308255028855413
2513,2572,0.5491683487296423
2513,2575,0.24981269539839454
2513,2582,0.6296350738109304
2514,2517,0.5765037980582176
2514,2529,0.35217481177731175
2514,2549,0.5185274521742814
2514,2560,0.6554461695978658
2514,2561,0.5373725594917181
2514,2565,0.2199950182391365
2514,2577,0.49579220099006516
2514,2578,0.6363722852629469
2514,2579,0.6175229574697492
2514,2583,0.5767240468633902
2515,2516,0.5331365279575677
2515,2523,0.30736958228065275
2515,2525,0.7657299477337783
2515,2534,0.40763795930510743
2515,2546,0.4073721995082789
2515,2550,0.3182966738612689
2515,2551,0.4100814880838571
2515,2553,0.5471103030573728
2515,2568,0.262604511968125
2515,2569,0.4758033869420799
2515,2581,0.7027170343033755
2515,2584,0.38542868174543493
2515,2585,0.5217933814045272
2516,2525,0.41414155163674654
2516,2534,0.3091766910630685
2516,2550,0.3156703106312889
2516,2553,0.3904961744365342
2516,2568,0.22595304835920907
2516,2569,0.5305339511636187
2516,2581,0.4317877609721506
2516,2585,0.4287936215630653
2516,2600,0.0933631018739488
2517,2521,0.19207476712061727
2517,2528,0.23830559144002914
2517,2529,0.5193208309053436
2517,2549,0.35221922617704027
2517,2560,0.4086724857365069
2517,2565,0.4072517601013154
2517,2577,0.9649296647655947
2517,2578,0.37063743633446405
2517,2579,0.5464453708450422
2518,2519,0.47850253602385945
2518,2522,0.6061885921122295
2518,2532,0.38948839039794364
2518,2533,0.6326669438093504
2518,2557,0.5518310952245038
2518,2567,0.33807710300302657
2518,2573,0.40605158345868886
2518,2574,0.8393100285454492
2519,2521,0.26921630248963396
2519,2522,0.48309780854699547
2519,2532,0.42451660168442357
2519,2533,0.3827631326302181
2519,2567,0.2905487982336311
2519,2574,0.421815120247707
2519,2589,0.14255643346420588
2519,2599,0.23339178222706128
2519,2605,0.10316557439275119
2520,2525,0.41755984033016424
2520,2551,0.43473301811644716
2520,2562,0.37350284186711763
2520,2576,0.39309720947546445
2521,2529,0.22985900154842215
2521,2557,0.36155331758104625
2521,2565,0.33964353802158914
2521,2577,0.280345408254362
2521,2589,0.41435650998662055
2521,2599,0.7478115362482011
2521,2605,0.2917326269519076
2522,2529,0.4291080360042372
2522,2533,0.3277094173822575
2522,2549,0.38283773354123607
2522,2557,0.5013918469656082
2522,2574,0.41483590983070523
2522,2589,0.07715956861065129
2522,2599,0.19475025556565756
2523,2525,0.3094356625215131
2523,2534,0.32628556165213796
2523,2538,0.2157837117194053
2523,2556,0.2806732872106576
2523,2584,0.2571433621048219
2524,2568,0.45138894493174647
2524,2590,0.4023139780932076
2524,2592,0.4493691416170292
2524,2600,0.34953630202379715
2524,2651,0.39816283218040527
2525,2534,0.6454391896199951
2525,2538,0.12238540593780439
2525,2546,0.3352130165399909
2525,2550,0.26630109870580343
2525,2551,0.7404476583597316
2525,2553,0.6274989027896495
2525,2568,0.22272427312000337
2525,2569,0.5863019511876069
2525,2581,0.6768520063350867
2525,2584,0.4609675749405903
2525,2585,0.5805054678152793
2526,2548,0.3067833555795234
2526,2550,0.4850544873745947
2526,2554,0.35121126730590496
2527,2540,0.1416754459628176
2527,2542,0.08371114598785755
2527,2558,0.15079815885290887
2527,2563,0.406714583827466
2527,2564,0.4191096231661103
2528,2538,0.26021336844667503
2528,2555,0.7619021717035329
2528,2560,0.32547766982429094
2528,2565,0.7063993431587886
2528,2568,0.41248576912988305
2528,2578,0.2546342966847562
2528,2579,0.3071006943352541
2529,2549,0.43374791442092775
2529,2557,0.5709525416525123
2529,2561,0.3341063497914794
2529,2565,0.29546886095474256
2529,2566,0.3016521483403984
2529,2577,0.6291603627499501
2529,2579,0.7182479643285601
2529,2599,0.2177476392908272
2529,2605,0.0702561307925308
2530,2534,0.48455245349447174
2530,2548,0.5765827523673259
2530,2562,0.34829206255450124
2531,2546,0.33793631265527424
2531,2551,0.26921849463326747
2531,2562,0.42174694275428815
2531,2569,0.36571753660499945
2531,2580,0.49551566310466166
2531,2581,0.41097439046325146
2531,2584,0.38288751332960913
2532,2533,0.4690626648904044
2532,2567,0.4626878418803733
2532,2573,0.35176406470086763
2532,2574,0.37299003680878784
2532,2599,0.29588242133929454
2533,2539,0.45897889409404574
2533,2542,0.4426244409442136
2533,2567,0.781207849850313
2533,2573,0.5973169268652123
2533,2574,0.396352510852091
2534,2546,0.45516713890829336
2534,2548,0.40205919875173657
2534,2550,0.26571245652921865
2534,2551,0.3809367467610115
2534,2553,0.4122067070836081
2534,2556,0.40534173508762694
2534,2562,0.44606684263251284
2534,2569,0.5142001572498285
2534,2580,0.5392167005953721
2534,2581,0.35394527158667854
2534,2584,0.6857992439883176
2534,2585,0.3229108257557456
2535,2537,0.1190303382415507
2535,2541,0.392894015980531
2535,2543,0.7963150494785926
2535,2544,0.7242452105752519
2535,2545,0.7067456570369618
2536,2537,0.5777699370416916
2536,2540,0.7046102628254913
2536,2542,0.27816214624874336
2536,2558,0.47505019775661145
2536,2559,0.2312219194550229
2536,2564,0.3267239976383614
2537,2540,0.35568665121579807
2537,2541,0.4464425911194986
2537,2543,0.295986481182236
2537,2544,0.28877927873588477
2537,2545,0.36496393193466176
2537,2564,0.2911519798348143
2538,2568,0.41978393804669756
2539,2542,0.6546686540938956
2539,2558,0.38891234800598157
2539,2563,0.2698341647400735
2539,2564,0.4091549331946932
2539,2567,0.42627841896467394
2539,2573,0.7230742195364839
2540,2558,0.3491927880515909
2540,2559,0.5054333944640692
2540,2563,0.2968641678451501
2540,2564,0.38106002613317136
2541,2543,0.6942547908562964
2541,2544,0.7657953518131816
2541,2545,0.7397183905991668
2542,2558,0.8104123086752529
2542,2563,0.25626692056087325
2542,2564,0.3867083264032028
2542,2567,0.6361358737162239
2542,2573,0.6564550803190169
2543,2544,0.8680001893134125
2543,2545,0.9602355524515824
2544,2545,0.8380945396269778
2546,2548,0.3536337481945846
2546,2556,0.6706950560131961
2546,2569,0.5198019915554675
2546,2575,0.38507016781379844
2546,2580,0.717100660343104
2546,2581,0.4963729081997898
2546,2584,0.8108653790913205
2547,2571,0.808247697835957
2547,2588,0.26719520527442664
2547,2649,0.2171663115394635
2547,2814,0.24183729951211014
2548,2550,0.4414595414122989
2548,2556,0.35226965594160586
2548,2562,0.3892368579538247
2548,2580,0.31771163486739223
2548,2584,0.31855816960366246
2549,2557,0.43145644594015004
2549,2561,0.5293818849137172
2549,2577,0.3969979155708902
2549,2579,0.3408874614948224
2550,2553,0.6877496752367633
2550,2585,0.5969997396937438
2550,2600,0.13488201695327176
2551,2553,0.580321895843467
2551,2555,0.34407655426059214
2551,2562,0.42487581469646385
2551,2568,0.15768808104116885
2551,2576,0.47009833741831525
2551,2581,0.5317316742855723
2551,2585,0.6106285446896519
2552,2570,0.2646984281966488
2553,2568,0.30807287422075064
2553,2569,0.2627875490263429
2553,2581,0.3822554425729034
2553,2585,0.9011998086108781
2554,2570,0.3705598099844591
2554,2582,0.5683051090893997
2555,2560,0.47186404503814977
2555,2565,0.5921155233399175
2555,2568,0.32331076445399365
2555,2576,0.48368386360396065
2555,2578,0.3203613646606532
2556,2572,0.20683345103565134
2556,2575,0.6437818113556377
2556,2580,0.4336936615502217
2556,2584,0.5603533910428014
2557,2574,0.49806422457406446
2557,2577,0.29637964659830174
2557,2599,0.28793512581848274
2558,2559,0.18988563963969438
2558,2563,0.3574626014525181
2558,2564,0.44719995854630434
2558,2567,0.4395292097162141
2559,2563,0.6447222981991387
2559,2564,0.4722653322146581
2560,2565,0.266791172541483
2560,2576,0.32021647836416056
2560,2578,0.7356897447424138
2560,2579,0.3660587970002319
2560,2583,0.5129300193504746
2561,2566,0.30268668982401464
2561,2579,0.4037581080204983
2561,2583,0.560025966807319
2562,2569,0.4060287803979408
2562,2576,0.43497492911597474
2562,2580,0.4179655423466261
2562,2584,0.3983832464591447
2562,2585,0.30949183264246755
2563,2564,0.8167592732389513
2565,2577,0.42422526207254785
2565,2579,0.3369544815332333
2565,2589,0.1576031111042299
2565,2599,0.3580399779158212
2565,2605,0.18087796737637746
2566,2579,0.42814348207863206
2566,2583,0.4357796717676456
2567,2573,0.5656819160304181
2568,2581,0.2051303953096781
2568,2585,0.3485716354481362
2568,2590,0.2662463446215721
2569,2580,0.5182219890347285
2569,2581,0.7311847304955007
2569,2584,0.6613132395247171
2569,2585,0.3227154653394496
2570,2572,0.6549423291202705
2571,2588,0.25845553588640563
2575,2584,0.3087972601754206
2577,2579,0.5406943348921369
2577,2589,0.04906184299865864
2577,2599,0.1739763075077281
2577,2605,0.05742784083810361
2578,2583,0.42469632784119987
2579,2583,0.546139803270059
2580,2581,0.38271158271143213
2580,2584,0.9276611607713136
2581,2584,0.4862414950998495
2581,2585,0.49517936521351746
2582,2586,0.31726084786983055
2585,2600,0.10595362176348305
2586,2588,0.4117414570991915
2586,2814,0.29789684654998233
2587,2602,0.28675564400547954
2587,2604,0.6003112762241802
2587,2606,0.3693794215324044
2587,2814,0.27589682864106263
2587,2876,0.4797263123599208
2588,2649,0.5974243963418862
2588,2814,0.6120503196819425
2589,2599,0.5240465291731458
2589,2605,0.7395818844259167
2590,2592,0.5922598397434038
2590,2602,0.30676450025624413
2590,2604,0.3383933770480036
2590,2651,0.3642243128472164
2591,2596,0.9606549507055578
2591,2598,0.27676181054599136
2591,2601,0.7415939571166545
2591,2607,0.910008983787982
2591,2648,0.1432424480251892
2592,2602,0.27752120198633756
2592,2604,0.4806615528093857
2592,2606,0.34122486747222447
2592,2651,0.5728764166483395
2592,2876,0.34054812074044727
2595,2648,0.4038608069200561
2595,2652,0.40044242461079543
2596,2598,0.24834684624999254
2596,2601,0.7821643442891388
2596,2607,0.923190404349876
2597,2648,0.3858688613837071
2597,2881,0.4831585763554095
2597,3013,0.2881918515445758
2598,2601,0.4325084084468353
2598,2607,0.33279608951212886
2599,2605,0.5807569638065511
2600,2651,0.2846143149727071
2601,2607,0.7139200989477394
2602,2604,0.4198048653714
2602,2606,0.44324760626003873
2602,2876,0.48374458499328293
2604,2606,0.8199377281473083
2604,2876,0.7396518872230327
2606,2876,0.8180546502937526
2606,2881,0.24846814986351273
2619,2647,0.3363147635146138
2619,2884,0.30810665297406836
2620,2621,0.41522812703391093
2620,2809,0.8136325706763106
2621,2809,0.3824166426914871
2644,2649,0.3886830476775114
2644,2808,0.38867111621947426
2644,3013,0.6353604107039527
2646,2649,0.19896603641473462
2648,3013,0.31219820517772745
2649,2814,0.6302006415935665
2649,3013,0.5233414281602415
2710,2883,0.6852601252336858
2710,2884,0.5742209150456782
2809,2885,0.20721252317376262
2813,3007,0.36636082262712377
2876,2881,0.28239702018343477
2879,2882,0.40215347796925854
2883,2884,0.4271734338860813
